,15_total_duration,15_walk_to,15_walk_from,15_total_changes,18_total_duration,18_walk_to,18_walk_from,18_total_changes,21_total_duration,21_walk_to,21_walk_from,21_total_changes,car_duration,foot_duration,distance_start_centroid,distance_start_cinema,average duration,15_speed,18_speed,21_speed,average speed,average duration difference to car,15_trip_duration,15_transit_dur,15_walk_share,18_trip_duration,18_transit_dur,18_walk_share,21_trip_duration,21_transit_dur,21_walk_share,average transit duration,average walk share,population,cinemas,population aggr,population density,transit departures,transit stops,osm_cinemas,average changes,area,start_location,15 fastest mode,18 fastest mode,21 fastest mode,15 transit is fastest,18 transit is fastest,21 transit is fastest,15 min cinema dur,15 most accessible cinema,18 min cinema dur,18 most accessible cinema,21 min cinema dur,21 most accessible cinema,15 max cinema dur,15 least accessible cinema,18 max cinema dur,18 least accessible cinema,21 max cinema dur,21 least accessible cinema
0,1026.52,98.0,148.52,0.4,1002.9799999999999,98.0,136.98,0.6,1036.42,155.9,148.52,0.4,397.3,1204.06,1659.1551749218802,1443.8185361581477,3065.92,1.3846901073062161,1.4230581520529144,1.482205492383604,1.4299845839142449,2668.62,1001.72,780.0,26.151602155653347,989.72,768.0,25.908808216717546,977.1600000000001,732.0,31.926331084734926,2280.0,83.98674145710582,7344.8,5.0,252136.0,1567.52,83796.0,414.0,5.0,1.4,Aachen,POINT (6.08836505650297 50.762223831835016),transit,transit,transit,80.0,80.0,60.0,748.0,Cineplex Aachen,688.0,Cineplex Aachen,688.0,Cineplex Aachen,1373.8,Apollo Kino,1373.8,Apollo Kino,2023.3,Apollo Kino
0,907.1,335.24000000000007,127.85999999999999,1.2,828.4200000000001,280.56000000000006,127.85999999999999,0.6,741.14,241.28000000000003,127.85999999999999,0.0,397.0,1205.7,1493.51027631707,1319.0337989576922,2476.6600000000003,1.4626675094460682,1.5761957731870915,1.7761069042342648,1.6049900622891413,2079.66,907.1,444.0,50.64290476914112,828.4200000000001,420.0,48.61923269447938,741.14,372.0,49.61958549653192,1236.0,148.88172296015242,6858.0,5.0,252136.0,1567.52,83796.0,414.0,5.0,1.8,Aachen,POINT (6.1014451 50.770694450000015),transit,transit,transit,100.0,100.0,100.0,761.2,Cineplex Aachen,712.5,Eden Palast,592.5,Eden Palast,1105.9,Eden Palast,1000.4,Apollo Kino,1017.4,Apollo Kino
0,983.4799999999999,351.62000000000006,127.85999999999999,1.2,903.74,295.88000000000005,127.85999999999999,0.6,809.3799999999999,237.51999999999998,127.85999999999999,0.4,344.8,1399.6799999999998,1409.76853346326,1543.824963831832,2696.6,1.5808644786026842,1.6995517084027358,1.9103275848398802,1.7302479239484334,2351.8,983.4799999999999,504.0,48.335906802640366,903.74,480.0,46.24921509103091,809.3799999999999,444.0,45.356059483910414,1428.0,139.94118137758167,9703.8,5.0,252136.0,1567.52,83796.0,414.0,5.0,2.2,Aachen,POINT (6.104966414083623 50.77082564432684),transit,transit,transit,100.0,100.0,100.0,834.4,Cineplex Aachen,785.7,Eden Palast,665.7,Eden Palast,1184.4,Eden Palast,1078.9,Apollo Kino,1065.8,Apollo Kino
0,1193.7,225.84,127.85999999999999,1.2,1133.7,225.84,127.85999999999999,1.6,1085.7,225.84,127.85999999999999,0.8,425.0,1413.3200000000002,3350.75704478432,1490.7731583868801,3413.1,1.5681532362572024,1.5822264634832794,1.5970784220368024,1.582486040592428,2988.1000000000004,946.6200000000001,840.0,35.13277361642106,946.6200000000001,780.0,35.65028279165071,946.6200000000001,732.0,36.196427943584055,2352.0,106.97948435165581,3355.2,5.0,252136.0,1567.52,83796.0,414.0,5.0,3.6,Aachen,POINT (6.0933840986466485 50.786702836388514),transit,transit,transit,60.0,60.0,60.0,804.2,Cineplex Aachen,804.2,Cineplex Aachen,804.2,Cineplex Aachen,2231.9,Capitol,1931.9,Capitol,1691.9,Capitol
0,846.46,118.6,127.85999999999999,0.2,846.46,118.6,127.85999999999999,0.2,711.1200000000001,118.6,148.52,0.4,451.87999999999994,1472.2199999999998,3701.4032004605097,1805.847881028804,2404.04,2.311031222475838,2.311031222475838,2.654180261505636,2.4254142354857713,1952.1599999999999,846.46,600.0,30.074107936304934,846.46,600.0,30.074107936304934,711.1200000000001,444.0,36.950614134991596,1644.0,97.09883000760146,5951.8,5.0,252136.0,1567.52,83796.0,414.0,5.0,0.8,Aachen,POINT (6.061559520674831 50.76946160374323),transit,transit,transit,100.0,100.0,100.0,526.0,Eden Palast,526.0,Eden Palast,574.7,Cineplex Aachen,1224.2,Capitol,1224.2,Capitol,1030.0,Apollo Kino
0,889.2800000000001,212.3,124.97999999999999,2.0,889.2800000000001,212.3,124.97999999999999,2.0,874.8799999999999,173.9,124.97999999999999,1.6,437.6,1500.9,1840.35522142099,1805.6013666433123,2653.4399999999996,2.058035501152859,2.058035501152859,2.128493751308153,2.081521584537957,2215.84,889.2800000000001,552.0,38.04318799657898,889.2800000000001,552.0,38.04318799657898,874.8799999999999,576.0,34.681836766629324,1680.0,110.76821275978727,10903.0,5.0,252136.0,1567.52,83796.0,414.0,5.0,5.6,Aachen,POINT (6.1096086397654314 50.77530568215149),transit,transit,transit,100.0,100.0,100.0,731.8,Capitol,731.8,Capitol,633.4,Capitol,989.0,Cineplex Aachen,989.0,Cineplex Aachen,1010.6,Cineplex Aachen
0,992.4799999999999,264.62,127.85999999999999,1.2,992.4799999999999,264.62,127.85999999999999,1.2,842.24,232.38000000000002,141.85999999999999,0.2,426.26000000000005,1709.98,1200.853590118,2033.5921321953217,2827.2,2.0612571755017286,2.0612571755017286,2.450215935199352,2.1909100954009366,2400.94,992.4799999999999,600.0,39.58442062419063,992.4799999999999,600.0,39.58442062419063,842.24,468.0,44.697319517337704,1668.0,123.86616076571894,3790.6,5.0,252136.0,1567.52,83796.0,414.0,5.0,2.6,Aachen,POINT (6.111796039414862 50.769584763632345),transit,transit,transit,100.0,100.0,100.0,877.9,Cineplex Aachen,877.9,Cineplex Aachen,649.2,Eden Palast,1170.4,Eden Palast,1170.4,Eden Palast,1134.9,Apollo Kino
0,446.16,106.04,124.11999999999998,0.2,410.16,106.04,124.11999999999998,0.0,410.16,106.04,124.11999999999998,0.0,430.98,615.5,3206.28148572816,718.1307507007654,1266.48,1.5057153735887379,1.6307301569193284,1.6307301569193284,1.5890585624757982,835.5,424.4,216.0,55.68453847660752,388.4,180.0,58.390899940136705,388.4,180.0,58.390899940136705,576.0,172.46633835688093,8540.2,5.0,252136.0,1567.52,83796.0,414.0,5.0,0.2,Aachen,POINT (6.080156316240895 50.77981526669621),transit,transit,transit,80.0,80.0,80.0,239.6,Apollo Kino,239.6,Apollo Kino,239.6,Apollo Kino,647.9,Eden Palast,519.3,,519.3,
0,1441.54,140.56,124.97999999999999,2.8,1441.54,140.56,124.97999999999999,2.8,1580.4399999999998,460.8,123.63999999999999,2.0,696.04,3064.0799999999995,1269.50357537479,3427.289923547024,4463.5199999999995,2.387344210912751,2.387344210912751,2.1973972503803623,2.324028557401955,3767.4799999999996,1441.54,1176.0,18.047185604750034,1441.54,1176.0,18.047185604750034,1580.4399999999998,996.0,37.1475151274481,3348.0,73.24188633694817,9214.2,5.0,252136.0,1567.52,83796.0,414.0,5.0,7.6,Aachen,POINT (6.12853745536601 50.76194999781503),transit,transit,transit,100.0,100.0,100.0,1240.0,Capitol,1240.0,Capitol,1340.3,Capitol,1556.6,Apollo Kino,1556.6,Apollo Kino,1710.8,Cineplex Aachen
0,747.1999999999999,310.46999999999997,142.73,0.0,689.3599999999999,292.35,133.01,0.0,708.9399999999999,310.46999999999997,152.46999999999997,0.1,227.47999999999996,645.22,1961.0126499851299,711.1426868042857,2145.4999999999995,0.960856073461307,0.9953378778979264,1.0156892297567797,0.990627727038671,1918.0199999999998,519.8399999999999,294.0,61.26127654126515,519.8399999999999,264.0,61.90791863457646,516.0999999999999,246.0,66.6845756265653,804.0,189.85377080240696,9427.2,5.0,252136.0,1567.52,83796.0,414.0,5.0,0.1,Aachen,POINT (6.088960003258174 50.76932624778633),foot,foot,foot,40.0,40.0,40.0,532.3,Cineplex Aachen,483.6,Eden Palast,472.3,Cineplex Aachen,1126.0,Eden Palast,884.4,Cineplex Aachen,1006.0,Eden Palast
0,1454.82,752.84,221.97999999999996,1.2,1343.9,666.6600000000001,221.23999999999995,0.6,1142.78,541.4,193.38,0.2,384.12,1370.02,1091.73587068011,1548.675529025494,3941.5,1.1332723649878562,1.1819800516576442,1.3941415613534849,1.2364646593329949,3557.38,1247.02,480.0,62.72931528033691,1247.02,455.9999999999999,62.238647463326814,1118.02,408.0,61.525099407978395,1344.0,186.49306215164214,8787.6,5.0,252136.0,1567.52,83796.0,414.0,5.0,2.0,Aachen,POINT (6.098269014119272 50.76413792726984),foot,foot,transit,40.0,40.0,60.0,822.2,,822.2,,702.2,,1943.7,Eden Palast,1696.6,Apollo Kino,1384.4,Apollo Kino
0,1240.2,383.41999999999996,172.77999999999997,1.6,1240.2,383.41999999999996,172.77999999999997,1.6,1218.36,368.85999999999996,201.49999999999997,1.4,479.26000000000005,1822.1200000000001,2071.79557456377,2090.7448233108817,3698.7600000000007,1.7028941491152298,1.7028941491152298,1.7510702327581111,1.7189528436628567,3219.5,1240.2,684.0,45.15932518530975,1240.2,684.0,45.15932518530975,1218.36,648.0,46.90978538842436,2016.0,137.22843575904386,8645.6,5.0,252136.0,1567.52,83796.0,414.0,5.0,4.6,Aachen,POINT (6.113471304389375 50.77736516966598),transit,transit,transit,100.0,100.0,100.0,1101.2,,1101.2,,1015.9,Capitol,1419.8,Cineplex Aachen,1419.8,Cineplex Aachen,1444.3,Cineplex Aachen
0,1000.82,259.62,129.2,0.6,1000.82,259.62,129.2,0.6,952.4799999999999,244.52000000000004,167.95999999999998,0.4,441.2,1828.6600000000003,1212.91914580135,2181.775464353332,2954.12,2.1836479817726184,2.1836479817726184,2.3543085329622877,2.240534832169175,2512.92,1000.82,612.0,38.94109446927351,1000.82,612.0,38.94109446927351,952.4799999999999,540.0,44.75452763930478,1764.0,122.6367165778518,3915.6,5.0,252136.0,1567.52,83796.0,414.0,5.0,1.6,Aachen,POINT (6.114001714186389 50.769557996954155),transit,transit,transit,100.0,100.0,100.0,901.6,Cineplex Aachen,901.6,Cineplex Aachen,711.8,Eden Palast,1093.1,,1093.1,,1252.0,
0,687.24,283.38,127.85999999999999,0.2,638.52,282.65999999999997,127.85999999999999,0.0,959.36,294.84000000000003,148.52,0.4,271.4800000000001,717.64,2504.5404318621,777.8271338680082,2285.12,1.110958104228159,1.1724369025537356,0.8426405243727333,1.0420118437182095,2013.64,636.48,276.0,64.57974965735077,604.9599999999999,228.0,66.7567519570546,695.54,516.0,58.548505692161086,1020.0,189.88500730656648,6146.4,5.0,252136.0,1567.52,83796.0,414.0,5.0,0.6,Aachen,POINT (6.079960236109232 50.76942745119387),foot,foot,foot,20.0,40.0,20.0,442.1,Eden Palast,442.1,Eden Palast,596.8,Cineplex Aachen,1076.9,Capitol,833.3,Capitol,1812.9,Capitol
0,622.3399999999999,209.35999999999999,124.97999999999999,0.4,622.3399999999999,209.35999999999999,124.97999999999999,0.2,650.7,213.71999999999997,124.97999999999999,0.0,292.7,672.64,2315.73762847345,764.3165329582595,1895.3799999999999,1.2536055073747194,1.2536055073747194,1.23039451613529,1.2458685102949096,1602.6799999999998,571.22,288.0,53.28367489875169,571.22,288.0,53.28367489875169,559.02,312.0,53.87597307176425,888.0,160.44332286926766,6514.6,5.0,252136.0,1567.52,83796.0,414.0,5.0,0.6,Aachen,POINT (6.093389869154901 50.77626057548849),foot,foot,foot,40.0,40.0,40.0,414.7,Capitol,414.7,Capitol,444.7,Capitol,735.5,Cineplex Aachen,735.5,Cineplex Aachen,821.9,Cineplex Aachen
0,1632.58,64.72,127.85999999999999,1.0,1632.58,64.72,127.85999999999999,0.8,2078.84,117.2,137.64,1.4,973.4799999999999,4300.4400000000005,3953.89068480964,5010.426685378746,5344.000000000001,3.0732195101088657,3.0732195101088657,2.4941989175962154,2.880212645937982,4370.52,1632.58,1440.0,11.824895934492652,1632.58,1440.0,11.824895934492652,2078.84,1824.0,12.654400410836633,4704.0,36.30419227982193,7436.0,5.0,252136.0,1567.52,83796.0,414.0,5.0,3.2,Aachen,POINT (6.154816301140881 50.781150224298365),transit,transit,transit,100.0,100.0,100.0,1552.9,Eden Palast,1552.9,Eden Palast,1596.7,Capitol,1716.7,Capitol,1716.7,Capitol,2963.0,Apollo Kino
0,604.9,69.04,127.85999999999999,0.2,604.9,69.04,127.85999999999999,0.2,1031.02,37.16,141.85999999999999,1.0,348.48,934.0799999999999,3376.64089219581,1075.6468915319576,2240.8200000000006,1.9819731060424144,1.9819731060424144,1.5793107678786769,1.847752326654502,1892.3399999999997,588.92,408.0,37.37035036610482,588.92,408.0,37.37035036610482,640.52,852.0,26.844730390499695,1668.0,101.58543112270934,6742.4,5.0,252136.0,1567.52,83796.0,414.0,5.0,1.4,Aachen,POINT (6.071004715690923 50.77522179469425),transit,transit,transit,80.0,80.0,60.0,290.5,Apollo Kino,290.5,Apollo Kino,458.9,Eden Palast,1034.2,Capitol,1034.2,Capitol,1936.0,Capitol
0,1262.08,225.1,124.97999999999999,1.8,1262.08,225.1,124.97999999999999,1.8,1338.5400000000002,265.56,124.97999999999999,0.6,564.74,2285.88,2158.02097494832,2777.198489660204,3862.7,2.2139960915425982,2.2139960915425982,2.0930014250221154,2.173664536035771,3297.96,1262.08,912.0,27.728887072158148,1262.08,912.0,27.728887072158148,1338.5400000000002,948.0,29.20928590433578,2772.0,84.66706004865209,6068.0,5.0,252136.0,1567.52,83796.0,414.0,5.0,4.2,Aachen,POINT (6.1235482898259805 50.77655600144384),transit,transit,transit,100.0,100.0,100.0,1104.6,Capitol,1104.6,Capitol,1044.6,Capitol,1361.8,Cineplex Aachen,1361.8,Cineplex Aachen,1463.2,Apollo Kino
0,1907.6,136.52000000000004,115.08,1.6,1907.6,136.52000000000004,115.08,1.4,1607.9599999999998,28.1,127.85999999999999,1.2,1084.3600000000001,5199.08,5385.72548643729,6051.351528660802,5423.16,3.244080027411543,3.244080027411543,3.805733590403432,3.4312978817421724,4338.8,1907.6,1656.0,12.108138302392199,1907.6,1656.0,12.108138302392199,1607.9599999999998,1452.0,9.691991116809941,4764.0,33.90826772159434,9493.4,5.0,252136.0,1567.52,83796.0,414.0,5.0,4.2,Aachen,POINT (6.165492552568045 50.7928618659277),transit,transit,transit,100.0,100.0,100.0,1507.6,Capitol,1507.6,Capitol,1267.6,Capitol,2506.0,Apollo Kino,2506.0,Apollo Kino,1769.4,Eden Palast
0,1143.54,59.419999999999995,124.11999999999998,0.0,1143.54,59.419999999999995,124.11999999999998,0.0,1082.5800000000002,68.06,162.52,0.0,668.7,2666.12,5231.46072966845,3266.3636013509695,3369.6600000000008,2.8850627232674,2.8850627232674,3.0927807043829034,2.954302050305901,2700.9600000000005,1143.54,960.0,16.572184472620933,1143.54,960.0,16.572184472620933,1082.5800000000002,852.0,21.713294318995302,2772.0,54.85766326423717,3648.8,5.0,252136.0,1567.52,83796.0,414.0,5.0,0.0,Aachen,POINT (6.039441943635748 50.77050541308429),transit,transit,transit,100.0,100.0,100.0,1038.0,Eden Palast,1038.0,Eden Palast,906.7,Cineplex Aachen,1434.3,Capitol,1434.3,Capitol,1381.3,Eden Palast
0,1310.7199999999998,210.85999999999999,163.86,0.8,1187.7599999999998,220.77999999999997,138.97999999999996,0.2,1260.56,230.7,141.85999999999999,0.8,675.2199999999999,2523.52,5553.43591981351,3037.8085139054238,3759.04,2.450242405778846,2.623369133277696,2.500191326679277,2.5246009552452726,3083.8199999999997,1310.7199999999998,936.0,31.293009137641953,1187.7599999999998,828.0,32.05104820863871,1260.56,888.0,31.700859537146734,2652.0,95.04491688342739,1006.25,5.0,252136.0,1567.52,83796.0,414.0,5.0,1.8,Aachen,POINT (6.0644847791966905 50.798952712346754),transit,transit,transit,100.0,100.0,100.0,796.5,Apollo Kino,796.5,Apollo Kino,796.5,Apollo Kino,1845.7,Eden Palast,1487.4,Cineplex Aachen,1543.4,
0,1068.74,519.4,225.34,0.2,1055.2,578.7,248.50000000000006,0.0,932.78,369.53999999999996,179.24,0.0,234.7,689.5400000000002,1997.3678673261998,719.5384041205413,3056.72,0.6183061559384961,0.6264559798684768,0.7182072369050327,0.6543231242373351,2822.02,689.5400000000002,324.0,73.8038498577036,689.5400000000002,228.0,80.53816501274538,650.5800000000002,384.0,61.86411028145211,936.0,216.2061251519011,,5.0,252136.0,1567.52,83796.0,414.0,5.0,0.2,Aachen,POINT (6.087856865333846 50.76890742501709),foot,foot,foot,0.0,0.0,20.0,759.8,Cineplex Aachen,759.8,Cineplex Aachen,759.8,Cineplex Aachen,1360.2,Capitol,1330.9,Apollo Kino,1122.1,Apollo Kino
0,995.6400000000001,175.0,220.64000000000001,1.2,995.6400000000001,175.0,220.64000000000001,1.2,841.0400000000002,201.6,171.44,0.2,514.9,1849.1600000000003,1580.87502610009,2167.241694382776,2832.3199999999997,2.2024649247524315,2.2024649247524315,2.579937719181809,2.3282891895622244,2317.42,995.6400000000001,600.0,39.66640182823262,995.6400000000001,600.0,39.66640182823262,841.0400000000002,468.0,44.96244983726776,1668.0,124.295253493733,,5.0,252136.0,1567.52,83796.0,414.0,5.0,2.6,Aachen,POINT (6.114731413182091 50.77283330212028),transit,transit,transit,100.0,100.0,100.0,874.8,Capitol,874.8,Capitol,736.1,Eden Palast,1209.1,Eden Palast,1209.1,Eden Palast,962.0,Apollo Kino
0,632.64,276.78,127.85999999999999,0.0,609.74,313.88,127.85999999999999,0.0,639.5999999999999,317.74,141.85999999999999,0.0,330.24,544.0400000000001,2847.22430473414,582.8485533444464,1881.9800000000002,0.9954882087836889,1.0127976463820563,0.9328575285994483,0.9803811279217312,1551.7400000000002,508.71999999999997,228.0,67.65193343086628,508.71999999999997,168.0,73.32353160383693,538.58,180.0,71.96413397902208,576.0,212.93959901372529,,5.0,252136.0,1567.52,83796.0,414.0,5.0,0.0,Aachen,POINT (6.080015862581927 50.7750023062246),foot,foot,foot,40.0,40.0,40.0,418.6,Apollo Kino,418.6,Apollo Kino,562.3,Capitol,940.6,Eden Palast,826.1,Eden Palast,826.1,Eden Palast
0,1119.8200000000002,340.46,131.35999999999999,1.4,1119.8200000000002,340.46,131.35999999999999,1.4,1075.3,372.96,174.33999999999997,0.4,519.1800000000001,2065.8,1793.64108680836,2301.690860674774,3314.94,2.0785067889685864,2.0785067889685864,2.1677630469931097,2.1082588749767606,2795.76,1119.8200000000002,648.0,42.13096093408693,1119.8200000000002,648.0,42.13096093408693,1075.3,528.0,51.484765040322884,1823.9999999999995,135.74668690849677,,5.0,252136.0,1567.52,83796.0,414.0,5.0,3.2,Aachen,POINT (6.116812520898977 50.7745275107795),transit,transit,transit,100.0,100.0,100.0,952.3,Capitol,952.3,Capitol,892.3,Capitol,1281.6,,1281.6,,1311.1,
0,809.1,297.23999999999995,127.85999999999999,0.0,809.1,297.23999999999995,127.85999999999999,0.0,789.0600000000001,253.2,127.85999999999999,0.0,407.68,1319.98,2686.78361348359,1310.2523370214924,2407.26,1.6816721709703153,1.6816721709703153,1.709984020063692,1.6911094540014406,1999.58,809.1,384.0,53.05925604273964,809.1,384.0,53.05925604273964,789.0600000000001,408.0,48.46729906221928,1176.0,154.5858111476986,,5.0,252136.0,1567.52,83796.0,414.0,5.0,0.0,Aachen,POINT (6.074702107100762 50.76557404338923),transit,transit,transit,100.0,100.0,100.0,629.0,Apollo Kino,629.0,Apollo Kino,629.0,Apollo Kino,905.9,,905.9,,845.9,
0,956.7,160.18,148.52,0.0,956.7,160.18,148.52,0.0,741.08,143.21999999999997,141.85999999999999,0.6,460.53999999999996,1594.8799999999999,4220.1635472946,1860.069194809396,2654.48,2.096232622854303,2.096232622854303,2.5065274078296977,2.2329975511794347,2193.94,956.7,648.0,34.67931438844694,956.7,648.0,34.67931438844694,741.08,456.0,38.91632147753955,1752.0,108.27495025443343,,5.0,252136.0,1567.52,83796.0,414.0,5.0,0.6,Aachen,POINT (6.059495447726253 50.777815124293284),transit,transit,transit,100.0,100.0,100.0,509.9,Apollo Kino,509.9,Apollo Kino,639.9,Apollo Kino,1498.7,Eden Palast,1498.7,Eden Palast,833.6,Capitol
0,691.9800000000001,228.11999999999998,127.85999999999999,0.0,597.7,193.84,127.85999999999999,0.2,769.1400000000001,224.61999999999998,148.52,0.0,333.78000000000003,978.6600000000001,2460.59825318673,1081.3816887284097,2058.82,1.6647659258252012,1.7929019538297044,1.4687758464107517,1.6421479086885526,1725.0400000000002,684.6400000000001,336.0,58.77680832587591,597.7,276.0,58.672782874315445,769.1400000000001,396.0,57.086878504516065,1008.0,174.5364697047074,,5.0,252136.0,1567.52,83796.0,414.0,5.0,0.2,Aachen,POINT (6.0785622615040165 50.76650294890928),transit,transit,transit,80.0,100.0,100.0,420.3,Cineplex Aachen,420.3,Cineplex Aachen,420.3,Cineplex Aachen,1301.2,Capitol,829.8,Capitol,1181.2,Capitol
0,529.86,188.88000000000002,124.97999999999999,0.0,529.86,188.88000000000002,124.97999999999999,0.2,557.7,285.84000000000003,127.85999999999999,0.2,277.18,572.3,2298.24654803619,619.6888673867098,1617.4199999999998,1.1781485476450706,1.1781485476450706,1.0970343349046932,1.1511104767316112,1340.2400000000002,472.6,216.0,58.68109745225307,472.6,216.0,58.68109745225307,490.93999999999994,143.99999999999994,75.31661996698767,576.0,192.67881487149384,,5.0,252136.0,1567.52,83796.0,414.0,5.0,0.4,Aachen,POINT (6.091083776358926 50.77502009985853),transit,transit,foot,60.0,60.0,40.0,391.4,Capitol,391.4,Capitol,438.5,Capitol,596.9,Cineplex Aachen,596.9,Cineplex Aachen,654.8,Apollo Kino
0,981.5200000000001,364.53999999999996,124.97999999999999,1.4,981.5200000000001,364.53999999999996,124.97999999999999,1.4,1001.72,312.74,124.97999999999999,1.4,380.15999999999997,1160.2000000000003,2024.84446152112,1307.0866134560122,2964.76,1.3368793789211444,1.3368793789211444,1.3250683267049141,1.3329423615157343,2584.6,968.64,492.0,49.42708841741156,968.64,492.0,49.42708841741156,969.0600000000001,564.0,44.00611440798738,1548.0,142.86029124281052,,5.0,252136.0,1567.52,83796.0,414.0,5.0,4.2,Aachen,POINT (6.102141217913561 50.77605601063598),transit,transit,transit,80.0,80.0,80.0,851.3,,851.3,,810.5,Capitol,1088.8,Cineplex Aachen,1088.8,Cineplex Aachen,1187.7,Cineplex Aachen
0,2851.18,446.2,124.97999999999999,0.8,2806.06,446.2,127.85999999999999,0.4,2590.06,446.2,127.85999999999999,2.8,1296.3400000000001,6621.3,5228.59879941423,7822.706122442151,8247.3,2.753862185999578,2.7962374751699195,3.0326433077899297,2.860914322986476,6950.959999999999,2851.18,2280.0,20.04487987360773,2806.06,2232.0,20.492188776499756,2590.06,2016.0,22.184049689681267,6528.0,62.721118339788745,,5.0,252136.0,1567.52,83796.0,414.0,5.0,4.0,Aachen,POINT (6.166510099999999 50.72750475000001),transit,transit,transit,100.0,100.0,100.0,2622.0,Apollo Kino,2622.0,Apollo Kino,2345.7,Capitol,3005.7,Capitol,3005.7,Capitol,2727.5,Eden Palast
0,936.5200000000001,152.0,148.52,0.0,936.5200000000001,152.0,148.52,0.0,764.5600000000001,154.7,141.85999999999999,0.6,623.3,1638.8999999999996,4254.33132193206,1787.6837370460682,2637.6,2.1005710795375547,2.1005710795375547,2.342008332681633,2.181050163918914,2014.3,936.5200000000001,636.0,35.260576808278245,936.5200000000001,636.0,35.260576808278245,764.5600000000001,468.0,39.828284362533545,1740.0,110.34943797909004,,5.0,252136.0,1567.52,83796.0,414.0,5.0,0.6,Aachen,POINT (6.061654441940719 50.78054863850255),transit,transit,transit,100.0,100.0,100.0,402.4,Apollo Kino,402.4,Apollo Kino,532.4,Apollo Kino,1391.2,Eden Palast,1391.2,Eden Palast,872.8,
0,745.38,220.01999999999998,153.35999999999999,0.8,745.38,220.01999999999998,153.35999999999999,0.8,745.76,249.24,196.51999999999998,0.0,348.58000000000004,788.8199999999999,2110.05540057309,923.6647746828539,2236.5199999999995,1.2723231009457663,1.2723231009457663,1.317513848509306,1.2873866834669463,1887.9399999999998,686.04,372.0,51.372792042106845,686.04,372.0,51.372792042106845,636.0799999999999,300.00000000000006,60.8464512661732,1044.0,163.5920353503869,,5.0,252136.0,1567.52,83796.0,414.0,5.0,1.6,Aachen,POINT (6.096348677066236 50.77524122323012),transit,transit,foot,60.0,60.0,40.0,508.8,Capitol,508.8,Capitol,587.7,Capitol,877.4,Cineplex Aachen,877.4,Cineplex Aachen,1016.1,Cineplex Aachen
0,1555.46,179.6,127.85999999999999,1.8,1555.46,179.6,127.85999999999999,1.6,1625.3600000000001,141.5,127.85999999999999,1.4,811.2,3778.28,3249.69251708535,4477.707626138104,4736.280000000001,2.8862360823282804,2.8862360823282804,2.7724712661523228,2.8483144769362942,3925.0800000000004,1555.46,1248.0,19.687710622880722,1555.46,1248.0,19.687710622880722,1625.3600000000001,1356.0,16.584932785333734,3852.0,55.96035403109518,,5.0,252136.0,1567.52,83796.0,414.0,5.0,4.8,Aachen,POINT (6.147877181464582 50.77650499877769),transit,transit,transit,100.0,100.0,100.0,1462.8,Eden Palast,1462.8,Eden Palast,1381.0,Capitol,1691.5,Capitol,1691.5,Capitol,1762.8,Eden Palast
0,2102.76,138.9,127.85999999999999,0.4,2102.76,138.9,127.85999999999999,0.4,2286.7599999999998,442.9,127.85999999999999,2.4,1100.52,5698.320000000001,4395.5929893535,6605.40016530609,6492.280000000001,3.1456717466863453,3.1456717466863453,2.900793892313552,3.0640457952287474,5391.76,2102.76,1836.0,12.758865980056097,2102.76,1836.0,12.758865980056097,2286.7599999999998,1716.0,24.995472243737755,5388.0,50.513204203849945,,5.0,252136.0,1567.52,83796.0,414.0,5.0,3.2,Aachen,POINT (6.173391405005091 50.75611798689061),transit,transit,transit,100.0,100.0,100.0,2000.2,Eden Palast,2000.2,Eden Palast,2042.4,Capitol,2278.4,Capitol,2278.4,Capitol,2424.2,Eden Palast
0,841.8199999999999,316.98,236.84,0.4,841.8199999999999,316.98,236.84,0.2,800.62,261.26000000000005,227.35999999999999,0.0,326.35999999999996,899.5799999999999,2290.43269744742,1012.3336217897865,2484.2599999999998,1.1981538513683145,1.1981538513683145,1.3163431815734343,1.237550294770021,2157.9,818.82,288.0,65.96160305089914,818.82,288.0,65.96160305089914,751.3599999999999,312.0,62.32803223508066,888.0,194.25123833687897,,5.0,252136.0,1567.52,83796.0,414.0,5.0,0.6,Aachen,POINT (6.097112312735482 50.777329622633),transit,transit,transit,60.0,60.0,60.0,674.1,Capitol,674.1,Capitol,599.1,Capitol,953.2,Eden Palast,953.2,Eden Palast,1027.5,Cineplex Aachen
0,1249.7,197.83999999999997,127.85999999999999,1.8,1249.7,197.83999999999997,127.85999999999999,2.2,1178.3200000000002,258.46,127.85999999999999,1.0,577.04,2170.6800000000003,761.920325236218,2495.1099697337963,3677.7200000000003,2.0003614487452532,2.0003614487452532,2.1149803522186796,2.038567749903062,3100.6800000000003,1249.7,924.0,26.640996442440716,1249.7,924.0,26.640996442440716,1178.3200000000002,792.0,34.78983286270211,2640.0,88.07182574758357,,5.0,252136.0,1567.52,83796.0,414.0,5.0,5.0,Aachen,POINT (6.116046495743397 50.76493161417041),transit,transit,transit,100.0,100.0,100.0,1076.1,Capitol,1076.1,Capitol,1041.0,Eden Palast,1472.4,Apollo Kino,1472.4,Apollo Kino,1412.4,Apollo Kino
0,884.5,288.64,127.85999999999999,1.0,821.3199999999999,297.46000000000004,127.85999999999999,0.6,836.24,339.66,172.57999999999998,0.0,320.21999999999997,1050.0800000000002,1457.09194409209,1183.06010642753,2542.06,1.341871017196338,1.4084367935284565,1.4514709682448073,1.4005929263232004,2221.84,825.7800000000001,468.0,48.23581468617187,803.1400000000001,396.0,52.6320202405141,777.04,324.0,61.4850152690113,1188.0,162.35285019569727,,5.0,252136.0,1567.52,83796.0,414.0,5.0,1.6,Aachen,POINT (6.09457844775866 50.76652655843168),transit,transit,transit,60.0,80.0,80.0,785.1,Cineplex Aachen,736.4,Eden Palast,665.1,Cineplex Aachen,1052.3,Eden Palast,946.8,Apollo Kino,1145.6,Eden Palast
0,925.6400000000001,197.78000000000003,127.85999999999999,1.2,925.6400000000001,197.78000000000003,127.85999999999999,1.2,836.3800000000001,226.51999999999998,141.85999999999999,0.2,440.08000000000004,1918.4,1564.10822514767,2221.6091169685437,2687.6600000000003,2.4280194216416944,2.4280194216416944,2.6664498312138747,2.5074962248324217,2247.58,925.6400000000001,600.0,34.71264594936328,925.6400000000001,600.0,34.71264594936328,836.3800000000001,468.0,44.20891869859219,1668.0,113.63421059731877,,5.0,252136.0,1567.52,83796.0,414.0,5.0,2.6,Aachen,POINT (6.1154819150314195 50.77259656935887),transit,transit,transit,100.0,100.0,100.0,779.8,Capitol,779.8,Capitol,719.8,Capitol,996.7,,996.7,,946.1,Apollo Kino
0,1624.14,141.78000000000003,234.36000000000004,1.8,1624.14,141.78000000000003,234.36000000000004,1.6,1716.4399999999998,172.8,187.64,1.4,776.0200000000001,3595.2,3201.39576688271,4251.963308455443,4964.719999999999,2.6214832008003466,2.6214832008003466,2.494282948489565,2.579083116696753,4188.7,1624.14,1248.0,22.929455318680805,1624.14,1248.0,22.929455318680805,1716.4399999999998,1356.0,20.914861055241065,3852.0,66.77377169260266,,5.0,252136.0,1567.52,83796.0,414.0,5.0,4.8,Aachen,POINT (6.144451338741068 50.778409050664045),transit,transit,transit,100.0,100.0,100.0,1490.7,Capitol,1490.7,Capitol,1443.3,Capitol,1736.4,Eden Palast,1736.4,Eden Palast,1894.2,Cineplex Aachen
0,719.66,96.3,131.35999999999999,2.0,719.66,96.3,131.35999999999999,2.0,757.66,96.3,145.35999999999999,0.6,360.2,1156.46,1888.3648348711,1325.504492188168,2196.9800000000005,1.8886234341644301,1.8886234341644301,1.8193871438734046,1.8655446707340881,1836.78,719.66,492.0,31.610409907761966,719.66,492.0,31.610409907761966,757.66,516.0,32.54151686680582,1500.0,95.76233668232976,,5.0,252136.0,1567.52,83796.0,414.0,5.0,4.6,Aachen,POINT (6.102555660778684 50.774849813462545),transit,transit,transit,100.0,100.0,100.0,555.8,Capitol,555.8,Capitol,495.8,Capitol,819.8,,819.8,,879.8,
0,628.3,212.44,127.85999999999999,0.0,628.3,212.44,127.85999999999999,0.0,657.86,221.34,148.52,0.0,394.32,1020.4199999999998,3142.79072890789,1148.582735806352,1914.4599999999998,1.869032360996659,1.869032360996659,1.7623194330788814,1.8334613850240664,1520.1399999999999,628.3,288.0,54.9689531249809,628.3,288.0,54.9689531249809,657.86,288.00000000000006,56.71883902792818,864.0,166.65674527788997,,5.0,252136.0,1567.52,83796.0,414.0,5.0,0.0,Aachen,POINT (6.071132255875557 50.771071921755905),transit,transit,transit,100.0,100.0,100.0,468.6,Apollo Kino,468.6,Apollo Kino,578.0,Cineplex Aachen,802.4,Capitol,802.4,Capitol,802.4,Capitol
0,468.98,197.11999999999998,127.85999999999999,0.0,463.9,168.04,127.85999999999999,0.0,480.58000000000004,134.71999999999997,141.85999999999999,0.0,217.45999999999998,549.36,2700.31805472595,612.4433533059635,1413.4599999999998,1.3927837979604296,1.4071285162573768,1.3725982216976997,1.3908368453051687,1196.0,405.72,144.0,67.55313331996355,400.64,168.0,62.537236302347104,409.14,204.0,58.078687903862395,516.0,188.16905752617305,,5.0,252136.0,1567.52,83796.0,414.0,5.0,0.0,Aachen,POINT (6.079815217621405 50.772642446848685),transit,transit,transit,80.0,80.0,80.0,303.4,Cineplex Aachen,303.4,Cineplex Aachen,303.4,Cineplex Aachen,709.6,Eden Palast,709.6,Eden Palast,750.5,Eden Palast
0,782.54,286.02,148.52,0.0,652.4,236.54000000000002,127.85999999999999,0.0,718.8,286.02,144.78,0.2,245.92,697.0799999999999,1888.65476965918,776.2226907338963,2153.74,1.0285142216840315,1.109690111159303,1.1269654663983562,1.0883899330805635,1907.8200000000002,571.68,348.0,55.37421059644117,571.68,288.0,56.681804239741794,547.5,288.0,61.129870598143896,924.0,173.18588543432685,,5.0,252136.0,1567.52,83796.0,414.0,5.0,0.2,Aachen,POINT (6.089781950369007 50.76893728987262),foot,foot,transit,40.0,40.0,60.0,528.8,,524.9,Eden Palast,408.8,,1175.6,Eden Palast,895.5,Apollo Kino,1055.6,Eden Palast
0,1098.4,251.76000000000005,210.64000000000001,0.0,1098.4,251.76000000000005,210.64000000000001,0.0,887.1599999999999,254.44,164.72,0.6,590.04,1738.6599999999999,4390.19786222396,1924.0772617123803,3083.96,1.8189979007213075,1.8189979007213075,2.1730521097983386,1.9370159704136511,2493.9199999999996,1098.4,636.0,44.99135921934117,1098.4,636.0,44.99135921934117,887.1599999999999,468.0,48.15208950357997,1740.0,138.1348079422623,,5.0,252136.0,1567.52,83796.0,414.0,5.0,0.6,Aachen,POINT (6.059800279590649 50.78099359478037),transit,transit,transit,100.0,100.0,100.0,697.2,Apollo Kino,697.2,Apollo Kino,632.2,Apollo Kino,1595.6,Eden Palast,1595.6,Eden Palast,1024.4,Eden Palast
0,954.9399999999999,369.74,129.2,1.2,954.9399999999999,369.74,129.2,1.2,906.5,354.84000000000003,191.66000000000003,0.2,292.2,1095.78,1391.16050232328,1313.5881415015012,2816.38,1.4249362942903807,1.4249362942903807,1.5331647256827634,1.4610124380878413,2524.18,885.1,456.0,50.97626778386386,885.1,456.0,50.97626778386386,863.1,360.0,58.502556600735396,1272.0,160.45509216846315,,5.0,252136.0,1567.52,83796.0,414.0,5.0,2.6,Aachen,POINT (6.100380630723777 50.76922993306095),transit,transit,transit,60.0,60.0,60.0,632.7,,632.7,,512.7,,1132.1,Eden Palast,1132.1,Eden Palast,1119.9,Eden Palast
0,376.98,75.73999999999998,121.23999999999998,0.0,388.56,87.32,121.23999999999998,0.0,331.38,75.73999999999998,123.63999999999999,0.0,134.0,425.03999999999996,2313.02719235439,459.3815917923986,1096.92,1.152241462993113,1.1360120432324456,1.3298478457645764,1.2060337839967117,962.9200000000001,319.34,180.0,54.25542024454588,319.34,180.0,55.23447705266851,287.08000000000004,132.0,63.25999256224816,492.0,172.74988985946257,,5.0,252136.0,1567.52,83796.0,414.0,5.0,0.0,Aachen,POINT (6.087594988728363 50.77319164486292),transit,transit,transit,60.0,60.0,60.0,293.5,Eden Palast,293.5,Eden Palast,233.5,Eden Palast,517.9,Apollo Kino,517.9,Apollo Kino,457.9,Apollo Kino
0,538.4,302.54,127.85999999999999,0.0,562.4,302.54,127.85999999999999,0.0,526.4,302.54,127.85999999999999,0.0,349.34000000000003,599.96,2966.43580905104,637.025196558247,1627.2,1.1696276391784943,1.123609937416687,1.2014458964130934,1.164894491002758,1277.8600000000001,480.4,108.00000000000003,80.37339249879501,501.4799999999999,132.00000000000003,77.5133093723137,468.4,96.00000000000003,81.88475635200953,336.0000000000001,239.77145822311823,,5.0,252136.0,1567.52,83796.0,414.0,5.0,0.0,Aachen,POINT (6.084470446473326 50.779353165937394),transit,transit,transit,80.0,60.0,80.0,320.7,Apollo Kino,320.7,Apollo Kino,320.7,Apollo Kino,625.5,Eden Palast,676.9,,616.9,
0,1245.28,4.3,124.97999999999999,0.8,1245.28,4.3,124.97999999999999,0.8,1303.9399999999998,4.3,123.63999999999999,1.2,679.9399999999999,3016.2,2668.08540325355,3658.9209301515643,3794.5,2.9449238555229162,2.9449238555229162,2.84175731481457,2.9105350086201343,3114.56,1245.28,1116.0,10.344274837252872,1245.28,1116.0,10.344274837252872,1303.9399999999998,1176.0,9.710021596750087,3408.0,30.398571271255825,,5.0,252136.0,1567.52,83796.0,414.0,5.0,2.8,Aachen,POINT (6.136161380233036 50.776838202609426),transit,transit,transit,100.0,100.0,100.0,1145.6,Eden Palast,1145.6,Eden Palast,1063.8,Capitol,1321.0,Cineplex Aachen,1321.0,Cineplex Aachen,1434.3,Cineplex Aachen
0,735.6400000000001,385.3,206.34,0.0,811.8199999999999,416.5200000000001,227.30000000000004,0.0,701.94,314.92,183.02,0.0,309.08000000000004,911.5200000000001,2878.64642034075,1011.9861208172806,2249.3999999999996,1.3740132490466244,1.2431481225980139,1.442551599907673,1.3532376571841038,1940.3200000000002,734.3199999999999,144.0,79.84403443608436,810.4999999999999,168.0,80.61372351822791,700.62,203.99999999999997,70.06902407545398,516.0,230.52678202976625,,5.0,252136.0,1567.52,83796.0,414.0,5.0,0.0,Aachen,POINT (6.074428516916135 50.769940075559504),transit,transit,transit,80.0,80.0,80.0,632.9,Eden Palast,632.9,Eden Palast,604.6,Eden Palast,853.1,Apollo Kino,1087.0,Capitol,744.4,
0,791.5400000000001,327.67999999999995,127.85999999999999,0.0,791.5400000000001,327.67999999999995,127.85999999999999,0.0,726.9800000000001,230.45999999999998,148.52,0.4,391.38,1144.2599999999998,3183.95217153023,1349.0763187713242,2310.06,1.7218808359800708,1.7218808359800708,1.8563019236019351,1.7666878651873588,1918.6800000000003,791.5400000000001,336.00000000000006,57.374455268165875,791.5400000000001,336.00000000000006,57.374455268165875,726.9800000000001,348.0,52.32096630164226,1020.0,167.06987683797405,,5.0,252136.0,1567.52,83796.0,414.0,5.0,0.4,Aachen,POINT (6.069184810871598 50.76915620263697),transit,transit,transit,100.0,100.0,100.0,594.9,Eden Palast,594.9,Eden Palast,643.6,Cineplex Aachen,1037.4,Capitol,1037.4,Capitol,833.7,Apollo Kino
0,708.4000000000001,280.53999999999996,127.85999999999999,0.0,708.4000000000001,280.53999999999996,127.85999999999999,0.0,703.0799999999999,236.7,154.38,0.0,377.17999999999995,1101.68,3131.57928320847,1296.50729935485,2119.88,1.8450322911907773,1.8450322911907773,1.8607898683469835,1.8502848169095127,1742.7000000000003,708.4000000000001,300.0,57.909828114505196,708.4000000000001,300.0,57.909828114505196,703.0799999999999,312.0,55.89717157134815,912.0,171.71682780035854,,5.0,252136.0,1567.52,83796.0,414.0,5.0,0.0,Aachen,POINT (6.070026368618046 50.76922699930671),transit,transit,transit,100.0,100.0,100.0,598.1,Apollo Kino,598.1,Apollo Kino,598.1,Apollo Kino,801.8,Capitol,801.8,Capitol,801.8,Capitol
0,765.22,196.7,148.52,0.0,742.56,182.7,127.85999999999999,0.0,665.48,196.7,144.78,0.0,278.15999999999997,722.0400000000001,1846.74962159698,789.471496177292,2173.2599999999998,0.9898601338525147,1.0132511549620076,1.1407590571157982,1.0479567819767734,1895.1,663.3199999999999,420.0,48.7692932551803,663.3199999999999,432.0,45.57017303589855,607.9399999999999,324.0,55.76418447326638,1176.0,150.10365076434522,,5.0,252136.0,1567.52,83796.0,414.0,5.0,0.0,Aachen,POINT (6.091473527645454 50.76967092059091),foot,foot,transit,40.0,40.0,60.0,511.0,,511.0,,451.0,,1044.6,Apollo Kino,1044.6,Apollo Kino,984.6,Apollo Kino
0,636.9599999999999,13.6,131.35999999999999,2.0,636.9599999999999,13.6,131.35999999999999,2.0,674.9599999999999,13.6,145.35999999999999,0.6,366.12,1068.8799999999999,1852.60469491771,1264.838392647794,1948.8800000000003,2.0552724176078137,2.0552724176078137,1.9794808351617745,2.0300085567924673,1582.7600000000002,636.9599999999999,492.0,22.47854922842655,636.9599999999999,492.0,22.47854922842655,674.9599999999999,516.0,23.894163715510416,1500.0,68.8512621723635,,5.0,252136.0,1567.52,83796.0,414.0,5.0,4.6,Aachen,POINT (6.101647184917951 50.77429542265953),transit,transit,transit,100.0,100.0,100.0,473.1,Capitol,473.1,Capitol,413.1,Capitol,737.1,,737.1,,797.1,
0,2254.08,118.28000000000002,119.8,1.8,2254.08,118.28000000000002,119.8,2.4,923.4799999999999,115.36000000000001,124.11999999999998,0.4,436.02,1299.4,2745.91933808954,1467.120049101146,5431.640000000001,1.3311399015303327,1.3311399015303327,1.5937755135633125,1.4186851055413257,4995.62,921.14,2016.0,18.479479806992327,921.14,2016.0,18.479479806992327,923.4799999999999,684.0,27.210630243426216,4716.0,64.16958985741087,,5.0,252136.0,1567.52,83796.0,414.0,5.0,4.6,Aachen,POINT (6.10059397923482 50.78253514750758),transit,transit,transit,60.0,60.0,100.0,728.9,Eden Palast,728.9,Eden Palast,627.8,Capitol,4530.1,Apollo Kino,4530.1,Apollo Kino,1042.8,Apollo Kino
0,969.2400000000001,147.26000000000002,221.97999999999996,1.2,969.2400000000001,147.26000000000002,221.97999999999996,1.2,843.6,173.84,201.76,0.2,524.18,1821.4199999999996,1551.48967605341,2137.421044432054,2782.0800000000004,2.2333031762165385,2.2333031762165385,2.534137044490747,2.333581132307941,2257.9,969.2400000000001,600.0,37.996122411497225,969.2400000000001,600.0,37.996122411497225,843.6,468.0,44.86896533776455,1668.0,120.86121016075899,,5.0,252136.0,1567.52,83796.0,414.0,5.0,2.6,Aachen,POINT (6.1142625812498235 50.772610288714574),transit,transit,transit,100.0,100.0,100.0,847.1,Capitol,847.1,Capitol,753.9,Eden Palast,1181.4,Eden Palast,1181.4,Eden Palast,934.3,Apollo Kino
0,1156.92,632.0799999999999,236.84,0.4,1156.92,632.0799999999999,236.84,0.2,1122.48,583.12,227.35999999999999,0.0,326.14000000000004,992.5200000000001,1722.3107309780303,1096.7681349119193,3436.3199999999997,0.9849976927111055,0.9849976927111055,1.0192157943879276,0.9964037266033795,3110.1800000000003,903.8799999999999,288.0,75.07558060345184,903.8799999999999,288.0,75.07558060345184,887.04,312.0,72.91361687256457,888.0,223.06477807946823,,5.0,252136.0,1567.52,83796.0,414.0,5.0,0.6,Aachen,POINT (6.098624437041576 50.77204653253253),foot,foot,foot,40.0,40.0,20.0,875.8,Capitol,875.8,Capitol,955.4,Capitol,1343.9,Eden Palast,1343.9,Eden Palast,1383.8,Cineplex Aachen
0,737.4,212.56,236.84,0.4,737.4,212.56,236.84,0.2,712.9399999999999,173.58,227.35999999999999,0.0,310.66,718.4,2307.49173193724,819.1745420406533,2187.74,1.1274040589935128,1.1274040589935128,1.2159095788418672,1.1569058989429641,1877.08,659.22,288.0,60.54218949072758,659.22,288.0,60.54218949072758,614.18,312.0,57.65257527500057,888.0,178.73695425645573,,5.0,252136.0,1567.52,83796.0,414.0,5.0,0.6,Aachen,POINT (6.094246442270141 50.77651439143351),foot,foot,foot,20.0,20.0,40.0,491.5,Capitol,491.5,Capitol,512.4,Capitol,900.9,Eden Palast,900.9,Eden Palast,940.8,Cineplex Aachen
0,694.0600000000001,326.20000000000005,127.85999999999999,0.4,733.26,212.74,148.52,0.2,701.9599999999999,203.44,162.52,0.0,258.26000000000005,491.91999999999996,2665.89317330954,517.1294358723312,2129.2799999999997,0.8289989024878356,0.8340662301365833,0.8371804968852397,0.8334152098365528,1871.0199999999998,474.03999999999996,240.0,68.81342235579811,474.03999999999996,372.0,58.838407523797024,468.02,336.0,59.98518913766683,948.0,187.63701901726196,,5.0,252136.0,1567.52,83796.0,414.0,5.0,0.6,Aachen,POINT (6.08156322187107 50.77362091553235),foot,foot,foot,40.0,40.0,40.0,424.0,Cineplex Aachen,424.0,Cineplex Aachen,424.0,Cineplex Aachen,1249.0,Eden Palast,1498.6,Eden Palast,1318.6,Eden Palast
0,849.32,251.3,130.01999999999998,1.6,846.6200000000001,272.6,130.01999999999998,1.0,812.6200000000001,272.6,144.01999999999998,0.2,352.98,1200.3200000000002,1622.98832474572,1387.576690890202,2508.56,1.671362445816977,1.6757510041511552,1.7377294717167817,1.694947640561638,2155.5800000000004,849.32,468.0,44.830599138622595,846.6200000000001,444.0,47.37835342688602,812.6200000000001,396.0,52.053683824719634,1308.0,144.26263639022824,,5.0,252136.0,1567.52,83796.0,414.0,5.0,2.8,Aachen,POINT (6.103199435754474 50.77246248903652),transit,transit,transit,100.0,100.0,100.0,689.5,Capitol,689.5,Capitol,629.5,Capitol,953.5,,953.5,,1013.5,
0,1708.6399999999999,226.28000000000003,234.36000000000004,1.8,1708.6399999999999,226.28000000000003,234.36000000000004,1.6,1757.1399999999999,213.5,187.64,1.4,839.6800000000001,3905.0,3463.3754624315397,4508.328810881568,5174.42,2.641794409561543,2.641794409561543,2.5823885456463995,2.621992454923162,4334.74,1708.6399999999999,1248.0,26.8836279008068,1708.6399999999999,1248.0,26.8836279008068,1757.1399999999999,1356.0,22.762968727845244,3852.0,76.53022452945885,,5.0,252136.0,1567.52,83796.0,414.0,5.0,4.8,Aachen,POINT (6.14794880598732 50.779470280062746),transit,transit,transit,100.0,100.0,100.0,1590.2,Cineplex Aachen,1590.2,Cineplex Aachen,1484.0,Capitol,1777.1,Eden Palast,1777.1,Eden Palast,1934.9,Cineplex Aachen
0,897.4399999999999,136.66,172.78,0.6,897.4399999999999,136.66,172.78,0.6,777.76,118.7,179.06,0.4,394.18,1757.5199999999998,1397.56452450848,2125.743876042558,2572.6400000000003,2.3765969783402605,2.3765969783402605,2.7725978284563704,2.5085972617122976,2178.46,897.4399999999999,588.0,34.326452937276166,897.4399999999999,588.0,34.326452937276166,777.76,480.0,38.761335392691656,1656.0,107.41424126724397,,5.0,252136.0,1567.52,83796.0,414.0,5.0,1.6,Aachen,POINT (6.113781043354965 50.77125529542005),transit,transit,transit,100.0,100.0,100.0,785.0,,785.0,,599.2,Eden Palast,1002.3,Apollo Kino,1002.3,Apollo Kino,1002.3,Apollo Kino
0,2677.96,260.98,124.97999999999999,0.8,2632.84,260.98,127.85999999999999,0.8,2437.2599999999998,113.4,127.85999999999999,2.8,1181.6399999999999,6725.2,5400.80471548109,7991.683460743006,7748.0599999999995,2.9947577716536258,3.0430995222260866,3.2941808674170985,3.110679387098937,6566.42,2677.96,2292.0,14.242011691977174,2632.84,2244.0,14.526767566980231,2437.2599999999998,2196.0,9.882841607680204,6732.0,38.65162086663761,,5.0,252136.0,1567.52,83796.0,414.0,5.0,4.4,Aachen,POINT (6.162872849999999 50.72297095),transit,transit,transit,100.0,100.0,100.0,2469.2,Apollo Kino,2469.2,Apollo Kino,2192.9,Capitol,2750.8,Capitol,2750.8,Capitol,2574.7,Eden Palast
0,2318.5199999999995,158.72,119.8,1.8,2318.5199999999995,158.72,119.8,2.4,922.4799999999999,114.36000000000001,124.11999999999998,0.4,435.66,1300.44,2765.15163419031,1464.3023466937698,5559.520000000001,1.32923407067562,1.32923407067562,1.592096702152204,1.4168549478344814,5123.859999999999,920.9399999999999,2040.0,19.223537805134075,920.9399999999999,2040.0,19.223537805134075,922.4799999999999,684.0,27.130737369858828,4764.0,65.57781298012698,,5.0,252136.0,1567.52,83796.0,414.0,5.0,4.6,Aachen,POINT (6.100377592742078 50.78267564384305),transit,transit,transit,60.0,60.0,100.0,727.9,Eden Palast,727.9,Eden Palast,626.8,Capitol,4692.7,Apollo Kino,4692.7,Apollo Kino,1041.8,Apollo Kino
0,1233.76,305.23999999999995,148.52,0.4,1212.38,307.4,136.98,0.6,1189.06,341.2,127.85999999999999,0.4,460.48,1375.94,1441.19501782666,1699.7544461918799,3635.2,1.3607959814189476,1.3884677453712135,1.4894856582319982,1.412916461674053,3174.7200000000003,1201.68,780.0,38.7020350491648,1191.8400000000001,768.0,38.90358048795079,1143.1,720.0000000000001,43.10136217874311,2268.0,120.7069777158587,,5.0,252136.0,1567.52,83796.0,414.0,5.0,1.4,Aachen,POINT (6.090948649450382 50.76022038175876),transit,transit,transit,80.0,80.0,80.0,957.4,Cineplex Aachen,897.4,Cineplex Aachen,837.9,Eden Palast,1572.4,Apollo Kino,1583.2,Apollo Kino,2133.8,Apollo Kino
0,622.32,209.34,124.97999999999999,0.4,622.32,209.34,124.97999999999999,0.2,650.32,213.34,124.97999999999999,0.0,292.58000000000004,673.02,2333.32479872919,767.6357097010341,1894.9599999999998,1.2552162719235562,1.2552162719235562,1.23267405379969,1.2477021992156008,1602.38,571.46,288.0,53.29007686099483,571.46,288.0,53.29007686099483,559.1,312.0,53.84914912278723,888.0,160.42930284477686,,5.0,252136.0,1567.52,83796.0,414.0,5.0,0.6,Aachen,POINT (6.093369927115278 50.77644057802371),foot,foot,foot,40.0,40.0,40.0,415.1,Capitol,415.1,Capitol,444.3,Capitol,735.2,Cineplex Aachen,735.2,Cineplex Aachen,821.5,Cineplex Aachen
0,893.96,502.1,127.85999999999999,0.4,948.9200000000001,476.4,148.52,0.0,918.26,476.4,141.85999999999999,0.0,403.71999999999997,762.28,3447.35728174684,901.2332561038882,2761.1400000000003,0.9448581254739562,0.897162966670264,0.9274542130150012,0.9231584350530738,2357.42,762.28,264.0,69.7834194233834,762.28,324.0,67.61541544803825,762.28,300.0,66.27377380009074,888.0,203.67260867151236,,5.0,252136.0,1567.52,83796.0,414.0,5.0,0.4,Aachen,POINT (6.0765276865352025 50.78059897937075),foot,foot,foot,0.0,0.0,0.0,352.4,Apollo Kino,352.4,Apollo Kino,482.4,Apollo Kino,1158.8,,1341.2,Eden Palast,1158.8,
0,1743.9599999999998,261.6,234.36000000000004,1.8,1743.9599999999998,261.6,234.36000000000004,1.6,1780.8400000000001,237.2,187.64,1.4,843.1200000000001,3892.9800000000005,3402.7088007821303,4600.187745723458,5268.759999999999,2.6428473199493863,2.6428473199493863,2.6002791216152796,2.628657920504684,4425.64,1743.9599999999998,1248.0,28.336808749020214,1743.9599999999998,1248.0,28.336808749020214,1780.8400000000001,1356.0,23.799556712985684,3852.0,80.47317421102609,,5.0,252136.0,1567.52,83796.0,414.0,5.0,4.8,Aachen,POINT (6.149552475047769 50.77738019504014),transit,transit,transit,100.0,100.0,100.0,1613.9,Cineplex Aachen,1613.9,Cineplex Aachen,1507.7,Capitol,1832.2,Capitol,1832.2,Capitol,1958.6,Cineplex Aachen
0,1043.02,145.0,130.01999999999998,0.6,1043.02,145.0,130.01999999999998,1.2,950.76,123.4,131.35999999999999,1.6,455.28000000000003,1823.8400000000001,2045.9359589762503,2170.507968977938,3036.8,2.110132583759384,2.110132583759384,2.3417574774904453,2.187340881669738,2581.5200000000004,1043.02,768.0,26.286605629714906,1043.02,768.0,26.286605629714906,950.76,696.0,26.95934625667865,2232.0,79.53255751610845,,5.0,252136.0,1567.52,83796.0,414.0,5.0,3.4,Aachen,POINT (6.114699600000002 50.77705545),transit,transit,transit,100.0,100.0,100.0,822.9,Capitol,822.9,Capitol,702.9,Capitol,1180.7,Eden Palast,1180.7,Eden Palast,1086.9,
0,831.5,319.2,164.3,0.4,831.5,319.2,164.3,0.0,759.0000000000001,250.48000000000002,196.51999999999998,0.0,337.46,968.28,2388.063136056,1072.3452425286773,2422.0,1.28363048241569,1.28363048241569,1.4678104156891691,1.3450237935068499,2084.54,805.98,348.0,58.54829354214038,805.98,348.0,58.54829354214038,759.0000000000001,312.00000000000006,60.23179040967291,1008.0,177.32837749395367,,5.0,252136.0,1567.52,83796.0,414.0,5.0,0.4,Aachen,POINT (6.097483619951195 50.77840635600097),transit,transit,transit,80.0,80.0,100.0,733.2,Capitol,733.2,Capitol,551.2,Capitol,909.9,Eden Palast,909.9,Eden Palast,979.6,Cineplex Aachen
0,1693.36,149.5,127.85999999999999,1.6,1693.36,149.5,127.85999999999999,1.4,1753.36,149.5,127.85999999999999,1.4,927.8399999999999,4433.08,3891.1010642703304,5239.668412990929,5140.08,3.1047472990566454,3.1047472990566454,3.004885520297949,3.0714600394704132,4212.24,1693.36,1416.0,16.502356618514803,1693.36,1416.0,16.502356618514803,1753.36,1476.0,15.82465295445282,4308.0,48.82936619148243,,5.0,252136.0,1567.52,83796.0,414.0,5.0,4.4,Aachen,POINT (6.1587248306183255 50.77659265807083),transit,transit,transit,100.0,100.0,100.0,1590.8,Eden Palast,1590.8,Eden Palast,1509.0,Capitol,1869.0,Capitol,1869.0,Capitol,1890.8,Eden Palast
0,796.5200000000001,429.86,162.66,0.0,796.5200000000001,429.86,162.66,0.0,766.64,429.86,192.78000000000003,0.0,231.0,674.62,1999.05643149032,695.172606078195,2359.68,0.8142833214479268,0.8142833214479268,0.8792292320579123,0.835931958317922,2128.6799999999994,622.6,204.00000000000006,74.48471195212589,622.6,204.00000000000006,74.48471195212589,587.14,144.00000000000003,81.08636285297611,552.0000000000001,230.05578675722785,,5.0,252136.0,1567.52,83796.0,414.0,5.0,0.0,Aachen,POINT (6.088190874901417 50.76923767003224),foot,foot,foot,40.0,40.0,40.0,564.4,,564.4,,504.4,,1065.8,Apollo Kino,1065.8,Apollo Kino,1005.8,Apollo Kino
0,1776.9600000000003,143.1,217.86000000000004,1.6,1776.9600000000003,143.1,217.86000000000004,1.4,1806.7399999999998,143.1,187.64,1.4,925.72,4439.42,3878.36382470935,5215.170402001573,5360.66,2.941965160210317,2.941965160210317,2.905705291182874,2.9298785372011698,4434.94,1776.9600000000003,1416.0,20.339827656552206,1776.9600000000003,1416.0,20.339827656552206,1806.7399999999998,1476.0,18.20897567938415,4308.0,58.88863099248856,,5.0,252136.0,1567.52,83796.0,414.0,5.0,4.4,Aachen,POINT (6.15836645509339 50.776750469336804),transit,transit,transit,100.0,100.0,100.0,1639.8,Cineplex Aachen,1639.8,Cineplex Aachen,1533.6,Capitol,1893.6,Capitol,1893.6,Capitol,1984.5,Cineplex Aachen
0,1279.3799999999999,188.18,143.2,0.6,1300.2599999999998,137.06,143.2,0.0,1346.96,135.76,143.2,0.8,768.92,3384.84,6538.3034737417,4067.168021226924,3926.6,3.3133469289409225,3.2652613533181714,3.235744970564987,3.2714510842746933,3157.6800000000003,1279.3799999999999,948.0,24.829468836247813,1300.2599999999998,1020.0,21.325450867983534,1346.96,1068.0,20.42589012389943,3036.0,66.58080982813078,,5.0,252136.0,1567.52,83796.0,414.0,5.0,1.4,Aachen,POINT (6.061084877135483 50.808216440286145),transit,transit,transit,100.0,100.0,100.0,867.3,Apollo Kino,867.3,Apollo Kino,807.3,Apollo Kino,1699.5,Eden Palast,1623.1,,1865.5,
0,641.26,17.9,131.35999999999999,2.0,641.26,17.9,131.35999999999999,2.0,679.26,17.9,145.35999999999999,0.6,365.26000000000005,1068.06,1843.09852635565,1274.305356367622,1961.7800000000002,2.056230305209794,2.056230305209794,1.9807115163608735,2.0310573755934866,1596.52,641.26,492.0,23.014849116847383,641.26,492.0,23.014849116847383,679.26,516.0,24.402019588812216,1500.0,70.431717822507,,5.0,252136.0,1567.52,83796.0,414.0,5.0,4.6,Aachen,POINT (6.101786859127649 50.77423829612902),transit,transit,transit,100.0,100.0,100.0,477.4,Capitol,477.4,Capitol,417.4,Capitol,741.4,,741.4,,801.4,
0,1750.4599999999998,177.06,169.4,1.6,1750.4599999999998,177.06,169.4,1.4,1784.6399999999999,121.0,187.64,1.4,918.3399999999999,4428.68,3908.5560999025197,5174.278727672324,5285.5599999999995,2.9630320211517533,2.9630320211517533,2.9187490300140744,2.9482710241058605,4367.22,1750.4599999999998,1404.0,19.827175728969305,1750.4599999999998,1404.0,19.827175728969305,1784.6399999999999,1476.0,17.187177050538033,4284.0,56.84152850847664,,5.0,252136.0,1567.52,83796.0,414.0,5.0,4.4,Aachen,POINT (6.1576818523354255 50.77795686333907),transit,transit,transit,100.0,100.0,100.0,1617.7,Cineplex Aachen,1617.7,Cineplex Aachen,1511.5,Capitol,1871.5,Capitol,1871.5,Capitol,1962.4,Cineplex Aachen
0,720.08,317.72,162.35999999999999,0.4,826.04,239.87999999999997,214.16,0.2,668.8799999999999,156.82,176.06,0.0,302.93999999999994,598.36,2774.00641271784,631.421305916736,2215.0,1.0084727408200107,0.9075265030319655,1.1046002250348717,1.0068664896289494,1912.06,550.36,240.0,67.91659733208739,577.4,372.0,62.94260751702827,504.3,336.0,57.7145781334779,948.0,188.5737829825936,,5.0,252136.0,1567.52,83796.0,414.0,5.0,0.6,Aachen,POINT (6.079164620748165 50.77320776071289),foot,foot,transit,40.0,20.0,60.0,450.3,Cineplex Aachen,450.3,Cineplex Aachen,450.3,Cineplex Aachen,1279.5,Eden Palast,1575.8,Eden Palast,1310.1,Eden Palast
0,1181.86,218.22000000000003,123.63999999999999,1.4,1181.86,218.22000000000003,123.63999999999999,1.6,1114.08,293.1,124.97999999999999,1.6,511.0,1981.2599999999998,2060.06243838685,2384.4513423721423,3477.8,2.0332529245674484,2.0332529245674484,2.1773031629555755,2.081269670696824,2966.8,1181.86,840.0,29.15775915056427,1181.86,840.0,29.15775915056427,1114.08,696.0,37.888398927166335,2376.0,96.20391722829488,,5.0,252136.0,1567.52,83796.0,414.0,5.0,4.6,Aachen,POINT (6.117844294102727 50.77683444018735),transit,transit,transit,100.0,100.0,100.0,992.6,Capitol,992.6,Capitol,872.6,Capitol,1279.1,Cineplex Aachen,1279.1,Cineplex Aachen,1249.8,Cineplex Aachen
0,778.5,267.82000000000005,150.68,0.6,778.5,267.82000000000005,150.68,0.6,821.0199999999999,324.5,196.51999999999998,0.0,329.12000000000006,750.26,2046.35909841172,872.1814418793494,2378.0199999999995,1.1929591211067674,1.1929591211067674,1.133207282662008,1.173041841625181,2048.9,643.28,360.0,54.40314326612548,643.28,360.0,54.40314326612548,633.5600000000001,300.0,64.13870750147164,1020.0,172.9449940337226,,5.0,252136.0,1567.52,83796.0,414.0,5.0,1.2,Aachen,POINT (6.095583557971016 50.77427657644928),foot,foot,foot,40.0,40.0,40.0,515.4,Capitol,515.4,Capitol,654.2,Eden Palast,937.5,Eden Palast,937.5,Eden Palast,1108.8,Cineplex Aachen
0,639.2,275.56,123.63999999999999,0.0,639.2,275.56,123.63999999999999,0.0,626.9200000000001,367.84000000000003,115.08,0.2,226.28000000000003,562.5000000000001,2186.89311666036,610.7914995964412,1905.3200000000002,0.9263971949498941,0.9263971949498941,0.9531585571178119,0.9353176490058667,1679.0400000000002,509.18,240.0,64.43790718520953,509.18,240.0,64.43790718520953,501.36,144.0,78.55732930122818,624.0,207.43314367164726,,5.0,252136.0,1567.52,83796.0,414.0,5.0,0.2,Aachen,POINT (6.09103969805681 50.7737007117017),foot,foot,foot,20.0,20.0,20.0,534.6,Cineplex Aachen,534.6,Cineplex Aachen,499.5,Cineplex Aachen,800.4,Apollo Kino,800.4,Apollo Kino,761.3,Apollo Kino
0,1432.26,347.73999999999995,148.52,0.4,1392.7800000000002,428.25999999999993,148.52,1.4,1278.34,293.34,145.0,0.4,477.41999999999996,1758.2599999999998,1981.7028668655998,2062.9859297768317,4103.38,1.434843828630586,1.4734185186620798,1.6312665550027212,1.513176300765129,3625.9600000000005,1402.98,936.0,35.56538706673272,1375.5000000000002,816.0,42.25501138463886,1278.34,840.0,36.802375832568416,2592.0,114.62277428394,,5.0,252136.0,1567.52,83796.0,414.0,5.0,2.2,Aachen,POINT (6.08340295 50.7564911),transit,transit,transit,80.0,80.0,100.0,1210.9,Cineplex Aachen,1165.1,Cineplex Aachen,1042.2,Eden Palast,1716.7,Apollo Kino,1670.9,Apollo Kino,1904.6,Apollo Kino
0,1072.7400000000002,247.54000000000002,129.2,1.4,1072.7400000000002,247.54000000000002,129.2,1.4,1015.4399999999999,276.6,174.83999999999997,0.4,464.56000000000006,2011.6199999999997,1496.01220752439,2421.408558404798,3160.9199999999996,2.265010943219119,2.265010943219119,2.3965654444525177,2.3088624436302516,2696.3599999999997,1072.7400000000002,696.0,35.275434828787105,1072.7400000000002,696.0,35.275434828787105,1015.4399999999999,564.0,45.42747313819786,1956.0,115.97834279577208,,5.0,252136.0,1567.52,83796.0,414.0,5.0,3.2,Aachen,POINT (6.118161694605526 50.771508317963786),transit,transit,transit,100.0,100.0,100.0,990.3,,990.3,,866.6,Eden Palast,1208.1,Eden Palast,1208.1,Eden Palast,1149.2,
0,1275.4599999999998,462.25999999999993,129.2,1.2,1410.8400000000001,463.03999999999996,119.8,1.8,1187.16,463.82,111.34,1.0,352.41999999999996,1109.52,2191.64125626718,1203.283624417668,3873.46,0.9473014517889075,0.9000480461430829,1.0350128786323607,0.9607874588547837,3521.04,1084.1600000000003,684.0,47.06600963222972,1084.1600000000003,828.0,43.479240830279124,1041.7800000000002,612.0,50.046348399493624,2124.0,140.59159886200246,,5.0,252136.0,1567.52,83796.0,414.0,5.0,4.0,Aachen,POINT (6.1002159625953265 50.77721164928183),foot,foot,foot,20.0,20.0,40.0,1125.9,Eden Palast,1125.9,Eden Palast,905.4,Capitol,1496.5,Apollo Kino,2000.2,Capitol,1386.9,Cineplex Aachen
0,1045.1200000000001,121.92,143.2,1.0,999.78,32.8,138.97999999999996,0.0,1048.1399999999999,126.28,141.85999999999999,0.2,620.74,2366.7,5426.59483582088,2883.825155370736,3093.04,2.9329008418286975,3.020543452939145,2.9162275079532103,2.956557267573684,2472.3,1045.1200000000001,780.0,25.091180004595905,999.78,828.0,18.51300860107133,1048.1399999999999,780.0,25.369187956406424,2388.0,68.97337656207365,,5.0,252136.0,1567.52,83796.0,414.0,5.0,1.2,Aachen,POINT (6.063067202881077 50.796820971333055),transit,transit,transit,100.0,100.0,100.0,598.6,Apollo Kino,598.6,Apollo Kino,598.6,Apollo Kino,1456.9,Eden Palast,1289.5,Cineplex Aachen,1321.3,
0,1552.5399999999997,385.21999999999997,207.32,0.0,1552.5399999999997,385.21999999999997,207.32,0.0,1471.7799999999997,405.56000000000006,214.21999999999997,0.0,735.9399999999999,2981.84,5492.53532108418,3392.1098127552277,4576.86,2.2011662214483367,2.2011662214483367,2.3567822731596295,2.2530382386854346,3840.9199999999996,1552.5399999999997,960.0,38.67654521242618,1552.5399999999997,960.0,38.67654521242618,1471.7799999999997,852.0,42.34100270615825,2772.0,119.69409313101059,,5.0,252136.0,1567.52,83796.0,414.0,5.0,0.0,Aachen,POINT (6.037119197801529 50.77386633258176),transit,transit,transit,100.0,100.0,100.0,1435.9,Cineplex Aachen,1435.9,Cineplex Aachen,1255.9,Cineplex Aachen,1842.7,Capitol,1842.7,Capitol,1873.2,Eden Palast
0,1205.42,480.41999999999996,173.00000000000003,0.4,1181.8799999999999,480.41999999999996,161.46,0.4,1058.3799999999999,548.52,161.85999999999999,0.0,410.16,1263.8999999999999,1282.55947884963,1425.8618057389422,3445.6800000000003,1.1608455262469195,1.1885124412875745,1.3261883834788322,1.225182117004442,3035.52,1170.78,552.0,56.41755704220249,1158.78,540.0,56.922346365619504,1058.1799999999998,348.0,66.45750248636604,1440.0,179.797405894188,,5.0,252136.0,1567.52,83796.0,414.0,5.0,0.8,Aachen,POINT (6.095047492282161 50.7640232452561),transit,transit,transit,60.0,60.0,80.0,884.5,Cineplex Aachen,824.5,Cineplex Aachen,824.5,Cineplex Aachen,1510.3,Apollo Kino,1510.3,Apollo Kino,1329.8,Apollo Kino
0,1143.66,346.58000000000004,257.08000000000004,2.0,1143.66,346.58000000000004,257.08000000000004,2.0,1089.2000000000003,262.5,250.7,1.6,428.32,1589.5000000000002,1794.70410304525,1853.704520617002,3376.5200000000004,1.6522018023869858,1.6522018023869858,1.7500463133635382,1.6848166393791701,2948.2000000000003,1143.66,540.0,52.686209937147076,1143.66,540.0,52.686209937147076,1089.2000000000003,576.0,47.42490891813817,1656.0,152.79732879243232,,5.0,252136.0,1567.52,83796.0,414.0,5.0,5.6,Aachen,POINT (6.1103257823139305 50.77491745332473),transit,transit,transit,100.0,100.0,100.0,933.9,Capitol,933.9,Capitol,835.5,Capitol,1268.2,Eden Palast,1268.2,Eden Palast,1289.8,Eden Palast
0,1385.94,176.44,141.5,1.0,1385.94,176.44,141.5,1.0,1286.56,62.8,227.76,2.0,638.58,2628.9199999999996,1442.66485758719,3281.3568376110597,4058.4399999999996,2.3846377766442304,2.3846377766442304,2.613798613196161,2.4610247221615404,3419.8599999999997,1385.94,1068.0,22.788946495810244,1385.94,1068.0,22.788946495810244,1286.56,996.0,22.338435201374658,3132.0,67.91632819299515,,5.0,252136.0,1567.52,83796.0,414.0,5.0,4.0,Aachen,POINT (6.128591884140353 50.76566235494805),transit,transit,transit,100.0,100.0,100.0,1263.0,Apollo Kino,1263.0,Apollo Kino,1055.8,Capitol,1510.5,Capitol,1510.5,Capitol,1510.1,Eden Palast
0,726.58,289.6,124.97999999999999,0.2,726.58,289.6,124.97999999999999,0.2,730.3,293.32000000000005,124.97999999999999,0.0,361.23999999999995,959.78,2285.83794764086,1090.7530454856153,2183.46,1.5142430250100767,1.5142430250100767,1.5448292935197436,1.5244384478466322,1822.2200000000005,726.58,312.0,57.61729460813702,726.58,312.0,57.61729460813702,730.3,312.0,59.00602485496154,936.0,174.2406140712356,,5.0,252136.0,1567.52,83796.0,414.0,5.0,0.4,Aachen,POINT (6.098247902137507 50.77761593667739),transit,transit,transit,100.0,100.0,100.0,569.1,Capitol,569.1,Capitol,509.1,Capitol,826.3,Cineplex Aachen,826.3,Cineplex Aachen,886.3,Cineplex Aachen
0,1223.06,505.03999999999996,130.01999999999998,1.2,1126.54,432.52,130.01999999999998,0.6,1054.02,360.0,130.01999999999998,0.0,405.18,1507.6399999999999,1094.08786381294,1788.029888894896,3403.6200000000003,1.488676254721717,1.6194798878039536,1.7777738500879032,1.6286433308711914,2998.44,1195.9599999999998,588.0,50.8857191404518,1099.44,564.0,48.68905899709133,1014.9199999999998,564.0,46.4195861765033,1716.0,145.9943643140464,,5.0,252136.0,1567.52,83796.0,414.0,5.0,1.8,Aachen,POINT (6.107315537776221 50.76830923348084),transit,transit,transit,80.0,80.0,80.0,913.2,Cineplex Aachen,864.5,Eden Palast,744.5,Eden Palast,1470.7,,1470.7,,1530.7,
0,1633.7,556.64,177.06,0.8,1633.7,556.64,177.06,0.8,1328.4599999999998,504.6,127.85999999999999,0.0,396.8,1532.68,1065.14222633128,1831.1566665893,4595.860000000001,1.1517232048536434,1.1517232048536434,1.3717841450477426,1.2250768515850097,4199.0599999999995,1466.3000000000002,900.0,44.94612213629547,1466.3000000000002,900.0,44.94612213629547,1328.4599999999998,696.0,48.69308421631617,2496.0,138.58532848890712,,5.0,252136.0,1567.52,83796.0,414.0,5.0,1.6,Aachen,POINT (6.107870705644964 50.768127894101454),transit,transit,transit,60.0,60.0,100.0,1334.6,Cineplex Aachen,1334.6,Cineplex Aachen,1165.9,Eden Palast,2212.1,Eden Palast,2212.1,Eden Palast,1660.4,Apollo Kino
0,975.3399999999999,365.65999999999997,153.68,1.0,975.3399999999999,365.65999999999997,153.68,1.0,931.5399999999997,381.4,202.14000000000001,0.0,295.06,1027.58,1477.38780739685,1238.8229808326803,2882.2200000000003,1.2944195774439076,1.2944195774439076,1.3732246424175032,1.320687932435106,2587.16,876.5,456.0,53.14369691546217,876.5,456.0,53.14369691546217,842.3799999999999,348.0,61.9728102104332,1260.0,168.26020404135755,,5.0,252136.0,1567.52,83796.0,414.0,5.0,2.0,Aachen,POINT (6.099629780249065 50.769844100194554),transit,transit,transit,60.0,60.0,60.0,801.3,,801.3,,681.3,,1099.2,Cineplex Aachen,1099.2,Cineplex Aachen,1166.1,Eden Palast
0,624.12,273.78000000000003,206.34,0.0,703.4999999999999,308.2,227.30000000000004,0.0,614.94,227.92,183.02,0.0,288.14,679.36,2970.36386832144,745.9118760877457,1942.56,1.2665579240829759,1.118933763356377,1.2644552549171,1.2166489807854843,1654.42,570.96,144.0,75.33515071963805,608.5200000000001,168.0,77.6473556758759,576.22,204.0,66.54273657392517,516.0,219.52524296943912,,5.0,252136.0,1567.52,83796.0,414.0,5.0,0.0,Aachen,POINT (6.076714406339758 50.774066366280124),transit,transit,transit,80.0,60.0,80.0,505.9,Apollo Kino,505.9,Apollo Kino,525.4,Capitol,932.6,Eden Palast,932.6,Eden Palast,860.4,Eden Palast
0,957.9200000000001,3.4,162.52,1.0,957.9200000000001,3.4,162.52,1.0,788.0,70.13999999999999,141.85999999999999,0.6,484.5,1823.1,4703.57654991953,2180.073941502474,2703.84,2.3880209140947297,2.3880209140947297,2.8617820918754777,2.545941306688313,2219.3399999999997,957.9200000000001,792.0,18.351108014558143,957.9200000000001,792.0,18.351108014558143,788.0,576.0,26.618580166320477,2160.0,63.32079619543676,,5.0,252136.0,1567.52,83796.0,414.0,5.0,2.6,Aachen,POINT (6.05801284634572 50.78424790415137),transit,transit,transit,100.0,100.0,100.0,509.2,Apollo Kino,509.2,Apollo Kino,449.2,Apollo Kino,1308.0,Eden Palast,1308.0,Eden Palast,1036.6,Capitol
0,2240.1,72.23999999999998,127.85999999999999,1.4,2136.06,16.2,127.85999999999999,0.4,1920.06,16.2,127.85999999999999,2.8,1113.2400000000002,5304.9800000000005,3828.5025616267294,6383.301271531718,6296.219999999999,2.8605029956474572,3.003901652678928,3.347796177408913,3.0707336085784336,5182.9800000000005,2240.1,2040.0,8.785428126104174,2136.06,1992.0,6.755817013075394,1920.06,1776.0,7.464484332514547,5808.0,23.005729471694114,,5.0,252136.0,1567.52,83796.0,414.0,5.0,4.6,Aachen,POINT (6.158068059521909 50.74142147512963),transit,transit,transit,100.0,100.0,100.0,2072.0,Apollo Kino,1952.0,Apollo Kino,1675.7,Capitol,2375.9,Capitol,2335.7,Capitol,2057.5,Eden Palast
0,1215.92,691.0799999999999,236.84,0.4,1215.92,691.0799999999999,236.84,0.2,1181.56,642.2,227.35999999999999,0.0,346.8,1051.56,1711.0178153987501,1175.4003715790172,3613.4,0.9978526396892095,0.9978526396892095,1.0312123156560768,1.0089725316781653,3266.6,962.9,288.0,76.30927260875163,962.9,288.0,76.30927260875163,946.0799999999999,312.00000000000006,74.25628453335399,888.0,226.87482975085723,,5.0,252136.0,1567.52,83796.0,414.0,5.0,0.6,Aachen,POINT (6.099969936019535 50.77241143288608),foot,foot,foot,40.0,40.0,20.0,934.8,Capitol,934.8,Capitol,1014.5,Capitol,1402.9,Eden Palast,1402.9,Eden Palast,1442.9,Cineplex Aachen
0,1632.7799999999997,136.92,127.85999999999999,0.8,1632.7799999999997,136.92,127.85999999999999,1.4,1548.26,124.4,127.85999999999999,2.4,858.5,3852.0199999999995,2360.34770416441,4694.983811487248,4813.82,2.8976783760343183,2.8976783760343183,3.0634226008769136,2.95292645098185,3955.3200000000006,1632.7799999999997,1368.0,16.186242750507482,1632.7799999999997,1368.0,16.186242750507482,1548.26,1296.0,16.304940289457853,4032.0,48.67742579047281,,5.0,252136.0,1567.52,83796.0,414.0,5.0,4.6,Aachen,POINT (6.144519810358961 50.756630282250036),transit,transit,transit,100.0,100.0,100.0,1460.2,Apollo Kino,1460.2,Apollo Kino,1303.9,Capitol,1786.5,Capitol,1786.5,Capitol,1685.7,Eden Palast
0,1201.4599999999998,248.94,148.52,0.0,1201.4599999999998,248.94,148.52,0.0,1016.5200000000001,250.66,141.85999999999999,0.6,586.5,2145.56,4911.40506764187,2435.44087370797,3419.4399999999996,2.1659508304013975,2.1659508304013975,2.40719663787688,2.2463660995598915,2832.9399999999996,1201.4599999999998,804.0,35.33123736727563,1201.4599999999998,804.0,35.33123736727563,1016.5200000000001,624.0,39.42932388512467,2232.0,110.09179861967593,,5.0,252136.0,1567.52,83796.0,414.0,5.0,0.6,Aachen,POINT (6.053220758355105 50.78318462244264),transit,transit,transit,100.0,100.0,100.0,621.3,Apollo Kino,621.3,Apollo Kino,751.3,Apollo Kino,1610.1,Eden Palast,1610.1,Eden Palast,1146.8,
0,2668.38,143.4,124.97999999999999,5.6,2283.52,143.4,124.11999999999998,5.6,2947.2599999999998,143.4,127.85999999999999,1.8,1752.92,12737.240000000002,13347.2944946299,15765.518422910001,7899.159999999999,5.925030649500089,6.9614569928989365,5.364915456367674,6.083801032922233,6146.24,2668.38,2400.0,10.033586861610589,2283.52,2016.0,11.984921621883483,2947.2599999999998,2676.0,9.191449202696992,7092.0,31.209957686191064,,5.0,252136.0,1567.52,83796.0,414.0,5.0,13.0,Aachen,POINT (6.1854740346186565 50.648472804702045),transit,transit,transit,100.0,100.0,100.0,2462.9,Capitol,2004.7,Eden Palast,2702.9,Capitol,2780.1,Cineplex Aachen,2619.2,Apollo Kino,3084.7,Eden Palast
0,3510.5800000000004,1033.6,124.97999999999999,3.4,3813.46,1033.6,127.85999999999999,1.4,3593.2400000000002,1033.6,123.63999999999999,3.2,1758.52,9691.079999999998,9080.4267436803,11668.512966639359,10917.279999999999,3.3283503135641084,3.064670443336845,3.2553502324843016,3.2161236631284185,9158.76,3510.5800000000004,2352.0,33.00478702524331,3813.46,2652.0,30.4863823040763,3593.2400000000002,2436.0,32.22851832552608,7440.0,95.71968765484567,,5.0,252136.0,1567.52,83796.0,414.0,5.0,8.0,Aachen,POINT (6.210525291514828 50.706912878117826),transit,transit,transit,100.0,100.0,100.0,3353.1,Capitol,3629.4,Apollo Kino,3353.1,Capitol,3610.3,Cineplex Aachen,4013.1,Capitol,3723.6,Cineplex Aachen
0,3387.66,905.8,141.85999999999999,0.4,3387.66,905.8,141.85999999999999,0.8,,,,,1303.2600000000002,6874.039999999999,10271.2776640906,7996.671659865706,,2.3894541314186304,2.3894541314186304,,,,3387.66,2340.0,31.187246005687275,3387.66,2340.0,31.187246005687275,6874.039999999999,,,,,,5.0,252136.0,1567.52,83796.0,414.0,5.0,,Aachen,POINT (6.058203084756187 50.84477924594339),transit,transit,foot,100.0,100.0,0.0,3045.3,Capitol,3045.3,Capitol,,NaN,4051.6,Apollo Kino,4051.6,Apollo Kino,,NaN
0,1801.3399999999997,533.4799999999999,127.85999999999999,0.0,1789.3399999999997,533.4799999999999,127.85999999999999,0.0,1800.0,533.4799999999999,162.52,0.2,816.1,3801.5,6426.81261680928,4315.138705332444,5390.68,2.3984572369675017,2.4131928873601756,2.4373568413553133,2.416335655227664,4574.58,1801.3399999999997,1140.0,36.75609977828897,1789.3399999999997,1128.0,36.98025590272947,1800.0,1104.0,39.161152229831984,3372.0,112.89750791085041,,5.0,252136.0,1567.52,83796.0,414.0,5.0,0.2,Aachen,POINT (6.02390654661149 50.77519010787857),transit,transit,transit,100.0,100.0,100.0,1721.9,Eden Palast,1721.9,Eden Palast,1590.6,Cineplex Aachen,1944.5,Capitol,1884.5,Capitol,2245.2,Eden Palast
