,15_total_duration,15_walk_to,15_walk_from,15_total_changes,18_total_duration,18_walk_to,18_walk_from,18_total_changes,21_total_duration,21_walk_to,21_walk_from,21_total_changes,car_duration,foot_duration,distance_start_centroid,distance_start_cinema,average duration,15_speed,18_speed,21_speed,average speed,average duration difference to car,15_trip_duration,15_transit_dur,15_walk_share,18_trip_duration,18_transit_dur,18_walk_share,21_trip_duration,21_transit_dur,21_walk_share,average transit duration,average walk share,population,cinemas,population aggr,population density,built-up area,transit departures,transit stops,area,osm_cinemas,start_location,15 transit is reasonable,18 transit is reasonable,21 transit is reasonable,15 min cinema dur,15 most accessible cinema,18 min cinema dur,18 most accessible cinema,21 min cinema dur,21 most accessible cinema,15 max cinema dur,15 least accessible cinema,18 max cinema dur,18 least accessible cinema,21 max cinema dur,21 least accessible cinema,average changes,area average changes,level,level_dummy
0,845.3,267.45,157.85,0.0,780.05,142.2,157.85,0.0,899.5500000000001,379.35,160.2,0.0,317.0,862.65,5633.452374043448,911.8920169063148,2524.9,0.8780693169464431,0.968823338591276,0.8217483024547501,0.8895469859974897,2207.9,668.3,420.0,54.62298859685629,603.05,480.0,45.13079185608456,711.85,360.0000000000001,68.04960724886129,1260.0,167.80338770180214,4530.5,2.0,47610.0,574.03,24.95,6234.0,90.0,Landau in der Pfalz,2,POINT (8.115673491812512 49.19820397155789),50.0,50.0,50.0,535.3,Universum Kinocenter,535.3,Universum Kinocenter,556.7,Universum Kinocenter,1155.3,Filmwelt Landau,1024.8,Filmwelt Landau,1242.4,Filmwelt Landau,0.0,0.44387755102040816,mid,2
1,701.2,303.35,157.85,0.0,642.8,182.6,160.2,0.0,720.8,170.6,160.2,0.0,313.55,1020.8,5484.237745156789,1135.030111774668,2064.8,1.4626996424736445,1.5984004934146423,1.4262390087160646,1.495779714868117,1751.25,684.8499999999999,240.0,71.18902864932747,626.5,300.0,57.88330069161492,674.5,390.0,50.13918016204782,930.0,179.2115095029902,4154.0,2.0,47610.0,574.03,24.95,6234.0,90.0,Landau in der Pfalz,2,POINT (8.109358799999999 49.19468679999999),50.0,50.0,50.0,460.6,Universum Kinocenter,460.5,Universum Kinocenter,520.5,Universum Kinocenter,941.8,Filmwelt Landau,825.1,Filmwelt Landau,921.1,Filmwelt Landau,0.0,0.44387755102040816,mid,2
2,921.35,431.15,160.2,0.0,1199.85,371.65,528.2,0.0,1264.95,346.75,528.2,0.0,277.1,822.15,5606.9895542400345,862.1115901800433,3386.15,0.8373157224448091,0.5911716157636255,0.5640078236010204,0.6641650539364852,3109.05,568.2,330.00000000000006,67.49455946466095,797.1,300.0,77.33499344097342,822.15,390.0,71.51907243383938,1020.0,216.34862533947376,5653.5,2.0,47610.0,574.03,24.95,6234.0,90.0,Landau in der Pfalz,2,POINT (8.114063257142952 49.19702713679676),50.0,50.0,0.0,799.3,Universum Kinocenter,898.5,Universum Kinocenter,958.5,Universum Kinocenter,1043.4,Filmwelt Landau,1501.2,Filmwelt Landau,1571.4,Filmwelt Landau,0.0,0.44387755102040816,mid,2
3,894.8499999999999,330.65000000000003,264.2,0.0,1255.8,187.25,588.55,0.0,1162.2,378.0,424.2000000000001,0.0,283.15,729.25,5789.81852994908,786.953443893848,3312.85,0.7342760515417657,0.4781619180005258,0.5149258950663287,0.5757879548695402,3029.7,610.6999999999999,299.99999999999994,67.80674713772373,729.25,480.0000000000001,65.376154809994,729.25,360.0,75.37799020890614,1140.0,208.56089215662388,4530.5,2.0,47610.0,574.03,24.95,6234.0,90.0,Landau in der Pfalz,2,POINT (8.11615755 49.19612099999999),50.0,0.0,0.0,668.4,Universum Kinocenter,668.4,Universum Kinocenter,402.7,Universum Kinocenter,1121.3,Filmwelt Landau,1843.2,Filmwelt Landau,1921.7,Filmwelt Landau,0.0,0.44387755102040816,mid,2
4,953.5,465.65,157.85,0.0,977.15,465.65,211.5,0.0,997.55,426.05,211.5,0.0,324.3,858.1,5608.8155479712805,909.34308522224,2928.2,0.8250819677840496,0.8352357981835814,0.8144264917866246,0.8249147525847518,2603.9,655.25,330.0,69.96745411167653,640.0,300.0,71.38502037252712,655.25,360.00000000000006,66.82754553994708,990.0,208.18002002415076,2407.0,2.0,47610.0,574.03,24.95,6234.0,90.0,Landau in der Pfalz,2,POINT (8.115137773909515 49.19806543842663),50.0,50.0,50.0,756.0,Universum Kinocenter,833.8,Universum Kinocenter,844.1,Universum Kinocenter,1151.0,Filmwelt Landau,1120.5,Filmwelt Landau,1151.0,Filmwelt Landau,0.0,0.44387755102040816,mid,2
5,716.9,346.7,160.2,0.0,863.25,433.05,160.2,0.0,1070.7,550.5,160.2,0.0,382.9,1150.3000000000002,5846.033923735532,1207.717367642974,2650.8500000000004,1.6368532581630708,1.3593830688763622,1.107729359064939,1.3679885620347907,2267.95,716.9,210.0,73.46435811946924,863.25,269.99999999999994,71.97218671569053,1053.35,359.99999999999994,70.26584116961135,839.9999999999999,215.70238600477117,3650.5,2.0,47610.0,574.03,24.95,6234.0,90.0,Landau in der Pfalz,2,POINT (8.110049977166405 49.19017828833361),100.0,100.0,50.0,597.0,Universum Kinocenter,720.9,Universum Kinocenter,780.9,Universum Kinocenter,836.8,Filmwelt Landau,1005.6,Filmwelt Landau,1360.5,Filmwelt Landau,0.0,0.44387755102040816,mid,2
6,1368.15,343.7,244.45,0.5,1080.0,405.35,254.65,0.0,1120.7,338.85,421.85,0.0,413.35,1000.15,5397.147564534484,1071.5683349774008,3568.8500000000004,0.837057821190064,0.8984152325242701,0.817304957697555,0.8509260038039629,3155.4999999999995,762.4,780.0,42.587646539343325,762.4,420.0,65.58403305859258,869.9,360.0,71.80917841293045,1560.0,179.98085801086637,4907.0,2.0,47610.0,574.03,24.95,6234.0,90.0,Landau in der Pfalz,2,POINT (8.111555241647704 49.197966659676695),50.0,50.0,50.0,1253.8,Filmwelt Landau,906.2,Universum Kinocenter,772.6,Universum Kinocenter,1482.5,Universum Kinocenter,1253.8,Filmwelt Landau,1468.8,Filmwelt Landau,0.5,0.44387755102040816,mid,2
7,793.6,379.4,264.2,0.0,1465.85,397.3,588.55,0.0,1226.65,442.45,424.2000000000001,0.0,234.55,767.4000000000001,5975.182440178258,808.3688613609461,3486.0999999999995,1.1167017293801582,0.5023196905245138,0.788187571574875,0.802402997159849,3251.5499999999997,486.1,150.0,81.27108881217686,767.4000000000001,480.0,70.80189106652583,767.4000000000001,360.0,75.70804701178241,990.0,227.7810268904851,6030.0,2.0,47610.0,574.03,24.95,6234.0,90.0,Landau in der Pfalz,2,POINT (8.116937957401461 49.19394016975103),50.0,0.0,0.0,688.6,Filmwelt Landau,898.6,Universum Kinocenter,348.2,Universum Kinocenter,898.6,Universum Kinocenter,2033.1,Filmwelt Landau,2105.1,Filmwelt Landau,0.0,0.44387755102040816,mid,2
8,1000.05,428.55,211.5,0.0,982.3,470.8,211.5,0.0,950.4,348.9,211.5,0.0,365.0,940.35,5550.415299943896,1007.1213721276532,2932.75,0.8818184814749965,0.9025902272186112,0.9431754068480244,0.909194705180544,2567.75,740.0,360.0,67.89715454162115,722.25,299.99999999999994,72.17047506985321,690.35,390.0,63.15113389548482,1050.0,203.2187635069592,660.0,2.0,47610.0,574.03,24.95,6234.0,90.0,Landau in der Pfalz,2,POINT (8.115199700000002 49.19911675000001),50.0,50.0,50.0,761.8,Universum Kinocenter,761.8,Universum Kinocenter,761.8,Universum Kinocenter,1238.3,Filmwelt Landau,1202.8,Filmwelt Landau,1139.0,Filmwelt Landau,0.0,0.44387755102040816,mid,2
9,1170.8000000000002,59.3,211.5,0.0,1165.75,234.25,211.5,0.0,2513.9,463.8,130.1,1.0,471.9,1620.2,5381.740936766667,1806.8324879273785,5172.700000000001,1.505121494650794,1.5112881407636922,0.9447685511156408,1.5059632498752196,4631.300000000001,1170.8000000000002,900.0,24.52126184811881,1165.75,720.0,42.15494835600767,1620.2,1920.0,23.624646962886352,4200.0,52.118704432421474,4530.5,2.0,47610.0,574.03,24.95,6234.0,90.0,Landau in der Pfalz,2,POINT (8.119029849999999 49.20749880000001),100.0,100.0,0.0,1012.2,Universum Kinocenter,1002.1,Universum Kinocenter,2513.9,Filmwelt Landau,1329.4,Filmwelt Landau,1329.4,Filmwelt Landau,2513.9,Filmwelt Landau,1.0,0.44387755102040816,mid,2
10,1037.475,256.0,421.475,0.5,1037.475,256.0,421.475,0.5,1190.4666666666665,736.1999999999999,354.26666666666665,0.0,372.25,1149.8,6878.518377570379,1277.7187763106012,3222.6666666666665,1.4473813701169251,1.4473813701169251,1.0461064415542605,1.343158501351187,2879.566666666667,947.85,360.0,66.93395932093605,947.85,360.0,66.93395932093605,1115.825,100.00000000000009,91.41494324897332,620.0000000000001,243.1807374584702,2819.5,2.0,47610.0,574.03,24.95,6234.0,90.0,Landau in der Pfalz,4,POINT (8.1347797 49.197627649999994),75.0,75.0,50.0,446.1,Filmwelt Landau,446.1,Filmwelt Landau,1003.4,Filmwelt Landau,1393.3,Filmwelt Landau,1393.3,Filmwelt Landau,1407.7,Filmwelt Landau,1.0,0.44387755102040816,mid,2
11,900.35,350.15,160.2,0.0,1135.75,411.55,424.2000000000001,0.0,1164.35,350.15,424.2000000000001,0.0,420.0,877.75,5526.727793540103,942.695792550822,3200.45,0.94351589301746,0.6645387635747504,0.6570965952994716,0.7550504172972274,2780.45,587.25,390.00000000000006,59.141482882954605,852.65,300.0,76.1888148954414,851.25,390.0,69.0778374581544,1080.0,204.4081352365504,660.0,2.0,47610.0,574.03,24.95,6234.0,90.0,Landau in der Pfalz,2,POINT (8.113239403683185 49.197517589267825),50.0,50.0,50.0,774.8,Universum Kinocenter,714.8,Universum Kinocenter,774.8,Universum Kinocenter,1025.9,Filmwelt Landau,1556.7,Filmwelt Landau,1553.9,Filmwelt Landau,0.0,0.44387755102040816,mid,2
12,1124.1,462.6,211.5,0.0,1124.1,462.6,211.5,0.0,912.65,364.8,157.85,0.0,262.75,828.75,5620.706869555697,913.6370546013663,3160.85,0.7160776283127273,0.7160776283127273,0.8142652784273536,0.7488068450176028,2898.1000000000004,752.4,450.0,64.28615797267007,752.4,450.0,64.28615797267007,725.3,390.0,63.21376426715665,1290.0,191.7860802124968,2407.0,2.0,47610.0,574.03,24.95,6234.0,90.0,Landau in der Pfalz,2,POINT (8.112826418343126 49.19565482522544),50.0,50.0,50.0,908.4,Universum Kinocenter,908.4,Universum Kinocenter,539.7,Universum Kinocenter,1339.8,Filmwelt Landau,1339.8,Filmwelt Landau,1285.6,Filmwelt Landau,0.0,0.44387755102040816,mid,2
13,989.9,402.25,347.65000000000003,0.0,1077.15,248.95,528.2,0.0,1128.5,210.3,528.2,0.0,351.0,928.4,5494.511820316935,1051.163408288857,3195.55,1.023683201363285,0.8468065822227843,0.810905069476206,0.8937982843540918,2844.55,658.9499999999999,239.99999999999997,76.72028274520505,858.6999999999999,299.99999999999994,74.93145437032373,880.05,390.0,68.13384421960461,930.0,219.7855813351334,660.0,2.0,47610.0,574.03,24.95,6234.0,90.0,Landau in der Pfalz,2,POINT (8.110669063489242 49.19564967429368),50.0,50.0,50.0,933.2,Universum Kinocenter,708.2,Universum Kinocenter,768.2,Universum Kinocenter,1046.6,Filmwelt Landau,1446.1,Filmwelt Landau,1488.8,Filmwelt Landau,0.0,0.44387755102040816,mid,2
14,2773.15,1354.5,518.65,0.0,2566.05,1370.55,475.5,0.0,1998.75,496.55,482.2,0.5,272.05,869.1500000000001,5796.678820200635,943.3069149825732,7337.95,0.3191546314320514,0.3364864545043246,0.8263582473961837,0.4939997777775199,7065.9,869.1500000000001,899.9999999999999,68.13349659362838,869.1500000000001,720.0,74.3420142100122,835.0,1020.0,55.03111803533248,2640.0,197.50662883897303,2819.5,2.0,47610.0,574.03,24.95,6234.0,90.0,Landau in der Pfalz,2,POINT (8.1131656 49.193314),0.0,0.0,50.0,2393.7,Universum Kinocenter,1979.5,Universum Kinocenter,317.8,Universum Kinocenter,3152.6,Filmwelt Landau,3152.6,Filmwelt Landau,3679.7,Filmwelt Landau,0.5,0.44387755102040816,mid,2
15,923.15,365.5,347.65000000000003,0.0,1202.95,414.3,518.65,0.0,1313.55,531.7,421.85,0.0,376.65,1150.25,5826.766345131533,1200.1776163414822,3439.65,1.3402049651663428,0.9735829276192942,0.9500513241261752,1.0879464056372707,3063.0,791.5,210.0,75.93396993158392,1121.15,270.0,80.79036675643712,1150.25,360.0,76.03280726384979,840.0,232.75714395187083,4530.5,2.0,47610.0,574.03,24.95,6234.0,90.0,Landau in der Pfalz,2,POINT (8.110014249999997 49.19041199999999),50.0,50.0,0.0,855.6,Filmwelt Landau,891.0,Universum Kinocenter,757.4,Universum Kinocenter,990.7,Universum Kinocenter,1514.9,Filmwelt Landau,1869.7,Filmwelt Landau,0.0,0.44387755102040816,mid,2
16,1725.65,307.0,518.65,0.0,1622.65,427.15,475.5,0.0,3029.5,330.7,778.8,1.0,405.2,1453.5,5573.613190957966,1523.1755781059712,7239.7,0.8546154803680964,0.9202926935248008,0.6824919642806465,0.8822910464401733,6798.8,1453.5,900.0,48.409456271562576,1453.5,720.0,59.7673147856996,1453.5,1920.0,36.62320514936458,4200.0,128.31481124883732,660.0,2.0,47610.0,574.03,24.95,6234.0,90.0,Landau in der Pfalz,2,POINT (8.120151324808182 49.20480109514346),0.0,0.0,0.0,1346.2,Universum Kinocenter,1140.2,Universum Kinocenter,3029.5,Filmwelt Landau,2105.1,Filmwelt Landau,2105.1,Filmwelt Landau,3029.5,Filmwelt Landau,1.0,0.44387755102040816,mid,2
17,1525.95,571.75,264.2,0.0,2061.1,992.55,588.55,0.0,1895.95,1111.75,424.2000000000001,0.0,418.95,1599.9,5600.969635855681,1700.1658853283757,5483.0,1.1546619421737527,0.80776612087799,0.8789191791365132,0.9471157473960852,5064.05,1262.3000000000002,690.0,51.26262352787778,1599.9,480.0,78.7148101103235,1599.9,360.0,83.52337552129731,1530.0,213.5008091594986,4530.5,2.0,47610.0,574.03,24.95,6234.0,90.0,Landau in der Pfalz,2,POINT (8.121670500000004 49.206514),50.0,0.0,0.0,1384.4,Filmwelt Landau,1667.5,Universum Kinocenter,1515.6,Universum Kinocenter,1667.5,Universum Kinocenter,2454.7,Filmwelt Landau,2276.3,Filmwelt Landau,0.0,0.44387755102040816,mid,2
18,1788.0,569.8000000000001,528.2,0.0,1221.3000000000002,152.75,588.55,0.0,1149.05,364.85,424.2000000000001,0.0,325.5,786.5500000000001,5697.461228953271,819.6882127293478,4158.35,0.3240760723942316,0.4983388093184847,0.505997030775552,0.4428039708294228,3832.85,786.5500000000001,690.0,66.0734048646629,786.5500000000001,480.00000000000006,64.65333196640964,786.5500000000001,360.0,75.56660118071088,1530.0,206.29333801178345,3274.0,2.0,47610.0,574.03,24.95,6234.0,90.0,Landau in der Pfalz,2,POINT (8.115671883710064 49.197140670758166),0.0,0.0,0.0,682.2,Universum Kinocenter,682.2,Universum Kinocenter,470.3,Universum Kinocenter,2893.8,Filmwelt Landau,1760.4,Filmwelt Landau,1827.8,Filmwelt Landau,0.0,0.44387755102040816,mid,2
19,1755.3,717.6500000000001,347.65000000000003,0.0,1271.4,482.75,518.65,0.0,1061.6,279.75,421.85,0.0,399.05,1147.05,5222.057086780853,1260.3272633279876,4088.3,0.6650115196352541,0.8932455771465133,1.0735316528486691,0.8772629165434789,3689.25,1147.05,689.9999999999999,65.51701222258247,1017.3,270.0,81.86479926557404,874.3000000000001,360.00000000000006,69.81756147886132,1320.0,217.1993729670178,4154.0,2.0,47610.0,574.03,24.95,6234.0,90.0,Landau in der Pfalz,2,POINT (8.10848589965972 49.19784063814469),0.0,50.0,50.0,1476.8,Universum Kinocenter,934.9,Universum Kinocenter,801.3,Universum Kinocenter,2033.8,Filmwelt Landau,1607.9,Filmwelt Landau,1321.9,Filmwelt Landau,0.0,0.44387755102040816,mid,2
20,830.85,370.65,160.2,0.0,823.9000000000001,303.70000000000005,160.2,0.0,825.45,307.6,157.85,0.0,285.7,811.3499999999999,5618.951267248636,887.4260272394381,2480.2,0.9182546913087988,0.8937308688889696,0.8931133835980565,0.9016996479319416,2194.5,560.6,300.0,65.39884341970796,583.65,360.0,61.43458510969599,583.65,360.0,61.48709764833505,1020.0,188.320526177739,4530.5,2.0,47610.0,574.03,24.95,6234.0,90.0,Landau in der Pfalz,2,POINT (8.113256324038863 49.196075143460604),50.0,50.0,50.0,653.6,Universum Kinocenter,593.6,Universum Kinocenter,596.7,Universum Kinocenter,1008.1,Filmwelt Landau,1054.2,Filmwelt Landau,1054.2,Filmwelt Landau,0.0,0.44387755102040816,mid,2
21,1539.6999999999998,149.5,160.2,0.5,1479.6999999999998,149.5,160.2,1.0,2169.7,149.5,160.2,0.5,553.2,1992.7,4559.195987270443,2220.832140705421,5189.099999999999,1.6376239688737906,1.6717802023815316,1.4172458434273478,1.5755500048942233,4635.9,1539.6999999999998,1230.0,28.38804886029992,1479.6999999999998,1170.0,28.716848706991694,1714.85,1860.0,26.26661196812649,4260.0,83.3715095354181,4510.5,2.0,47610.0,574.03,24.95,6234.0,90.0,Landau in der Pfalz,2,POINT (8.093897089548072 49.195859779456306),100.0,100.0,50.0,759.8,Universum Kinocenter,759.8,Universum Kinocenter,759.8,Universum Kinocenter,2319.6,Filmwelt Landau,2199.6,Filmwelt Landau,3579.6,Filmwelt Landau,2.0,0.44387755102040816,mid,2
22,1313.4,540.1,623.3,0.5,1313.4,540.1,623.3,0.5,1345.75,540.1,625.65,0.0,352.29999999999995,1237.15,5846.325906688177,1338.0679629855988,3972.55,1.0104539127360326,1.0104539127360326,0.9904434128475944,1.0037837461065533,3620.25,1237.15,150.0,86.57679216337317,1237.15,150.0,86.57679216337317,1237.15,179.99999999999994,85.0611784013335,480.0,258.2147627280799,3387.5,2.0,47610.0,574.03,24.95,6234.0,90.0,Landau in der Pfalz,2,POINT (8.122862440366644 49.202795674837375),0.0,0.0,0.0,905.7,Universum Kinocenter,905.7,Universum Kinocenter,910.4,Universum Kinocenter,1721.1,Filmwelt Landau,1721.1,Filmwelt Landau,1781.1,Filmwelt Landau,1.0,0.44387755102040816,mid,2
23,1079.65,388.15,211.5,0.0,1079.65,388.15,211.5,0.0,983.0,381.5,211.5,0.0,371.45,1360.95,5232.672745629895,1493.0812279734346,3142.3,1.303337722254691,1.303337722254691,1.4357069386335986,1.3474607943809935,2770.85,1028.45,480.00000000000006,61.67564481888274,1028.45,480.00000000000006,61.67564481888274,931.8,390.0,64.28052014494084,1350.0,187.63180978270628,1811.0,2.0,47610.0,574.03,24.95,6234.0,90.0,Landau in der Pfalz,2,POINT (8.114247517741578 49.20382728559346),50.0,50.0,50.0,794.4,Universum Kinocenter,794.4,Universum Kinocenter,794.4,Universum Kinocenter,1364.9,Filmwelt Landau,1364.9,Filmwelt Landau,1171.6,Filmwelt Landau,0.0,0.44387755102040816,mid,2
24,1241.5,430.0,211.5,0.0,1151.5,430.0,211.5,0.0,2016.55,1098.35,528.2,0.0,406.1,1455.8000000000002,5323.320391606946,1639.1579257746478,4409.55,1.277107093432302,1.3707019260599744,0.784959169135582,1.1442560628759528,4003.45,1117.9,600.0,53.38010927533645,1117.9,510.0,60.03426143263394,1455.8000000000002,390.0,81.76485129393976,1500.0,195.17922200191012,2783.5,2.0,47610.0,574.03,24.95,6234.0,90.0,Landau in der Pfalz,2,POINT (8.117019800000001 49.2057276),50.0,50.0,0.0,1082.9,Universum Kinocenter,902.9,Universum Kinocenter,1732.6,Universum Kinocenter,1400.1,Filmwelt Landau,1400.1,Filmwelt Landau,2300.5,Filmwelt Landau,0.0,0.44387755102040816,mid,2
25,1108.45,618.25,160.2,0.0,1379.95,591.3,518.65,0.0,1463.85,682.0,421.85,0.0,222.4,775.0,6231.572051333651,812.3045291147521,3952.25,0.8303955379039171,0.5926407826701744,0.6017522974652678,0.6749295393464532,3729.85,669.5,330.0,73.19823323216501,775.0,270.0,83.6305531167691,775.0,360.0,78.41076124080624,960.0,235.2395475897404,3011.0,2.0,47610.0,574.03,24.95,6234.0,90.0,Landau in der Pfalz,2,POINT (8.122326511626717 49.19503502913377),50.0,0.0,0.0,848.4,Filmwelt Landau,937.5,Universum Kinocenter,803.9,Universum Kinocenter,1368.5,Universum Kinocenter,1822.4,Filmwelt Landau,2123.8,Filmwelt Landau,0.0,0.44387755102040816,mid,2
26,877.5999999999999,216.1,211.5,0.0,999.1,337.6,211.5,0.0,883.0,281.5,211.5,0.0,359.45,1205.0,5342.830485981172,1295.809249180861,2759.7,1.3655339006592226,1.188727596855225,1.3559731168302795,1.303411538114909,2400.25,788.4,450.0,54.59474112225536,909.9,450.0,61.44688372803213,793.8,390.0,60.56437421625444,1290.0,176.60599906654193,696.0,2.0,47610.0,574.03,24.95,6234.0,90.0,Landau in der Pfalz,2,POINT (8.11436757054455 49.201875483211865),50.0,50.0,50.0,694.4,Universum Kinocenter,694.4,Universum Kinocenter,694.4,Universum Kinocenter,1060.8,Filmwelt Landau,1303.8,Filmwelt Landau,1071.6,Filmwelt Landau,0.0,0.44387755102040816,mid,2
27,1279.0,505.7,623.3,0.5,1279.0,505.7,623.3,0.5,1311.35,505.7,625.65,0.0,345.85,1248.0,5868.783532202019,1356.295036823723,3869.35,1.0604481111287396,1.0604481111287396,1.0393904891566428,1.053428903804707,3523.5,1210.6999999999998,150.0,86.11336518701809,1210.6999999999998,150.0,86.11336518701809,1213.05,180.0,84.57345397308899,480.0,256.8001843471252,2407.0,2.0,47610.0,574.03,24.95,6234.0,90.0,Landau in der Pfalz,2,POINT (8.123306 49.20293875000001),50.0,50.0,50.0,871.3,Universum Kinocenter,871.3,Universum Kinocenter,876.0,Universum Kinocenter,1686.7,Filmwelt Landau,1686.7,Filmwelt Landau,1746.7,Filmwelt Landau,1.0,0.44387755102040816,mid,2
28,1897.4,373.2000000000001,264.2,0.5,1837.4,373.2000000000001,264.2,1.0,2527.4,373.2000000000001,264.2,0.5,608.2,2239.8,4165.069390293234,2656.832686258403,6262.200000000001,1.5104268803652516,1.5395324435534348,1.3115906916536937,1.4538500051907934,5654.0,1897.4,1260.0,41.95884673005285,1837.4,1200.0,42.4708553672338,2010.95,1890.0,38.46103274355726,4350.0,122.89073484084392,2501.5,2.0,47610.0,574.03,24.95,6234.0,90.0,Landau in der Pfalz,2,POINT (8.088060549999998 49.19715195),100.0,100.0,50.0,1104.9,Universum Kinocenter,1104.9,Universum Kinocenter,1104.9,Universum Kinocenter,2689.9,Filmwelt Landau,2569.9,Filmwelt Landau,3949.9,Filmwelt Landau,2.0,0.44387755102040816,mid,2
29,1188.1,600.45,347.65000000000003,0.0,1122.75,334.1,518.65,0.0,1012.6,230.75,421.85,0.0,350.5,1041.85,5360.887899701446,1186.4620248387275,3323.45,1.0855772010222302,0.9486905096852132,1.0502325216205404,1.0281667441093278,2972.95,700.15,240.0,77.70313608154754,905.75,270.0,79.73729392156469,862.4,360.0,68.94949185434861,870.0,226.38992185746085,4530.5,2.0,47610.0,574.03,24.95,6234.0,90.0,Landau in der Pfalz,2,POINT (8.10871045276546 49.195946384122),50.0,50.0,50.0,1048.0,Filmwelt Landau,786.3,Universum Kinocenter,652.7,Universum Kinocenter,1328.2,Universum Kinocenter,1459.2,Filmwelt Landau,1372.5,Filmwelt Landau,0.0,0.44387755102040816,mid,2
30,1363.55,595.9,347.65000000000003,0.0,1066.1,391.45,254.65,0.0,1076.5,294.65,421.85,0.0,413.35,946.65,5450.805881683149,1021.8627904095767,3506.15,0.7854071280664924,0.8442137250331654,0.795583059446931,0.8084013041821962,3092.8,755.0,420.0,67.54953152429985,755.0,420.0,66.09121489088592,832.2,360.0,70.74746189281902,1200.0,204.3882083080048,3934.5,2.0,47610.0,574.03,24.95,6234.0,90.0,Landau in der Pfalz,2,POINT (8.111792295696155 49.19734091482666),50.0,50.0,50.0,1284.1,Filmwelt Landau,848.1,Universum Kinocenter,714.5,Universum Kinocenter,1443.0,Universum Kinocenter,1284.1,Filmwelt Landau,1438.5,Filmwelt Landau,0.0,0.44387755102040816,mid,2
31,925.9,555.7,160.2,0.0,1517.6999999999998,457.5,160.2,1.0,2002.15,499.95,482.2,0.5,283.3,841.1500000000001,5758.8140348733805,883.6497401891331,4445.75,0.8824438619428447,0.5032127725574899,0.4980149281109601,0.6278905208704315,4162.45,663.8499999999999,209.99999999999997,79.06621167406243,841.1500000000001,900.0,55.14189467025001,841.1500000000001,1020.0,59.89348607752213,2130.0,194.1015924218345,2819.5,2.0,47610.0,574.03,24.95,6234.0,90.0,Landau in der Pfalz,2,POINT (8.113810395777772 49.194433448810145),50.0,0.0,0.0,806.0,Universum Kinocenter,767.8,Universum Kinocenter,461.1,Universum Kinocenter,1045.8,Filmwelt Landau,2267.6,Filmwelt Landau,3543.2,Filmwelt Landau,1.5,0.44387755102040816,mid,2
32,1475.75,57.1,518.65,0.0,1427.55,232.05,475.5,0.0,3160.4,461.6,778.8,1.0,471.15,1618.0,5328.072865149119,1834.0059964961656,6870.8,1.2220814753048344,1.2771145675527529,0.7645930127334353,1.1232054894546082,6330.2,1454.45,900.0,39.174300148010495,1427.55,720.0,54.27404965593584,1618.0,1920.0,39.24819643083155,4200.0,116.35039565463492,1527.0,2.0,47610.0,574.03,24.95,6234.0,90.0,Landau in der Pfalz,2,POINT (8.11836848464402 49.207715754121274),50.0,100.0,0.0,1096.3,Universum Kinocenter,999.9,Universum Kinocenter,3160.4,Filmwelt Landau,1855.2,Filmwelt Landau,1855.2,Filmwelt Landau,3160.4,Filmwelt Landau,1.0,0.44387755102040816,mid,2
33,1573.55,805.9,347.65000000000003,0.0,1603.4,889.2,264.2,0.0,1975.75,1057.55,528.2,0.0,397.95,1414.9499999999998,5338.469988025741,1588.399488936178,5152.7,1.07649318516588,0.9978987919364012,0.7742329478189631,0.9495416416404148,4754.75,1085.4499999999998,420.0,69.9650781915405,1184.9,450.0,71.56117404677278,1414.9499999999998,389.9999999999999,81.4041236513338,1260.0,222.9303758896471,2783.5,2.0,47610.0,574.03,24.95,6234.0,90.0,Landau in der Pfalz,2,POINT (8.1168986 49.20522334999999),50.0,50.0,0.0,1376.1,Filmwelt Landau,1575.0,Filmwelt Landau,1691.8,Universum Kinocenter,1771.0,Universum Kinocenter,1631.8,Universum Kinocenter,2259.7,Filmwelt Landau,0.0,0.44387755102040816,mid,2
34,1567.7,626.05,611.6500000000001,0.0,1313.6999999999998,525.05,518.65,0.0,1203.45,421.6,421.85,0.0,432.75,1031.25,5362.037581241356,1116.8746962083517,4084.85,0.7127483845491143,0.7455529086929507,0.8045704837710332,0.7542905923376995,3652.1,934.4,330.0,78.93905969432689,977.85,270.0,82.40549717548987,934.4,360.0,73.71031437788012,960.0,235.05487124769687,4530.5,2.0,47610.0,574.03,24.95,6234.0,90.0,Landau in der Pfalz,2,POINT (8.11196285987154 49.19893606630535),50.0,50.0,50.0,1566.7,Filmwelt Landau,973.8,Universum Kinocenter,840.2,Universum Kinocenter,1568.7,Universum Kinocenter,1653.6,Filmwelt Landau,1566.7,Filmwelt Landau,0.0,0.44387755102040816,mid,2
35,1186.65,525.15,211.5,0.0,1275.75,500.25,475.5,0.0,1097.8000000000002,496.3,211.5,0.0,351.70000000000005,826.75,5688.065431396011,857.7532335277576,3560.2,0.6130123299236466,0.554270981244865,0.6877948511845664,0.6183593874510259,3208.5,808.6999999999999,450.0,66.76326714573365,826.75,300.0,78.7871403187813,719.85,390.00000000000006,67.74780683034453,1140.0,213.2982142948595,2225.0,2.0,47610.0,574.03,24.95,6234.0,90.0,Landau in der Pfalz,2,POINT (8.116005337653016 49.19763157186173),50.0,0.0,50.0,909.2,Universum Kinocenter,909.2,Universum Kinocenter,909.2,Universum Kinocenter,1464.1,Filmwelt Landau,1642.3,Filmwelt Landau,1286.4,Filmwelt Landau,0.0,0.44387755102040816,mid,2
36,1138.2,93.1,685.1,0.5,1138.2,93.1,685.1,0.5,1246.7333333333331,657.6999999999999,489.0333333333333,0.0,310.25,1007.7,6936.705940587853,1164.010504099345,3584.6,1.04732637485418,1.04732637485418,0.8746850736225182,0.9221572552590456,3303.5,958.95,360.0000000000001,66.01301136038708,958.95,360.0000000000001,66.01301136038708,1007.7,100.0,91.80705683567376,620.0000000000003,243.24009669026876,2131.0,2.0,47610.0,574.03,24.95,6234.0,90.0,Landau in der Pfalz,4,POINT (8.13432676108068 49.195914865759704),50.0,50.0,0.0,1046.0,Universum Kinocenter,1046.0,Universum Kinocenter,1185.4,Universum Kinocenter,1230.4,Filmwelt Landau,1230.4,Filmwelt Landau,1277.4,Filmwelt Landau,1.0,0.44387755102040816,mid,2
37,1300.8,546.6,424.2000000000001,0.0,824.1,393.9,160.2,0.0,1271.5,301.29999999999995,160.2,0.5,275.2,739.75,6094.801027148267,789.4303670056726,3396.4,0.6426294831566959,0.9035728612573491,0.6985204344079752,0.7482409262740068,3121.2,739.75,330.0,80.0068042720839,713.8,270.0,72.17686117556198,739.75,810.0,55.760187136974,1410.0,207.9438525846199,2407.0,2.0,47610.0,574.03,24.95,6234.0,90.0,Landau in der Pfalz,2,POINT (8.11895589260789 49.19394604659725),0.0,50.0,0.0,594.5,Universum Kinocenter,594.5,Universum Kinocenter,508.7,Universum Kinocenter,2007.1,Filmwelt Landau,1053.7,Filmwelt Landau,2034.3,Filmwelt Landau,0.5,0.44387755102040816,mid,2
38,1861.1,823.45,347.65000000000003,0.0,1568.2,779.55,518.65,0.0,1555.4,773.55,421.85,0.0,275.45,936.8,5919.582199833716,952.0123647347506,4984.700000000001,0.4959800448901511,0.564829800598681,0.5685036051607124,0.5431044835498482,4709.25,936.8,690.0,65.04418072715667,936.8,270.0,85.06218939622747,936.8,360.00000000000006,79.67950142718047,1320.0,229.7858715505646,3934.5,2.0,47610.0,574.03,24.95,6234.0,90.0,Landau in der Pfalz,2,POINT (8.120586509193226 49.19854917266143),0.0,0.0,0.0,1735.9,Universum Kinocenter,1210.0,Universum Kinocenter,1076.4,Universum Kinocenter,1986.3,Filmwelt Landau,1926.4,Filmwelt Landau,2034.4,Filmwelt Landau,0.0,0.44387755102040816,mid,2
39,1392.5,602.3,160.2,0.0,1189.9,609.7,160.2,0.5,1388.95,634.75,424.2000000000001,0.0,287.75,1013.75,5702.043393343526,1033.7286984567784,3971.35,0.6681434271785542,0.7912259464606451,0.6715907847369487,0.7103200527920494,3683.6,1013.75,630.0,62.91525818860007,948.95,420.0,68.81734841580443,1013.75,330.0,80.86951935074336,1380.0,212.6021259551479,4530.5,2.0,47610.0,574.03,24.95,6234.0,90.0,Landau in der Pfalz,2,POINT (8.118187945308275 49.19973984078206),0.0,50.0,0.0,920.0,Universum Kinocenter,920.0,Universum Kinocenter,860.0,Universum Kinocenter,1865.0,Filmwelt Landau,1459.8,Filmwelt Landau,1917.9,Filmwelt Landau,0.5,0.44387755102040816,mid,2
40,1049.5,559.3,160.2,0.0,1135.45,615.25,160.2,0.5,1321.65,507.45,424.2000000000001,0.0,415.35,1090.45,5370.185102205531,1150.861084960998,3506.6,1.0209247402661623,0.9062814309891304,0.7667889923761442,0.8979983878771458,3091.25,779.75,329.9999999999999,71.34058617573228,887.55,360.0,71.66113977165404,1043.75,390.0,72.81296519866092,1080.0,215.81469114604724,3387.5,2.0,47610.0,574.03,24.95,6234.0,90.0,Landau in der Pfalz,2,POINT (8.113040599205995 49.19991094695693),50.0,50.0,50.0,917.4,Universum Kinocenter,873.7,Universum Kinocenter,933.7,Universum Kinocenter,1181.6,Filmwelt Landau,1397.2,Filmwelt Landau,1709.6,Filmwelt Landau,0.5,0.44387755102040816,mid,2
41,1269.1,433.6,475.5,0.0,1005.1,433.6,211.5,0.0,1050.65,532.8,157.85,0.0,374.6,1015.05,5459.905998914379,1071.3970964375485,3324.85,0.7262136370469376,0.9713590432490316,0.9532946270797132,0.8836224357918941,2950.25,1004.05,360.0,75.17834983288165,740.05,360.0,67.13215038432976,740.05,360.0,67.82084242886567,1080.0,210.1313426460771,1527.0,2.0,47610.0,574.03,24.95,6234.0,90.0,Landau in der Pfalz,2,POINT (8.114054233325428 49.19945069262224),50.0,50.0,50.0,846.5,Universum Kinocenter,846.5,Universum Kinocenter,937.6,Universum Kinocenter,1691.7,Filmwelt Landau,1163.7,Filmwelt Landau,1163.7,Filmwelt Landau,0.0,0.44387755102040816,mid,2
42,1936.65,518.0,518.65,0.0,1597.0,401.5,475.5,0.0,2193.7,637.85,535.8499999999999,0.5,452.85,1697.95,4773.867454822929,1936.7800015047249,5727.35,0.9628754226989062,1.2619620740955793,1.0070209480138708,1.077286148269452,5274.5,1647.75,900.0,54.19778079205288,1597.0,720.0,58.30343515890753,1697.2,1020.0,65.70778210776686,2640.0,178.20899805872727,4907.0,2.0,47610.0,574.03,24.95,6234.0,90.0,Landau in der Pfalz,2,POINT (8.109548919063338 49.20691361694468),50.0,100.0,50.0,1557.2,Universum Kinocenter,877.9,Universum Kinocenter,977.9,Universum Kinocenter,2316.1,Filmwelt Landau,2316.1,Filmwelt Landau,3409.5,Filmwelt Landau,0.5,0.44387755102040816,mid,2
43,739.2,399.0,160.2,0.0,880.5,399.0,211.5,0.0,1627.1999999999998,627.0,160.2,0.5,427.05,1235.75,5936.010033606147,1299.1605386140727,3246.9,1.8112644406921616,1.452163769824765,0.8701929421916068,1.377873717569511,2819.85,739.2,180.0,78.69005281579335,880.5,270.0,69.30943641821298,1235.75,840.0,59.93586626001685,1290.0,207.9353554940232,4530.5,2.0,47610.0,574.03,24.95,6234.0,90.0,Landau in der Pfalz,2,POINT (8.109589049999999 49.1886552),100.0,100.0,0.0,493.8,Universum Kinocenter,776.4,Universum Kinocenter,937.3,Universum Kinocenter,984.6,Filmwelt Landau,984.6,Filmwelt Landau,2317.1,Filmwelt Landau,0.5,0.44387755102040816,mid,2
44,2026.05,607.4,518.65,0.0,1628.0,432.5,475.5,0.0,2287.25,731.4,535.8499999999999,0.5,522.8,1791.45,4831.344665512128,1944.4409961701344,5941.3,0.9260525466554828,1.2753286587499406,0.953142162542681,1.0515077893160347,5418.5,1739.2,900.0,56.26300542127296,1628.0,720.0,58.66761833643287,1790.7,1020.0,66.99555161327096,2640.0,181.92617537097675,3274.0,2.0,47610.0,574.03,24.95,6234.0,90.0,Landau in der Pfalz,2,POINT (8.1107527 49.2073863),50.0,100.0,50.0,1646.6,Universum Kinocenter,850.5,Universum Kinocenter,1071.4,Universum Kinocenter,2405.5,Filmwelt Landau,2405.5,Filmwelt Landau,3503.1,Filmwelt Landau,0.5,0.44387755102040816,mid,2
45,1444.6,676.95,347.65000000000003,0.0,1351.9,563.25,518.65,0.0,1205.8,423.95,421.85,0.0,433.2,1086.55,5311.791497291308,1160.8142138525634,4002.3,0.8725851426726867,0.7604232079930783,0.8480780089940609,0.8270287865532753,3569.1000000000004,822.95,420.0,67.85806675237325,1024.6,269.9999999999999,82.84949911851027,945.3,360.0,73.60248004459405,1050.0,224.31004591547756,3650.5,2.0,47610.0,574.03,24.95,6234.0,90.0,Landau in der Pfalz,2,POINT (8.11112009534757 49.19891884167367),50.0,50.0,50.0,1288.5,Filmwelt Landau,1012.0,Universum Kinocenter,878.4,Universum Kinocenter,1600.7,Universum Kinocenter,1691.8,Filmwelt Landau,1533.2,Filmwelt Landau,0.0,0.44387755102040816,mid,2
46,1408.3000000000002,656.45,421.85,0.0,1035.1,493.6,211.5,0.0,1694.9,372.7,482.2,0.5,295.8,762.8,6188.880752710955,828.5625328274714,4138.3,0.6497641205416431,0.7877470098982761,0.6238773398259143,0.6871294900886111,3842.5,762.8,330.0,81.50043010806465,762.8,330.0,68.94301025085119,762.8,840.0,62.38799099907246,1500.0,212.8314313579883,1350.5,2.0,47610.0,574.03,24.95,6234.0,90.0,Landau in der Pfalz,2,POINT (8.118441999999998 49.1920328),0.0,0.0,0.0,739.2,Universum Kinocenter,966.5,Universum Kinocenter,678.3,Universum Kinocenter,2077.4,Filmwelt Landau,1103.7,Filmwelt Landau,2711.5,Filmwelt Landau,0.5,0.44387755102040816,mid,2
47,1308.2,534.9,623.3,0.5,1308.2,534.9,623.3,0.5,1340.5500000000002,534.9,625.65,0.0,348.95000000000005,1277.2,5882.606348334266,1396.090706817996,3956.95,1.071368495979039,1.071368495979039,1.0506805843765883,1.0644725254448888,3608.0,1239.9,150.0,86.50884520352625,1239.9,150.0,86.50884520352625,1242.25,180.0,84.98959294867001,480.0,258.0072833557225,3203.5,2.0,47610.0,574.03,24.95,6234.0,90.0,Landau in der Pfalz,2,POINT (8.1237723 49.20330305000001),50.0,50.0,50.0,900.5,Universum Kinocenter,900.5,Universum Kinocenter,905.2,Universum Kinocenter,1715.9,Filmwelt Landau,1715.9,Filmwelt Landau,1775.9,Filmwelt Landau,1.0,0.44387755102040816,mid,2
48,1813.65,595.45,528.2,0.0,2084.8,1016.25,588.55,0.0,1947.05,1162.85,424.2000000000001,0.0,432.65,1637.3000000000002,5592.653458759167,1734.9098047980033,5845.5,0.9422274353904162,0.8158777460838789,0.8741325130841476,0.8774125648528143,5412.85,1563.6999999999998,690.0,63.68820010303658,1637.3000000000002,480.0,78.94237622710169,1637.3000000000002,360.0,83.90623503378421,1530.0,226.53681136392248,2783.5,2.0,47610.0,574.03,24.95,6234.0,90.0,Landau in der Pfalz,2,POINT (8.12175095 49.20684845),50.0,0.0,0.0,1691.2,Universum Kinocenter,1691.2,Universum Kinocenter,1566.7,Universum Kinocenter,1936.1,Filmwelt Landau,2478.4,Filmwelt Landau,2327.4,Filmwelt Landau,0.0,0.44387755102040816,mid,2
49,1173.7,536.5,292.2,0.0,855.3999999999999,270.75,254.65,0.0,788.5999999999999,270.75,157.85,0.0,294.7,893.45,5789.291644827154,970.3390252467244,2817.7,0.9950297977276908,1.042136353908329,1.1649698070683914,1.0673786529014704,2523.0,725.5,345.0,72.92286462868742,775.7,330.0,68.61681987354555,775.7,359.99999999999994,59.82467407158609,1035.0,201.36435857381903,4530.5,2.0,47610.0,574.03,24.95,6234.0,90.0,Landau in der Pfalz,4,POINT (8.11274175 49.1930669),25.0,50.0,50.0,660.0,Universum Kinocenter,556.7,Universum Kinocenter,423.1,Universum Kinocenter,2657.0,Filmwelt Landau,1154.1,Filmwelt Landau,1154.1,Filmwelt Landau,0.0,0.44387755102040816,mid,2
50,1389.95,525.75,264.2,0.0,1357.45,288.9,588.55,0.0,1210.25,426.05,424.2000000000001,0.0,320.95,1085.1,5498.521299041477,1179.2383392670238,3957.65,0.7699776473417117,0.7883169240772547,0.8841988151179389,0.8141644621789683,3636.7,1085.1,600.0,62.75262265416788,1085.1,480.00000000000006,68.47224919303508,1023.25,360.0,75.73969462445979,1440.0,206.96456647166275,62.0,2.0,47610.0,574.03,24.95,6234.0,90.0,Landau in der Pfalz,2,POINT (8.116131688823074 49.20107366186173),0.0,0.0,50.0,930.2,Universum Kinocenter,930.2,Universum Kinocenter,818.0,Universum Kinocenter,1849.7,Filmwelt Landau,1784.7,Filmwelt Landau,1602.5,Filmwelt Landau,0.0,0.44387755102040816,mid,2
51,1195.1999999999998,503.7000000000001,211.5,0.0,1539.05,967.55,211.5,0.0,1368.1999999999998,766.7,211.5,0.0,511.65,1899.65,4626.687027338809,2200.358260083155,4102.450000000001,1.833467038705502,1.3969231376294204,1.5656225108062676,1.59867089571373,3590.8,1195.1999999999998,480.0,60.22572029758621,1539.05,360.0,79.11158110314108,1368.1999999999998,390.0,73.71620215816883,1230.0,213.05350355889613,3.0,2.0,47610.0,574.03,24.95,6234.0,90.0,Landau in der Pfalz,2,POINT (8.109047726471294 49.20944069572898),100.0,100.0,100.0,1179.6,Universum Kinocenter,1179.6,Universum Kinocenter,1179.6,Universum Kinocenter,1210.8,Filmwelt Landau,1898.5,Filmwelt Landau,1556.8,Filmwelt Landau,0.0,0.44387755102040816,mid,2
52,1853.9,419.7,264.2,0.5,1793.9,419.7,264.2,1.0,2483.9,419.7,264.2,0.5,563.25,2113.7,4275.418424990297,2542.625993492663,6131.7,1.5381860343224067,1.5654392099877772,1.3510220783926368,1.4848824409009405,5568.450000000001,1853.9,1170.0,43.36653336716224,1793.9,1110.0,44.04831182912842,1884.8,1800.0,38.6843504327365,4080.0,126.09919562902716,,2.0,47610.0,574.03,24.95,6234.0,90.0,Landau in der Pfalz,2,POINT (8.089551922165034 49.196692626118484),100.0,100.0,50.0,978.7,Universum Kinocenter,978.7,Universum Kinocenter,978.7,Universum Kinocenter,2729.1,Filmwelt Landau,2609.1,Filmwelt Landau,3989.1,Filmwelt Landau,2.0,0.44387755102040816,mid,2
53,1561.75,143.1,518.65,0.0,1370.5,175.0,475.5,0.0,2443.6,805.05,588.55,0.5,404.45,1506.1,5242.937791211452,1714.8995526482165,5375.85,1.0619160805043293,1.28026881095082,0.682999348230098,1.008394746561749,4971.400000000001,1397.4,900.0,42.72502201621872,1370.5,720.0,51.88203088274645,1506.1,1050.0,64.25319849270961,2670.0,158.8602513916748,,2.0,47610.0,574.03,24.95,6234.0,90.0,Landau in der Pfalz,2,POINT (8.116238391683213 49.206356569527664),50.0,100.0,0.0,1182.3,Universum Kinocenter,799.8,Universum Kinocenter,1750.5,Universum Kinocenter,1941.2,Filmwelt Landau,1941.2,Filmwelt Landau,3136.7,Filmwelt Landau,0.5,0.44387755102040816,mid,2
54,1685.3000000000002,693.8,211.5,0.0,1544.95,750.3,254.65,0.0,1468.7,686.8499999999999,421.85,0.0,348.9,1136.1,5373.093853160438,1201.4818315975238,4698.95,0.6775376678690332,0.7115072676477515,0.7391518602828809,0.7093989319332218,4350.05,1136.1,780.0,54.65602987576067,1136.1,540.0,69.93352860070388,1136.05,360.00000000000006,78.1679005777955,1680.0,202.75745905426004,,2.0,47610.0,574.03,24.95,6234.0,90.0,Landau in der Pfalz,2,POINT (8.113871075639908 49.200761745172315),0.0,0.0,50.0,1526.7,Universum Kinocenter,1246.0,Universum Kinocenter,1112.4,Universum Kinocenter,1843.9,Filmwelt Landau,1843.9,Filmwelt Landau,1825.0,Filmwelt Landau,0.0,0.44387755102040816,mid,2
55,1691.55,272.9,518.65,0.0,1588.5,393.0,475.5,0.0,2986.0,287.2,778.8,1.0,410.45,1446.35,5519.16622087972,1522.11529053943,7128.0,0.8681294345541947,0.9358471486290744,0.7001367630957592,0.9063576348912268,6672.6,1446.35,900.0,47.3265421563164,1446.35,720.0,58.91467724007499,1446.35,1920.0,35.69993302076357,4200.0,125.60818990149752,,2.0,47610.0,574.03,24.95,6234.0,90.0,Landau in der Pfalz,2,POINT (8.119310824807545 49.20477139460304),0.0,0.0,0.0,1312.1,Universum Kinocenter,1106.0,Universum Kinocenter,2986.0,Filmwelt Landau,2071.0,Filmwelt Landau,2071.0,Filmwelt Landau,2986.0,Filmwelt Landau,1.0,0.44387755102040816,mid,2
56,986.4,76.2,160.2,0.0,986.4,76.2,160.2,0.0,1095.6999999999998,455.5,160.2,0.0,408.85,1477.1,6381.60007008517,1691.4487432071596,3068.5,1.7147869607612798,1.7147869607612798,1.5747822785918806,1.66811873337148,2659.65,986.4,750.0,23.9656276286699,986.4,750.0,23.9656276286699,1095.6999999999998,480.0,52.990018518831214,1980.0,100.92127377617102,,2.0,47610.0,574.03,24.95,6234.0,90.0,Landau in der Pfalz,2,POINT (8.132029429296342 49.2045853856424),100.0,100.0,100.0,986.3,Filmwelt Landau,986.3,Filmwelt Landau,986.3,Filmwelt Landau,986.5,Universum Kinocenter,986.5,Universum Kinocenter,1205.1,Universum Kinocenter,0.0,0.44387755102040816,mid,2
57,1594.95,557.3,347.65000000000003,0.0,1500.1999999999998,711.55,518.65,0.0,1673.25,891.4000000000001,421.85,0.0,415.4,1175.65,6426.299378438504,1165.7201898005037,4768.4,0.8988017951932696,0.8127986722226769,0.8081399959166388,0.8399134877775285,4353.0,1103.85,690.0,67.92448472889896,1175.65,269.9999999999999,84.32847931096819,1175.65,360.0,81.22430439434686,1320.0,233.47726843421395,,2.0,47610.0,574.03,24.95,6234.0,90.0,Landau in der Pfalz,2,POINT (8.115629685265116 49.18644054899482),50.0,0.0,0.0,890.9,Universum Kinocenter,1169.1,Universum Kinocenter,1035.5,Universum Kinocenter,2299.0,Filmwelt Landau,1831.3,Filmwelt Landau,2311.0,Filmwelt Landau,0.0,0.44387755102040816,mid,2
58,1575.85,551.4,244.45,0.5,1575.85,551.4,244.45,0.5,1998.8,496.6,482.2,0.5,284.4,869.15,5689.357680220116,949.3670480681328,5150.5,0.6349440782327088,0.6349440782327088,0.6000149188557582,0.6233010251070586,4866.099999999999,869.15,780.0,50.240894835871984,869.15,780.0,50.240894835871984,869.15,1020.0,58.80576180553912,2580.0,159.2875514772831,,2.0,47610.0,574.03,24.95,6234.0,90.0,Landau in der Pfalz,2,POINT (8.11250505 49.19433480000001),0.0,0.0,0.0,1461.5,Filmwelt Landau,1461.5,Filmwelt Landau,417.2,Universum Kinocenter,1690.2,Universum Kinocenter,1690.2,Universum Kinocenter,3580.4,Filmwelt Landau,1.5,0.44387755102040816,mid,2
59,1289.0,453.5,475.5,0.0,1025.0,453.5,211.5,0.0,1070.6,552.75,157.85,0.0,356.5,995.15,5491.81632418154,1050.0012569178698,3384.6000000000004,0.6991986657600943,0.9336556735750496,0.9171200348536304,0.8499914580629249,3028.1000000000004,995.15,360.0,75.54733255692459,740.05,359.99999999999994,67.72839143268249,740.05,359.99999999999994,68.38793502851418,1080.0,211.66365901812128,,2.0,47610.0,574.03,24.95,6234.0,90.0,Landau in der Pfalz,2,POINT (8.11449406864188 49.19937108720732),0.0,50.0,50.0,866.4,Universum Kinocenter,866.4,Universum Kinocenter,957.6,Universum Kinocenter,1711.6,Filmwelt Landau,1183.6,Filmwelt Landau,1183.6,Filmwelt Landau,0.0,0.44387755102040816,mid,2
60,791.25,277.05,424.2000000000001,0.0,907.3,417.1,160.2,0.5,1414.9499999999998,417.1,157.85,0.5,311.85,734.65,6282.17589798731,850.0934650920825,3113.4999999999995,1.0697756789293127,0.9578123596342863,0.7179418853990573,0.9151766413208856,2801.65,717.3499999999999,89.99999999999994,88.94934685366448,734.65,329.99999999999994,69.35431694592016,734.65,839.9999999999999,54.68185458668187,1259.9999999999998,212.98551838626653,,2.0,47610.0,574.03,24.95,6234.0,90.0,Landau in der Pfalz,2,POINT (8.11886967415176 49.191011163356634),50.0,0.0,0.0,664.6,Universum Kinocenter,667.4,Universum Kinocenter,722.7,Universum Kinocenter,917.9,Filmwelt Landau,1147.2,Filmwelt Landau,2107.2,Filmwelt Landau,1.0,0.44387755102040816,mid,2
61,1277.8000000000002,525.95,421.85,0.0,1055.35,625.1500000000001,160.2,0.0,1317.35,535.5,421.85,0.0,426.1,1074.65,5404.385183514891,1120.5645079893034,3650.5,0.763563366211426,0.9704570387938832,0.7460748908326073,0.826698431945972,3224.4,1019.95,330.0,78.81110618426888,785.6,270.0,77.0295216984276,1019.95,359.99999999999994,75.91367531126676,960.0,231.75430319396324,,2.0,47610.0,574.03,24.95,6234.0,90.0,Landau in der Pfalz,2,POINT (8.113435556825051 49.19974458615935),50.0,50.0,50.0,861.2,Universum Kinocenter,885.0,Universum Kinocenter,940.3,Universum Kinocenter,1694.4,Filmwelt Landau,1225.7,Filmwelt Landau,1694.4,Filmwelt Landau,0.0,0.44387755102040816,mid,2
62,891.8,521.6,160.2,0.0,895.25,106.6,518.65,0.0,965.65,417.8,157.85,0.0,290.3,924.3,5658.988927614607,1025.5230491195828,2752.7,1.0777235556060027,1.0365665086952034,1.0330336236797582,1.0491078959936548,2462.4,700.35,209.99999999999997,78.32165067851109,810.35,270.0,75.14608863017278,924.3,390.0,63.97809772400641,870.0,217.4458370326903,,2.0,47610.0,574.03,24.95,6234.0,90.0,Landau in der Pfalz,2,POINT (8.111323792554018 49.19378125143211),50.0,50.0,0.0,771.9,Universum Kinocenter,558.8,Universum Kinocenter,425.2,Universum Kinocenter,1011.7,Filmwelt Landau,1231.7,Filmwelt Landau,1506.1,Filmwelt Landau,0.0,0.44387755102040816,mid,2
63,1817.4,383.2,264.2,0.5,1757.4,383.2,264.2,1.0,2447.4,383.2,264.2,0.5,555.95,2077.1000000000004,4340.949430177323,2490.6862358229205,6022.2,1.5477732683171244,1.5752844246591065,1.3597604138778878,1.4942727022847062,5466.25,1817.4,1170.0,42.0584665539221,1757.4,1110.0,42.72767566856988,1848.25,1800.0,37.48505225255083,4080.0,122.2711944750428,,2.0,47610.0,574.03,24.95,6234.0,90.0,Landau in der Pfalz,2,POINT (8.090187973876073 49.1962747530743),100.0,100.0,50.0,942.2,Universum Kinocenter,942.2,Universum Kinocenter,942.2,Universum Kinocenter,2692.6,Filmwelt Landau,2572.6,Filmwelt Landau,3952.6,Filmwelt Landau,2.0,0.44387755102040816,mid,2
64,1406.0,294.5,211.5,0.0,1396.4499999999998,464.95,211.5,0.0,2075.35,997.8,597.55,0.0,455.85,1714.9,5585.827084168581,1856.1941968518256,4877.8,1.2975200048879103,1.30604529782808,0.8908108572067897,1.1647920533075933,4421.95,1406.0,900.0,37.11393685828046,1396.4499999999998,720.0,51.35696298765357,1714.9,480.0,79.17522982716304,2100.0,167.64612967309705,,2.0,47610.0,574.03,24.95,6234.0,90.0,Landau in der Pfalz,2,POINT (8.122319650000001 49.207999650000005),100.0,100.0,0.0,1247.4,Universum Kinocenter,1228.3,Universum Kinocenter,1560.8,Universum Kinocenter,1564.6,Filmwelt Landau,1564.6,Filmwelt Landau,2589.9,Filmwelt Landau,0.0,0.44387755102040816,mid,2
65,607.35,329.5,157.85,0.5,607.35,329.5,157.85,0.5,1198.1,557.9,160.2,0.0,343.45,989.2,6696.128425230099,1159.2890950990795,2412.8,2.0420546972401,2.0420546972401,1.1219035258221803,1.7353376401007936,2069.3500000000004,607.35,120.00000000000004,81.55590075329016,607.35,120.00000000000004,81.55590075329016,833.0,480.0,64.32790630474715,720.0,227.43970781132748,,2.0,47610.0,574.03,24.95,6234.0,90.0,Landau in der Pfalz,2,POINT (8.131917399999999 49.1975604),100.0,100.0,50.0,431.3,Filmwelt Landau,431.3,Filmwelt Landau,788.1,Universum Kinocenter,783.4,Universum Kinocenter,783.4,Universum Kinocenter,1608.1,Filmwelt Landau,1.0,0.44387755102040816,mid,2
66,1201.2,509.7,211.5,0.0,1184.6,463.1,211.5,0.0,1157.8000000000002,556.3,211.5,0.0,386.15,1395.25,5335.782510343971,1488.9599064055506,3543.6000000000004,1.1780991248602573,1.1933491027794716,1.2263316612447954,1.199259962961508,3157.45,1085.75,480.00000000000006,64.5042756475211,1085.75,510.0,61.07956375190536,1042.35,390.0000000000001,69.29952335866248,1380.0,194.8833627580889,,2.0,47610.0,574.03,24.95,6234.0,90.0,Landau in der Pfalz,2,POINT (8.116072841290258 49.20414253606391),50.0,50.0,50.0,969.2,Universum Kinocenter,936.0,Universum Kinocenter,969.2,Universum Kinocenter,1433.2,Filmwelt Landau,1433.2,Filmwelt Landau,1346.4,Filmwelt Landau,0.0,0.44387755102040816,mid,2
67,1954.0,683.8,160.2,0.5,1894.0,683.8,160.2,1.0,2144.6,506.05,588.55,0.5,420.5,1234.75,5152.405604412094,1316.740631993645,5992.6,0.6111766172430639,0.628811186003783,0.6087680232265749,0.6162519421578072,5572.1,1234.75,1110.0,52.109585528985534,1234.75,1050.0,52.79294734013564,1234.75,1050.0,61.64201468964683,3210.0,166.544547558768,,2.0,47610.0,574.03,24.95,6234.0,90.0,Landau in der Pfalz,2,POINT (8.108504639466288 49.19894422491858),0.0,0.0,0.0,1174.1,Universum Kinocenter,1174.1,Universum Kinocenter,888.8,Universum Kinocenter,2733.9,Filmwelt Landau,2613.9,Filmwelt Landau,3400.4,Filmwelt Landau,2.0,0.44387755102040816,mid,2
68,1191.5500000000002,753.9000000000001,347.65000000000003,0.0,1501.6,712.95,518.65,0.0,1581.55,799.7,421.85,0.0,233.05,782.85,6289.750687123396,817.4743052332881,4274.700000000001,0.8182071710203045,0.5510316981318482,0.5560969119682113,0.641778593706788,4041.65,693.35,90.0,90.72254853411336,782.85,270.0,84.69721770927637,782.85,359.9999999999999,80.13208991712725,719.9999999999999,255.551856160517,,2.0,47610.0,574.03,24.95,6234.0,90.0,Landau in der Pfalz,2,POINT (8.12312825 49.19488525),50.0,0.0,0.0,814.7,Filmwelt Landau,1091.5,Universum Kinocenter,957.9,Universum Kinocenter,1568.4,Universum Kinocenter,1911.7,Filmwelt Landau,2205.2,Filmwelt Landau,0.0,0.44387755102040816,mid,2
69,2460.8500000000004,1042.2,518.65,0.0,2250.9,1055.4,475.5,0.0,2166.25,527.7,588.55,0.5,441.8,1334.4499999999998,5042.889110065491,1425.9546029914231,6878.0,0.5430964369069822,0.5819264686824861,0.6626297180541407,0.595884207881203,6436.200000000001,1334.4499999999998,900.0,64.0769841820878,1334.4499999999998,720.0,70.90371059696037,1334.4499999999998,1050.0,62.151060675023245,2670.0,197.13175545407145,,2.0,47610.0,574.03,24.95,6234.0,90.0,Landau in der Pfalz,2,POINT (8.107741016584665 49.19995838500351),0.0,0.0,0.0,2081.4,Universum Kinocenter,1661.5,Universum Kinocenter,954.0,Universum Kinocenter,2840.3,Filmwelt Landau,2840.3,Filmwelt Landau,3378.5,Filmwelt Landau,0.5,0.44387755102040816,mid,2
70,1560.0,604.5,475.5,0.0,1199.9,628.4,211.5,0.0,1222.7,704.8499999999999,157.85,0.0,341.6,1110.65,5406.318959553213,1225.0871760066132,3982.6,0.7118654840429108,0.9591133356372006,0.948814154048131,0.8732643245760808,3641.0,1110.65,479.9999999999999,74.03303598889323,890.05,360.0,72.15479178814483,890.05,360.00000000000006,72.39653296715632,1200.0,218.5843607441944,,2.0,47610.0,574.03,24.95,6234.0,90.0,Landau in der Pfalz,2,POINT (8.114856 49.20128015),0.0,50.0,50.0,1041.3,Universum Kinocenter,1041.3,Universum Kinocenter,1086.9,Universum Kinocenter,2078.7,Filmwelt Landau,1358.5,Filmwelt Landau,1358.5,Filmwelt Landau,0.0,0.44387755102040816,mid,2
71,3380.3,1390.1,160.2,1.5,3500.15,1614.65,475.5,1.0,4296.75,1839.2,597.55,0.5,668.9,2879.45,5488.40450304614,3329.3913399014364,11177.2,1.058857909255722,0.9922951734087118,0.8693071659652769,0.9734867495432368,10508.3,2791.25,1830.0,51.39238441976713,2879.45,1410.0,60.8456645477936,2879.45,1860.0,64.3013403554503,5100.0,176.53938932301105,,2.0,47610.0,574.03,24.95,6234.0,90.0,Landau in der Pfalz,2,POINT (8.082411704056701 49.18062943806867),50.0,0.0,0.0,2300.4,Universum Kinocenter,2583.0,Universum Kinocenter,2657.5,Universum Kinocenter,4460.2,Filmwelt Landau,4417.3,Filmwelt Landau,5936.0,Filmwelt Landau,3.0,0.44387755102040816,mid,2
72,1512.6,641.1,211.5,0.0,1192.0,380.5,211.5,0.0,2354.65,798.8,535.8499999999999,0.5,544.3499999999999,1816.65,4939.656104874801,1957.07967802854,5059.25,1.2604077245797842,1.6838481665442298,0.8924634502226586,1.2789064471155576,4514.9,1409.85,660.0,57.56363960338072,1192.0,600.0,52.029469741293575,1816.65,1020.0,67.46370689403034,2280.0,177.0568162387046,,2.0,47610.0,574.03,24.95,6234.0,90.0,Landau in der Pfalz,2,POINT (8.112825950000001 49.20806255000001),50.0,100.0,0.0,1354.0,Universum Kinocenter,712.8,Universum Kinocenter,1246.4,Universum Kinocenter,1671.2,Filmwelt Landau,1671.2,Filmwelt Landau,3462.9,Filmwelt Landau,0.5,0.44387755102040816,mid,2
73,1613.75,195.1,518.65,0.0,1565.5500000000002,370.05,475.5,0.0,2462.4,823.8499999999999,588.55,0.5,468.85,1702.5,5441.268374605567,1831.6145292560573,5641.7,1.1176369275707838,1.1618497971496995,0.756075452263918,1.0118540589948006,5172.85,1592.45,900.0,44.66696774705228,1565.5500000000002,720.0,58.22059172025911,1702.5,1050.0,65.3612853357391,2670.0,168.2488448030505,,2.0,47610.0,574.03,24.95,6234.0,90.0,Landau in der Pfalz,2,POINT (8.120071337622099 49.20777521961865),50.0,100.0,0.0,1234.3,Universum Kinocenter,1137.9,Universum Kinocenter,1626.4,Universum Kinocenter,1993.2,Filmwelt Landau,1993.2,Filmwelt Landau,3298.4,Filmwelt Landau,0.5,0.44387755102040816,mid,2
74,2279.75,1036.2,493.55,0.0,2279.75,1036.2,493.55,0.0,1666.55,589.0,597.55,0.0,255.75,870.65,6175.539743721292,916.5046917476052,6226.05,0.391688983059631,0.391688983059631,0.6650497425913735,0.4828092362368785,5970.3,870.65,750.0,66.57989272747488,870.65,750.0,66.57989272747488,870.65,480.0,72.57636273568968,1980.0,205.73614819063943,,2.0,47610.0,574.03,24.95,6234.0,90.0,Landau in der Pfalz,2,POINT (8.12349095 49.1972429),0.0,0.0,0.0,1946.5,Universum Kinocenter,1946.5,Universum Kinocenter,720.1,Universum Kinocenter,2613.0,Filmwelt Landau,2613.0,Filmwelt Landau,2613.0,Filmwelt Landau,0.0,0.44387755102040816,mid,2
75,1042.65,515.0,347.65000000000003,0.0,1464.0,675.3499999999999,518.65,0.0,1662.6,880.75,421.85,0.0,453.9,845.1500000000001,6544.457267754397,931.7608004378596,4169.25,0.9309732297214112,0.6983296455673025,0.71269421422483,0.7806656965045145,3715.35,780.45,180.0,78.64525667213556,845.1500000000001,270.0,84.2325336561064,845.1500000000001,360.0,81.04962028819148,810.0,243.92741061643343,,2.0,47610.0,574.03,24.95,6234.0,90.0,Landau in der Pfalz,2,POINT (8.12014411098375 49.18825767683993),50.0,0.0,0.0,787.7,Filmwelt Landau,1080.6,Universum Kinocenter,947.0,Universum Kinocenter,1297.6,Universum Kinocenter,1847.4,Filmwelt Landau,2378.2,Filmwelt Landau,0.0,0.44387755102040816,mid,2
76,1721.25,847.05,424.2000000000001,0.0,655.1500000000001,310.5,254.65,0.0,831.75,313.9,157.85,0.0,277.05,882.9,5881.286070233359,924.2206795509446,3208.15,0.5691296453457012,1.3199042658890765,1.1026822551616804,0.9972387221321526,2931.1,882.9,450.0,80.4012623505137,598.1,90.0,86.65448934771945,831.75,360.0,61.32058771463976,900.0,228.3763394128729,,2.0,47610.0,574.03,24.95,6234.0,90.0,Landau in der Pfalz,2,POINT (8.11401316659147 49.192788650729504),0.0,50.0,100.0,702.9,Universum Kinocenter,537.1,Universum Kinocenter,403.5,Universum Kinocenter,2739.6,Filmwelt Landau,773.2,Filmwelt Landau,1260.0,Filmwelt Landau,0.0,0.44387755102040816,mid,2
77,1081.2,441.0,160.2,0.0,1051.2,441.0,160.2,0.0,1599.9,569.7,160.2,0.5,408.85,1173.8,5224.267207425014,1263.7184941093803,3732.3,1.0584576751363626,1.080879678510238,0.7211371979713951,0.9534915172059986,3323.45,887.0,480.00000000000006,59.85913547004479,887.0,450.00000000000006,62.90149083392385,1173.8,870.0,56.23978846228368,1800.0,179.00041476625233,,2.0,47610.0,574.03,24.95,6234.0,90.0,Landau in der Pfalz,2,POINT (8.110810800000001 49.20005175),50.0,50.0,0.0,833.0,Universum Kinocenter,773.0,Universum Kinocenter,833.0,Universum Kinocenter,1329.4,Filmwelt Landau,1329.4,Filmwelt Landau,2366.8,Filmwelt Landau,0.5,0.44387755102040816,mid,2
78,1749.5,899.3,160.2,0.0,1689.5,899.3,160.2,0.0,2137.45,602.9,484.55,0.5,506.3,1521.15,4918.111520930664,1575.2224880512888,5576.45,0.8450273059401503,0.8713339739414142,0.7704673005024205,0.8289428601279949,5070.15,1442.8,690.0,62.832304285794535,1442.8,630.0,66.30443048138468,1521.15,1050.0,61.65725600137177,2370.0,190.793990768551,,2.0,47610.0,574.03,24.95,6234.0,90.0,Landau in der Pfalz,2,POINT (8.107707416398886 49.20199100150325),50.0,50.0,0.0,1405.4,Universum Kinocenter,1285.4,Universum Kinocenter,953.2,Universum Kinocenter,2093.6,Filmwelt Landau,2093.6,Filmwelt Landau,3321.7,Filmwelt Landau,0.5,0.44387755102040816,mid,2
79,1913.3,643.1,160.2,0.5,1853.3,643.1,160.2,1.0,2152.75,648.2,484.55,0.5,411.95,1202.45,5196.505188110961,1278.7379747032903,5919.349999999999,0.602892460501038,0.6206941801680541,0.5893264924376473,0.6043043777022464,5507.4,1202.45,1110.0,51.12015540658956,1202.45,1050.0,51.78957889594063,1202.45,1020.0,65.16082904897632,3180.0,168.0705633515065,,2.0,47610.0,574.03,24.95,6234.0,90.0,Landau in der Pfalz,2,POINT (8.10851005 49.198257899999994),0.0,0.0,0.0,1133.4,Universum Kinocenter,1133.4,Universum Kinocenter,862.1,Universum Kinocenter,2693.2,Filmwelt Landau,2573.2,Filmwelt Landau,3443.4,Filmwelt Landau,2.0,0.44387755102040816,mid,2
80,1784.35,566.15,528.2,0.0,2055.5,986.95,588.55,0.0,1875.75,1091.55,424.2000000000001,0.0,424.6,1587.0,5590.381937803326,1671.6242283902152,5715.6,0.9215070523918176,0.7947697346751634,0.8717653723176055,0.8626807197948623,5291.0,1513.4,690.0000000000001,63.118180677669535,1587.0,480.0000000000001,78.66029464414402,1587.0,360.0000000000001,83.3668365858778,1530.0000000000005,225.14531190769137,,2.0,47610.0,574.03,24.95,6234.0,90.0,Landau in der Pfalz,2,POINT (8.12134635594834 49.2062440284638),50.0,0.0,0.0,1661.9,Universum Kinocenter,1661.9,Universum Kinocenter,1495.4,Universum Kinocenter,1906.8,Filmwelt Landau,2449.1,Filmwelt Landau,2256.1,Filmwelt Landau,0.0,0.44387755102040816,mid,2
81,1363.65,339.2,244.45,0.5,1082.9,408.25,254.65,0.0,1141.1,359.25,421.85,0.0,413.35,1001.35,5402.291939131041,1066.5800130304976,3587.65,0.836392151053097,0.894457390077929,0.7968790200894914,0.8425761870735058,3174.3,760.75,780.0,42.395508737937895,760.75,420.0,65.5091957879391,885.75,360.0,72.3268482842979,1560.0,180.2315528101749,,2.0,47610.0,574.03,24.95,6234.0,90.0,Landau in der Pfalz,2,POINT (8.111754249999999 49.198076349999994),50.0,50.0,50.0,1249.3,Filmwelt Landau,916.5,Universum Kinocenter,782.9,Universum Kinocenter,1478.0,Universum Kinocenter,1249.3,Filmwelt Landau,1499.3,Filmwelt Landau,0.5,0.44387755102040816,mid,2
82,1526.75,502.3,244.45,0.5,1526.75,502.3,244.45,0.5,2037.3,535.1,482.2,0.5,351.75,866.9,5600.980261435834,963.5204267782173,5090.8,0.6690560020387399,0.6690560020387399,0.480074770875307,0.6060622583175956,4739.05,825.0,780.0,48.6228774895426,825.0,780.0,48.6228774895426,866.9,1020.0,61.77218436536873,2580.0,159.0179393444539,,2.0,47610.0,574.03,24.95,6234.0,90.0,Landau in der Pfalz,2,POINT (8.11203360296679 49.19524665093443),50.0,50.0,0.0,1412.4,Filmwelt Landau,1412.4,Filmwelt Landau,543.4,Universum Kinocenter,1641.1,Universum Kinocenter,1641.1,Universum Kinocenter,3531.2,Filmwelt Landau,1.5,0.44387755102040816,mid,2
83,1247.15,495.3,421.85,0.0,1024.75,594.55,160.2,0.0,1286.7,504.85,421.85,0.0,436.3,1044.05,5403.729535555259,1100.7757036300984,3558.6,0.7605995744415625,0.9758413298078732,0.7434165274070124,0.8266191438854826,3122.3,989.3,330.0,78.35605600941021,755.0,269.9999999999999,76.40676253879371,989.3,360.0,75.37232190634715,960.0,230.1351404545511,,2.0,47610.0,574.03,24.95,6234.0,90.0,Landau in der Pfalz,2,POINT (8.113058004867636 49.199359696163626),50.0,50.0,50.0,830.6,Universum Kinocenter,854.4,Universum Kinocenter,909.7,Universum Kinocenter,1663.7,Filmwelt Landau,1195.1,Filmwelt Landau,1663.7,Filmwelt Landau,0.0,0.44387755102040816,mid,2
84,744.05,493.85,160.2,0.0,744.05,493.85,160.2,0.0,1140.4,394.75,625.65,0.0,232.35,795.8,5961.500572122948,803.099780546788,2628.5,1.0189644480822428,1.0189644480822428,0.6419143740130591,0.8932810900591817,2396.15,569.55,89.99999999999994,88.19753530739177,569.55,89.99999999999994,88.19753530739177,795.8,120.0,89.49445997391703,299.9999999999999,265.8895305887005,,2.0,47610.0,574.03,24.95,6234.0,90.0,Landau in der Pfalz,2,POINT (8.118899 49.19603505),50.0,50.0,0.0,665.8,Universum Kinocenter,665.8,Universum Kinocenter,573.0,Universum Kinocenter,822.3,Filmwelt Landau,822.3,Filmwelt Landau,1707.8,Filmwelt Landau,0.0,0.44387755102040816,mid,2
85,1572.3,616.8,475.5,0.0,1183.1999999999998,611.7,211.5,0.0,1206.0,688.1500000000001,157.85,0.0,338.65,1089.95,5441.359286351763,1196.2666758981536,3961.5,0.6874905011483431,0.947911295191838,0.9377506272952184,0.8577174745451333,3622.85,1089.95,480.0,74.33273546234335,873.3499999999999,359.9999999999999,71.78602968553551,873.3499999999999,359.99999999999994,72.03554476356021,1200.0,218.15430991143904,,2.0,47610.0,574.03,24.95,6234.0,90.0,Landau in der Pfalz,2,POINT (8.115230204867144 49.20107379539085),0.0,50.0,50.0,1024.6,Universum Kinocenter,1024.6,Universum Kinocenter,1070.2,Universum Kinocenter,2120.0,Filmwelt Landau,1341.8,Filmwelt Landau,1341.8,Filmwelt Landau,0.0,0.44387755102040816,mid,2
86,1161.15,356.05,685.0999999999999,0.5,1161.15,356.05,685.0999999999999,0.5,1653.0,575.45,597.55,0.0,346.29999999999995,1015.75,6709.576474992551,1166.9889876125617,3975.3,1.0680337525577177,1.0680337525577177,0.849805929211638,0.9952911447756912,3629.0,910.85,120.0,88.05244790308608,910.85,120.0,88.05244790308608,963.55,480.0,74.11911146188459,720.0,250.2240072680568,,2.0,47610.0,574.03,24.95,6234.0,90.0,Landau in der Pfalz,2,POINT (8.132125832773154 49.1975610339204),50.0,50.0,50.0,917.2,Universum Kinocenter,917.2,Universum Kinocenter,1022.6,Universum Kinocenter,1405.1,Filmwelt Landau,1405.1,Filmwelt Landau,2283.4,Filmwelt Landau,1.0,0.44387755102040816,mid,2
87,1053.9499999999998,413.75,160.2,0.0,1118.3,394.1,424.2000000000001,0.0,1128.3,314.1,424.2000000000001,0.0,284.35,882.3,5547.531626301443,921.973947506519,3300.55,0.7150339480425144,0.6481874160184963,0.654265652756374,0.6724956722724615,3016.2,762.8499999999999,480.0,59.34686755348737,857.1999999999999,300.0,75.74325442668534,837.1999999999999,390.0,68.04012158318824,1170.0,203.13024356336092,,2.0,47610.0,574.03,24.95,6234.0,90.0,Landau in der Pfalz,2,POINT (8.113230626074914 49.19717577901748),50.0,50.0,50.0,735.3,Universum Kinocenter,675.3,Universum Kinocenter,735.3,Universum Kinocenter,1372.6,Filmwelt Landau,1561.3,Filmwelt Landau,1521.3,Filmwelt Landau,0.0,0.44387755102040816,mid,2
88,1309.9,264.8,685.0999999999999,0.5,1309.9,264.8,685.0999999999999,0.5,1261.3000000000002,674.95,466.35,0.0,354.35,1158.6,6935.929771127325,1292.0374261842317,3881.1,1.002249279535297,1.002249279535297,1.041689221192052,1.0153959267542154,3526.75,1130.65,360.0,70.76008132593986,1130.65,360.0,70.76008132593986,1106.4,120.0,90.08578943688455,840.0,231.60595208876427,,2.0,47610.0,574.03,24.95,6234.0,90.0,Landau in der Pfalz,2,POINT (8.13545462553726 49.19735760585316),50.0,50.0,50.0,1217.7,Universum Kinocenter,1217.7,Universum Kinocenter,1169.2,Universum Kinocenter,1402.1,Filmwelt Landau,1402.1,Filmwelt Landau,1353.4,Filmwelt Landau,1.0,0.44387755102040816,mid,2
89,1477.9,666.4,211.5,0.0,1383.25,601.75,211.5,0.0,2183.05,868.85,264.2,0.5,482.25,1747.5,5348.011125218596,1929.9815941195288,5044.2,1.279912326594495,1.3668394765936642,0.8684467006137457,1.1717328346006348,4561.95,1410.2,600.0,60.69187316580335,1383.25,570.0,61.061135760810494,1747.5,1050.0,58.442703526997946,2220.0,180.19571245361175,,2.0,47610.0,574.03,24.95,6234.0,90.0,Landau in der Pfalz,2,POINT (8.119220847514471 49.208676401819076),50.0,100.0,0.0,1319.3,Universum Kinocenter,1130.0,Universum Kinocenter,1724.2,Universum Kinocenter,1636.5,Filmwelt Landau,1636.5,Filmwelt Landau,2641.9,Filmwelt Landau,0.5,0.44387755102040816,mid,2
90,2095.7,877.5,528.2,0.0,2140.5,1071.9499999999998,588.55,0.0,2032.3,1248.1,424.2000000000001,0.0,422.15,1293.65,6194.854578476806,1403.3112762825226,6268.5,0.6733967193380679,0.6621917982935477,0.707284856978698,0.6809577915367713,5846.35,1293.65,690.0,70.86624403884703,1293.65,480.0000000000001,79.69462808688431,1293.65,360.0,85.16251403193178,1530.0,235.72338615766316,,2.0,47610.0,574.03,24.95,6234.0,90.0,Landau in der Pfalz,2,POINT (8.12795195 49.20254275),0.0,0.0,0.0,1661.6,Universum Kinocenter,1661.6,Universum Kinocenter,1491.8,Universum Kinocenter,2529.8,Filmwelt Landau,2619.4,Filmwelt Landau,2572.8,Filmwelt Landau,0.0,0.44387755102040816,mid,2
91,929.0,471.15,157.85,0.0,1077.15,248.95,528.2,0.0,1073.0,154.8,528.2,0.0,369.5,951.45,5464.1493105351765,1065.8864045107025,3079.15,1.0366264062044348,0.8547503378213572,0.8616855309586824,0.9176874249948248,2709.65,682.05,300.0,69.03928436998841,881.75,299.99999999999994,74.82446383323597,847.5999999999999,390.0,66.44124644494214,990.0,210.3049946481665,,2.0,47610.0,574.03,24.95,6234.0,90.0,Landau in der Pfalz,2,POINT (8.110499599999999 49.19595729999999),50.0,50.0,50.0,755.8,Universum Kinocenter,652.7,Universum Kinocenter,712.7,Universum Kinocenter,1102.2,Filmwelt Landau,1501.6,Filmwelt Landau,1433.3,Filmwelt Landau,0.0,0.44387755102040816,mid,2
92,1448.85,778.6500000000001,160.2,0.0,1448.85,778.6500000000001,160.2,0.0,1875.5,1205.4,130.1,0.0,793.55,3747.8,7769.339090797232,3953.2620937380425,5626.5,2.987844703047874,2.987844703047874,2.1073180318352414,2.1073180318352414,4891.7,1448.85,510.0,62.12506769863653,1448.85,510.0,62.12506769863653,2809.65,540.0,71.20767795254599,1620.0,213.623033857638,,2.0,47610.0,574.03,24.95,6234.0,90.0,Landau in der Pfalz,2,POINT (8.15662842126057 49.21947765650319),100.0,100.0,50.0,1022.2,Universum Kinocenter,1022.2,Universum Kinocenter,1875.5,Filmwelt Landau,1875.5,Filmwelt Landau,1875.5,Filmwelt Landau,1875.5,Filmwelt Landau,0.0,0.44387755102040816,mid,2
93,1660.05,241.4,518.65,0.0,1557.0,361.5,475.5,0.0,2255.3500000000004,616.8,588.55,0.5,419.4,1498.2,5540.75953469085,1565.5326480123404,5472.4,0.9151214138508924,0.9911624150134992,0.6948083163772026,0.8670307150805314,5053.0,1495.8,900.0,46.28280282168849,1495.8,720.0,58.0919921362308,1498.2,1050.0,62.38322790328552,2670.0,166.7580228612048,,2.0,47610.0,574.03,24.95,6234.0,90.0,Landau in der Pfalz,2,POINT (8.1199367 49.205212249999995),50.0,50.0,0.0,1280.6,Universum Kinocenter,1074.5,Universum Kinocenter,1457.4,Universum Kinocenter,2039.5,Filmwelt Landau,2039.5,Filmwelt Landau,3053.3,Filmwelt Landau,0.5,0.44387755102040816,mid,2
94,1048.9,408.7,160.2,0.0,1128.15,403.95,424.2000000000001,0.0,1164.4,350.2,424.2000000000001,0.0,421.2,870.0500000000001,5535.830400100913,933.32376287705,3341.45,0.7418895512421689,0.6588308498670814,0.6462800618226703,0.6823334876439735,2920.25,735.75,480.0,58.958944564198106,845.0,300.0,76.02297027817349,851.25,390.0,69.05796466606267,1170.0,204.03987950843427,,2.0,47610.0,574.03,24.95,6234.0,90.0,Landau in der Pfalz,2,POINT (8.113300417499222 49.19743047402207),50.0,50.0,50.0,767.2,Universum Kinocenter,707.2,Universum Kinocenter,767.2,Universum Kinocenter,1330.6,Filmwelt Landau,1549.1,Filmwelt Landau,1561.6,Filmwelt Landau,0.0,0.44387755102040816,mid,2
95,1132.5,492.3,160.2,0.0,800.65,216.0,254.65,0.0,733.8499999999999,216.0,157.85,0.0,276.55,869.15,5766.435691491017,958.7699817945296,2667.0,0.7670484241077247,1.0926347377981824,1.2566177034520285,1.038766955119312,2390.45,869.15,480.0,62.26258497750493,745.4,330.0,67.05862669512794,733.8499999999999,360.0,55.7614186450305,1170.0,185.08263031766336,,2.0,47610.0,574.03,24.95,6234.0,90.0,Landau in der Pfalz,2,POINT (8.112767 49.19342125),0.0,50.0,100.0,726.7,Universum Kinocenter,474.0,Universum Kinocenter,340.4,Universum Kinocenter,1538.3,Filmwelt Landau,1127.3,Filmwelt Landau,1127.3,Filmwelt Landau,0.0,0.44387755102040816,mid,2
96,774.5,360.3,264.2,0.0,774.5,360.3,264.2,0.0,1135.95,351.75,424.2000000000001,0.0,233.15,741.85,5803.096448673002,800.4614677690944,2684.95,1.0071300780484556,1.0071300780484556,0.6033804343829262,0.872546863493279,2451.8,460.55,150.0,80.48464508203693,460.55,150.0,80.48464508203693,741.85,359.9999999999999,73.89843601759642,659.9999999999999,234.86772618167032,,2.0,47610.0,574.03,24.95,6234.0,90.0,Landau in der Pfalz,2,POINT (8.115607249999998 49.195386199999994),50.0,50.0,0.0,749.1,Universum Kinocenter,749.1,Universum Kinocenter,329.1,Universum Kinocenter,799.9,Filmwelt Landau,799.9,Filmwelt Landau,1942.8,Filmwelt Landau,0.0,0.44387755102040816,mid,2
97,2071.8,201.6,160.2,1.5,2213.1,201.6,211.5,1.5,,,,,749.95,3971.45,6382.439339565737,4492.529816773373,,2.8979803010533374,2.4215124569735225,,,,2071.8,1710.0,25.017255052916603,2213.1,1800.0,24.66200403991529,3971.45,,,,,,2.0,47610.0,574.03,24.95,6234.0,90.0,Landau in der Pfalz,2,POINT (8.073147372155153 49.169866596432044),100.0,100.0,0.0,991.9,Universum Kinocenter,1274.5,Universum Kinocenter,,,3151.7,Filmwelt Landau,3151.7,Filmwelt Landau,,,,0.44387755102040816,mid,2
98,1236.95,239.1,157.85,1.0,1236.95,239.1,157.85,1.0,729.2,239.1,130.1,0.0,776.55,3715.6,9195.551894741518,4093.068308390145,2187.6000000000004,3.8412763064543816,3.8412763064543816,5.137974324925287,5.137974324925287,1506.5000000000005,1236.95,840.0,37.48656105454208,1236.95,840.0,37.48656105454208,2328.85,360.00000000000006,50.630828304991766,1080.0000000000002,151.89248491497528,,2.0,47610.0,574.03,24.95,6234.0,90.0,Landau in der Pfalz,2,POINT (8.173616074042336 49.20750790265044),100.0,100.0,50.0,729.2,Filmwelt Landau,729.2,Filmwelt Landau,729.2,Filmwelt Landau,1744.7,Universum Kinocenter,1744.7,Universum Kinocenter,729.2,Filmwelt Landau,2.0,0.44387755102040816,mid,2
99,8589.7,5156.2,343.5,0.5,,,,,,,,,2016.2,17436.85,12049.022092656382,18515.76268920925,,2.1596915641145107,,,,,8589.7,3090.0,64.245567543718,17436.85,,,17436.85,,,,,,2.0,47610.0,574.03,24.95,6234.0,90.0,Landau in der Pfalz,4,POINT (7.912391712567617 49.285256854852385),100.0,0.0,0.0,8029.1,Universum Kinocenter,,,,,9414.3,Filmwelt Landau,,,,,,0.44387755102040816,mid,2
