,total duration,total changes,speed,fastest mode,fastest overall mode,walk share,population,departure time
0,614.5,1.0,3.114512742484697,transit,car,31.65174938974776,4870.0,15
1,1193.9,0.0,2.3644524587182096,transit,car,49.74453471815061,4733.0,15
2,783.5,0.0,3.1144888309018426,transit,car,46.394384173580086,9445.0,15
3,712.9,0.0,0.3515315495784242,foot,car,83.16734464861831,620.0,15
4,490.5,0.0,4.245788288749988,transit,car,38.83792048929664,652.0,15
5,1552.2,1.0,1.924225041750094,transit,car,18.82489369926556,2810.0,15
6,1426.5,1.0,3.5958390305322414,transit,car,20.084121976866456,6446.0,15
7,1295.9,1.0,2.4989642613926764,transit,car,39.81017053785013,2330.0,15
8,1071.1,0.0,4.303863112027667,transit,car,4.770796377555785,9445.0,15
9,1772.8,1.0,2.722253290179556,transit,car,8.619133574007222,4733.0,15
10,387.1,0.0,3.8636593379992674,transit,transit,38.00051666236114,7474.0,15
11,1036.5,0.0,3.003471987072152,transit,car,36.32416787264834,1035.0,15
12,299.0,0.0,5.318489946953077,transit,transit,39.79933110367893,10733.0,15
13,1360.7,1.0,1.864977622013808,transit,car,16.21959285661792,620.0,15
14,1235.0,1.0,3.768242180109421,transit,car,17.408906882591094,2701.0,15
15,1104.4,1.0,2.577747802371869,transit,car,40.23904382470119,829.0,15
16,811.3,0.0,3.6858942403199766,transit,car,26.04461974608653,7255.0,15
17,1213.0,1.0,2.354121333323282,transit,car,25.8037922506183,4870.0,15
18,486.2,0.0,1.414333228958883,transit,car,87.65939942410532,1520.0,15
19,1556.7,1.0,1.6422264161590805,transit,car,34.4767777991906,7474.0,15
20,1321.0,0.0,2.679839112730638,transit,car,50.03785011355034,3156.0,15
21,1540.6,1.0,2.846092948127935,transit,car,33.792029079579386,6446.0,15
22,1114.9,1.0,2.42842540563312,transit,car,46.18351421652166,4733.0,15
23,1271.9,0.0,1.091883897448992,transit,car,81.13059202767514,10733.0,15
24,554.3,0.0,3.2870236027789703,transit,car,67.52661013891395,570.0,15
25,995.7,0.0,1.731256864025612,transit,car,87.94817716179573,829.0,15
26,769.1,0.0,2.121326938974146,transit,car,53.19204264725003,2751.0,15
27,1478.5,1.0,1.410219345537313,transit,car,43.18566114305039,482.0,15
28,724.9,1.0,3.082836316760188,transit,car,25.50696647813492,3156.0,15
29,1300.4,1.0,2.501214835055186,transit,car,30.79052599200246,6446.0,15
30,1840.9,2.0,1.5842222941309894,transit,car,15.258840784398933,2751.0,15
31,857.9,0.0,0.671897003576318,transit,car,93.00617787620936,570.0,15
32,1341.5,0.0,3.748061884602345,transit,car,23.9657100260902,1001.0,15
33,2043.2,1.0,2.5576659712841616,transit,car,20.71260767423649,620.0,15
34,657.5,0.0,2.8580238696468085,transit,car,63.49809885931559,3715.0,15
35,1306.9,0.0,2.686847538425148,transit,car,49.498813987298185,3324.0,15
36,513.9,0.0,3.758486872155005,transit,car,53.29830706363106,570.0,15
37,1575.6,1.0,1.855578845890048,transit,car,23.83853769992384,2701.0,15
38,1449.9,1.0,3.358509873332754,transit,car,25.512104283054,129.0,15
39,1319.3,1.0,2.2161678354521053,transit,car,45.42560448722807,7474.0,15
40,384.5,0.0,4.18291686403345,transit,transit,21.976592977893368,129.0,15
41,934.1,1.0,2.1435120412474125,transit,car,42.19034364629055,3156.0,15
42,900.5,1.0,1.8854016560363804,transit,car,20.044419766796224,10555.0,15
43,1012.8,0.0,1.3126370864841446,transit,car,88.1516587677725,570.0,15
44,939.9,0.0,3.595690378825262,transit,car,42.54707947654006,7474.0,15
45,861.6,0.0,2.693312524718184,transit,car,58.21727019498608,1242.0,15
46,2115.9,1.0,2.4793041514338667,transit,car,23.436835389196087,574.0,15
47,1925.3,1.0,2.776301744258124,transit,car,37.67205110891809,829.0,15
48,644.2,0.0,1.3917913083447495,transit,car,62.74448928904068,829.0,15
49,1405.9,1.0,1.4482435709583068,transit,car,35.98406714560068,2701.0,15
50,1280.2,1.0,2.938372080211922,transit,car,39.07201999687549,570.0,15
51,1209.6,1.0,1.6859643962899398,transit,car,60.31746031746032,10555.0,15
52,738.0,0.0,2.306175922940509,transit,car,75.60975609756098,4733.0,15
53,1779.6,1.0,1.3667763345817292,transit,car,46.05529332434254,620.0,15
54,1674.0,1.0,2.9432056773966533,transit,car,39.06810035842294,2751.0,15
55,1543.4,1.0,2.1298091712810123,transit,car,57.23726836853699,9445.0,15
56,402.3,0.0,3.330155789477678,transit,car,40.34302759134973,1677.0,15
57,324.0,0.0,1.1502087559937355,transit,car,81.48148148148148,8908.0,15
58,1838.6,1.0,1.6586606246619215,transit,car,37.9963015337757,1520.0,15
59,1207.7,1.0,2.448587849512059,transit,car,40.38254533410616,3156.0,15
60,361.4,0.0,1.467055424540258,transit,car,83.39789706696183,620.0,15
61,1052.7,0.0,1.571450724681096,transit,car,82.90111142775719,3156.0,15
62,1417.4,0.0,2.5476353730105563,transit,car,28.03725130520672,3715.0,15
63,1346.8,0.0,1.5757390477316533,transit,car,46.53994653994654,10555.0,15
64,2340.7,1.0,1.9312188535053447,transit,car,30.78993463493827,4870.0,15
65,2444.1,1.0,2.200559634984875,transit,car,58.26684669203387,10555.0,15
66,2427.6,1.0,1.409501693706203,transit,car,75.28423133959465,6446.0,15
67,1625.2,0.0,1.4617475517592946,transit,car,85.23258675855278,3156.0,15
68,811.2,0.0,3.211824217854183,transit,car,33.43195266272189,2701.0,15
69,1212.9,1.0,2.8479260625970286,transit,car,30.74449666089537,10733.0,15
70,787.2,1.0,2.959825953614551,transit,car,46.64634146341463,4733.0,15
71,944.2,0.0,0.4804394968407891,foot,car,93.64541410718068,2911.0,15
72,656.2,0.0,3.0952728707930453,transit,car,54.282231027125874,1001.0,15
73,1145.8,1.0,1.9477448088318807,transit,car,37.16180834351545,2810.0,15
74,630.8,0.0,1.9803770518838968,transit,car,80.97653772986683,1158.0,15
75,1103.0,0.0,1.457471084348447,transit,car,78.24116047144152,9445.0,15
76,961.8,0.0,1.555353055351714,transit,car,68.80848409232688,570.0,15
77,1067.4,1.0,1.8320635564996408,transit,car,49.40978077571669,2751.0,15
78,1396.0,1.0,1.3084845939588683,transit,car,48.42406876790831,2911.0,15
79,1516.4,0.0,0.8379832011613805,foot,car,92.08652070693748,2751.0,15
80,624.1,0.0,0.1351837659847589,foot,car,90.3861560647332,56.0,15
81,845.8,0.0,1.4507135551467147,transit,car,78.71837313785765,570.0,15
82,1500.1,0.0,2.2327440827320566,transit,car,44.00373308446104,10555.0,15
83,1309.5,0.0,1.6551598493741877,transit,car,67.92668957617411,7474.0,15
84,365.6,0.0,3.419656281844224,transit,car,50.76586433260393,2123.0,15
85,707.3,0.0,2.326871098674138,transit,car,40.61925632687686,4466.0,15
86,1142.7,1.0,1.7777993673064052,transit,car,26.489892360199526,6446.0,15
87,811.0,0.0,1.8597506392116707,transit,car,63.00863131935881,620.0,15
88,1279.5,0.0,1.559970372603328,transit,car,76.55334114888629,8908.0,15
89,2002.8,1.0,1.4790108450454695,transit,car,37.08807669263032,6446.0,15
90,2326.5,1.0,2.1351461158331344,transit,car,50.999355254674406,3324.0,15
91,1809.8,1.0,1.6761299561695746,transit,car,56.90131506243785,2911.0,15
92,784.9,0.0,1.2368957056413703,transit,car,69.42285641482991,3156.0,15
93,1546.6,1.0,1.3486900504822452,transit,car,41.80783654467864,3715.0,15
94,1420.9,1.0,2.736382128721867,transit,car,45.10521500457457,829.0,15
95,1350.3,1.0,1.5944700415705664,transit,car,64.45234392357254,1355.0,15
96,1966.4,0.0,2.0991915134212724,transit,car,66.43612693246541,3715.0,15
97,1906.1,1.0,2.6454157294498337,transit,car,46.487592466292426,9445.0,15
98,1889.6,1.0,1.8005213871006966,transit,car,68.24724809483489,620.0,15
99,1087.2,0.0,1.8546065794664683,transit,car,77.92494481236204,620.0,15
100,495.5,0.0,0.5602968598238691,foot,car,87.89101917255297,1242.0,15
101,814.9,0.0,1.7466865999359396,transit,car,77.91140017180022,0.0,15
102,1679.6,0.0,2.047091225555363,transit,car,49.988092402953086,0.0,15
103,1489.0,0.0,1.4163195216436295,transit,car,71.79314976494291,3.0,15
104,1553.6,0.0,2.9221265281402307,transit,car,53.65602471678682,,15
105,1955.3,1.0,2.1834077067691533,transit,car,47.83409195519869,,15
106,1961.9,0.0,0.8046952831747227,foot,car,96.94174014985474,,15
107,2299.0,1.0,1.7041877504581593,transit,car,50.41322314049587,,15
108,634.0,0.0,2.662306669783805,transit,car,71.60883280757098,,15
109,426.0,0.0,1.316033614349032,transit,car,85.91549295774648,,15
110,1810.0,1.0,2.068893748214411,transit,car,30.386740331491712,,15
111,1489.7,1.0,2.4058076096369416,transit,car,39.58515137275962,,15
112,380.7,0.0,2.042908341708154,transit,car,84.23955870764382,,15
113,761.6,0.0,1.6502749050630436,transit,car,84.24369747899159,,15
114,1136.7,0.0,2.2063315877371026,transit,car,36.65874901029295,,15
115,946.1,0.0,1.8748364054568925,transit,car,68.29087834266991,,15
116,597.9,0.0,2.611723275128829,transit,car,69.89463120923232,,15
117,939.6,0.0,1.938051503541157,transit,car,55.30012771392082,,15
118,1412.1,0.0,1.217562795594396,transit,car,49.01210962396432,,15
119,1043.3,0.0,1.500955173380593,transit,car,71.24508770248251,,15
120,1456.2,0.0,3.033124318090456,transit,car,50.55624227441286,,15
121,1857.9,1.0,2.242463440587765,transit,car,45.09930566768933,,15
122,1864.5,0.0,0.7734157025154621,foot,car,96.78197908286404,,15
123,2201.6,1.0,1.7173222669071082,transit,car,48.219476744186046,,15
124,1782.3,3.0,2.271541714252708,transit,car,42.7705773438815,,15
125,1727.9,1.0,2.849171284441593,transit,car,40.96880606516581,,15
126,1302.2,1.0,2.425893954673822,transit,car,53.924128398095526,,15
127,1171.6,0.0,1.6294184662583455,transit,car,79.5151928986002,,15
128,844.5,0.0,3.86976143832919,transit,car,14.742451154529308,,15
129,1366.2,1.0,3.2442705947318995,transit,car,16.55687307861221,,15
130,2161.9,2.0,2.151938091230241,transit,car,16.739904713446503,,15
131,749.9,0.0,3.09488827031823,transit,car,59.994665955460725,,15
132,812.6,0.0,1.7125454063454293,transit,car,70.46517351710558,,15
133,1874.3,1.0,1.1797520664030798,transit,car,35.97609774315744,,15
134,1748.6,1.0,2.6282970228329,transit,car,38.23630332837699,,15
135,1618.0,1.0,1.834061647324228,transit,car,55.50061804697157,,15
136,1030.1,0.0,3.7564169436652297,transit,car,24.279196194544223,,15
137,1731.8,1.0,2.3352277184042496,transit,car,20.314124032798247,,15
138,406.1,0.0,1.7698957114267684,transit,transit,85.2253139620783,,15
139,995.5,0.0,2.5853029889528747,transit,car,57.81014565544952,,15
140,1431.2,1.0,1.942274585044174,transit,car,49.69256567915037,,15
141,2012.9,1.0,1.887639557944537,transit,car,40.38451984698693,,15
142,2547.2,2.0,1.233818992091532,transit,car,31.68969849246232,,15
143,1276.6,0.0,0.735151624827145,foot,car,81.20006266645777,,15
144,1884.7,3.0,2.2239520900851075,transit,car,33.145858757361914,,15
145,1830.3,1.0,2.7771532915076613,transit,car,31.15882642189805,,15
146,1404.6,1.0,2.375679429475745,transit,car,40.196497223408805,,15
147,1239.1,0.0,1.664248155518874,transit,car,80.6311032200791,,15
148,455.3,0.0,2.5054779548506367,transit,car,86.82187568636064,,15
149,507.6,0.0,0.1413566996714625,foot,car,88.17966903073285,,15
150,1631.3,1.0,2.091150958891963,transit,car,30.11708453380739,,15
151,1440.7,1.0,2.108882635042928,transit,car,50.02429374609565,,15
152,1475.9,0.0,3.999564695758354,transit,car,39.02025882512365,,15
153,1397.6,0.0,3.4490735375492725,transit,car,48.48311390955924,,15
154,2651.9,1.0,2.785867952580164,transit,car,25.33655115200422,,15
155,2461.3,1.0,3.178914746123984,transit,car,36.61885995205785,,15
156,894.8,0.0,1.945529513308732,transit,car,66.47295485024587,,15
157,1294.5,1.0,1.634010094116056,transit,car,58.285052143684815,,15
158,1329.0,1.0,1.182620873716407,transit,car,45.82392776523702,,15
159,1647.7,0.0,0.801275143586378,foot,car,92.71712083510349,,15
160,2072.0,0.0,2.863378154911685,transit,car,56.56370656370657,,15
161,1493.6,0.0,3.2469257565411307,transit,car,51.794322442421,,15
162,3320.5,1.0,2.231989895689076,transit,car,40.37042614064147,,15
163,2431.2,1.0,3.229988306984967,transit,car,35.83415597235933,,15
164,670.9,0.0,0.8538086498353503,foot,car,91.05678938739008,,15
165,1062.2,0.0,0.6837743674131074,foot,car,88.70269252494822,,15
166,1732.9,0.0,1.7201126173884764,transit,car,44.6015349991344,,15
167,1296.3,1.0,1.787548241910672,transit,car,72.2286507752835,,15
168,2236.6,0.0,2.0910821132603066,transit,car,54.39506393633193,,15
169,2499.9,1.0,1.9110196004309656,transit,car,35.19740789631585,,15
170,1474.1,1.0,0.9685893354466868,foot,car,67.43775863238587,,15
171,1421.8,0.0,2.367507221732459,transit,car,53.579969053312695,,15
172,1682.9,3.0,2.6671213596527665,transit,car,25.12924119080159,,15
173,1628.5,1.0,3.3471200381834705,transit,car,22.62818544673012,,15
174,1202.8,1.0,3.247319616706327,transit,car,30.16295310941137,,15
175,1359.8,0.0,1.788278729659287,transit,car,64.70069127812913,,15
176,1042.6,0.0,1.415523578519137,transit,car,71.22578169959718,,15
177,1690.2,1.0,1.1745245593578044,foot,car,57.401490947816825,,15
178,1558.8,0.0,1.201654165748954,transit,car,92.30177059276366,,15
179,1400.4,0.0,0.8572006723522835,foot,car,82.86203941730933,,15
180,2035.3,1.0,2.9366207043793744,transit,car,8.612980887338475,,15
181,2857.0,1.0,1.9219488840639,transit,car,9.695484774238713,,15
182,1472.2,0.0,2.1964050394332086,transit,car,51.09360141285152,,15
183,3021.6,2.0,1.8425792302369108,transit,car,32.48610007942812,,15
184,2053.3,3.0,1.9477279820008984,transit,car,50.32386889397555,,15
185,1998.9,1.0,2.370257997559667,transit,car,48.97193456401021,,15
186,1573.2,1.0,1.6211163430091042,transit,car,61.86117467581999,,15
187,1442.6,0.0,1.2974349437774222,transit,car,83.36337169000416,,15
188,429.9,0.0,0.7972145378763602,foot,car,86.04326587578508,,15
189,880.5,0.0,1.7075649864317253,transit,car,79.55706984667803,,15
190,2028.1,0.0,1.6848295044449073,transit,car,43.78975395690548,,15
191,1824.2,0.0,1.1148190682103174,transit,car,50.663304462230016,,15
192,723.0,0.0,0.3590555282330391,foot,car,91.701244813278,,15
193,774.0,0.0,1.7735789694694155,transit,car,76.74418604651162,,15
194,1650.2,0.0,2.1083560514624,transit,car,49.097079141922194,,15
195,1459.6,0.0,1.4951152634960894,transit,car,71.2249931488079,,15
196,891.4,0.0,1.1521512060008623,transit,car,73.07606013013238,,15
197,518.2,0.0,0.3959264134458705,foot,car,88.42145889617908,,15
198,2219.5,1.0,1.4356583506006124,transit,car,48.63708042351881,,15
199,1694.9,1.0,1.6661300446894365,transit,car,46.899522095698856,,15
200,1755.5,3.0,2.464848100593146,transit,car,28.225576758758187,,15
201,1701.1,1.0,3.1081935019711904,transit,car,25.930280406795607,,15
202,1275.4,1.0,2.9604377369004884,transit,car,34.138309549945106,,15
203,1432.4,0.0,1.5836067736238852,transit,car,66.48980731639207,,15
204,1673.7,0.0,2.6483317685471075,transit,car,6.793332138376051,,15
205,2255.4,4.0,1.9793642428562963,transit,car,9.550412343708434,,15
206,677.3,0.0,1.702030067714188,transit,car,82.28259264727595,,15
207,2899.1,2.0,1.1317187601807224,foot,car,15.146079817874517,,15
208,544.2,0.0,3.5349443712187334,transit,car,55.89856670341786,,15
209,1605.9,1.0,1.8314261429702776,transit,car,25.275546422566787,,15
210,1480.2,1.0,3.252845577813214,transit,car,27.036886907174708,,15
211,1349.6,1.0,2.1071766247879955,transit,car,46.65085951393006,,15
212,1072.9,0.0,1.42193463117854,transit,car,83.22304035790847,,15
213,1796.2,1.0,1.3258346321578605,transit,car,36.53268010243848,,15
214,2119.9,1.0,2.212248895180692,transit,car,51.884522854851646,,15
215,1603.2,1.0,1.863760012480605,transit,car,58.83233532934132,,15
216,1121.9,0.0,3.516216424102441,transit,car,35.8231571441305,,15
217,1523.6,1.0,2.505640141801045,transit,car,33.05329482803886,,15
218,550.0,0.0,1.532598154808642,transit,car,89.0909090909091,,15
219,1867.3,1.0,1.7051624931534917,transit,car,38.94928506399614,,15
220,2262.9,0.0,2.097317850701543,transit,car,54.92509611560387,,15
221,2526.2,1.0,1.916858945845816,transit,car,35.8720608027868,,15
222,1863.6,0.0,0.8019542167325852,foot,car,87.1216999356085,,15
223,1448.1,0.0,2.370293638470117,transit,car,54.42303708307438,,15
224,2659.6,1.0,2.495720587408442,transit,car,54.880433147841785,,15
225,3241.3,1.0,2.2137946154267176,transit,car,48.16894455928176,,15
226,3355.6,2.0,1.2260949233891163,transit,car,46.35832637978304,,15
227,2537.8,1.0,1.8147115990301192,transit,car,50.35069745448814,,15
228,2556.7,1.0,0.4007762421782469,foot,car,83.5725740211992,,15
229,1721.2,0.0,1.2635470022557942,transit,car,65.1405995816872,,15
230,2400.9,0.0,1.3695370337629462,transit,car,82.506560039985,,15
231,1658.5,0.0,0.8770954553331675,foot,car,92.7645462767561,,15
232,865.1,0.0,3.2112217067792788,transit,car,30.64385620159519,,15
233,1266.8,1.0,2.1783817047158163,transit,car,28.95484685822545,,15
234,318.6,0.0,1.9118829950945544,transit,car,81.16760828625236,,15
235,1610.5,1.0,1.385980639159346,transit,car,36.66563179136914,,15
236,688.8,0.0,0.3029718878720842,foot,car,91.28919860627178,,15
237,910.5,0.0,1.5118650995886922,transit,car,80.23064250411862,,15
238,1564.8,0.0,2.1006265253445267,transit,car,46.31901840490798,,15
239,1374.2,0.0,1.462137721623904,transit,car,69.43676320768446,,15
240,795.3,0.0,1.770526465407784,transit,car,69.82270841192003,,15
241,1857.0,1.0,1.2025589440956523,transit,car,35.37964458804524,,15
242,1731.3,1.0,2.661147203212288,transit,car,37.61913013342576,,15
243,1600.7,1.0,1.8547855058078544,transit,car,55.019678890485416,,15
244,540.7,0.0,0.5231431690214413,foot,car,88.90327353430737,,15
245,757.6,0.0,1.904967751575377,transit,car,76.24076029567054,,15
246,1617.0,0.0,2.0077680363632964,transit,car,48.05194805194805,,15
247,1426.4,0.0,1.351969049404671,transit,car,70.55524397083568,,15
248,1399.6,0.0,2.659984126041373,transit,car,48.55673049442698,,15
249,1981.3,4.0,1.964588887965721,transit,car,39.43370514308787,,15
250,835.6,0.0,0.6884471384756743,transit,car,92.81953087601724,,15
251,1365.0,0.0,1.810563733567236,transit,car,73.62637362637363,,15
252,1422.5,0.0,3.303492485678353,transit,car,32.513181019332166,,15
253,2124.2,1.0,2.249962768420501,transit,car,26.560587515299883,,15
254,738.5,0.0,1.946511370214401,transit,car,75.62626946513203,,15
255,1387.9,0.0,2.464255319845657,transit,car,56.7692196844153,,15
256,1213.3,0.0,2.118120996441696,transit,car,55.49328278249402,,15
257,1429.7,1.0,2.407802584444547,transit,car,41.2464153318878,,15
258,1413.2,1.0,1.7055968516580555,transit,car,70.28021511463345,,15
259,610.8,0.0,0.6892053551585471,foot,car,90.17681728880156,,15
260,1759.4,1.0,2.2554362694656627,transit,car,31.79493008980334,,15
261,2161.1,2.0,1.8321342290635765,transit,car,30.59090278099116,,15
262,529.6,0.0,1.3295423479439372,transit,car,88.67069486404833,,15
263,1723.1,0.0,1.731906218647375,transit,car,65.17903778074401,,15
264,2398.1,0.0,0.5188500058277966,foot,car,74.98019265251656,,15
265,2574.3,1.0,0.5270352439430156,foot,car,65.03903973895815,,15
266,1788.8,0.0,1.1764490367557252,foot,car,96.64579606440071,,15
267,3290.3,1.0,0.5725283085183883,foot,car,68.99978725344194,,15
268,888.2,0.0,0.0814921436794346,foot,car,86.4895293852736,,15
269,1289.9,1.0,0.8681750766968552,foot,car,67.43933638266533,,15
270,1644.2,0.0,1.960320705902612,transit,car,52.560515752341566,,15
271,1453.6,0.0,1.4754915230311147,transit,car,75.23390203632361,,15
272,1124.3,0.0,1.305053548351863,transit,car,78.65338432802632,,15
273,751.1,0.0,0.5323832023433315,foot,car,92.0117161496472,,15
274,2784.5,1.0,1.1303853330656373,transit,car,59.059077033578745,,15
275,2076.5,1.0,1.4979887385402662,transit,car,65.32627016614495,,15
276,278.6,0.0,3.5963008845147293,transit,car,78.4637473079684,,15
277,1040.3,0.0,2.0749733355577886,transit,car,30.78919542439681,,15
278,1201.9,1.0,2.772923273202676,transit,car,35.10275397287628,,15
279,1131.3,1.0,1.3340151553383912,transit,car,57.570936091222485,,15
280,1221.7,0.0,1.5462621135139196,transit,car,75.44405336825734,,15
281,1945.0,1.0,1.4519825748127546,transit,car,35.2185089974293,,15
282,2268.7,1.0,2.169644698849672,transit,car,49.75095869881431,,15
283,1752.0,1.0,1.738454951907473,transit,car,55.479452054794514,,15
284,1515.7,0.0,2.294008794847386,transit,car,64.37289701128192,,15
285,937.3,0.0,2.5611296345470147,transit,car,61.59180625200042,,15
286,2764.2,1.0,1.90456989575859,transit,car,41.393531582374656,,15
287,1874.9,1.0,2.8910086405310897,transit,car,35.996586484612514,,15
288,1238.8,1.0,2.469571403254247,transit,car,37.03584113658379,,15
289,1766.4,1.0,2.388898886191907,transit,car,35.461956521739125,,15
290,2354.8,2.0,1.877669445970652,transit,car,23.560387294037707,,15
291,1084.2,0.0,1.924361354700573,transit,car,72.32982844493635,,15
292,1868.4,0.0,1.9981367219334727,transit,car,64.67565831727681,,15
293,1808.1,1.0,2.5363005385115702,transit,car,43.58719097395056,,15
294,1791.6,1.0,1.5941891693224095,transit,car,66.5103817816477,,15
295,989.2,0.0,1.6015935678009432,transit,car,75.73797007682977,,15
296,2284.4,1.0,2.4501700357999736,transit,car,18.578182454911573,,15
297,3125.7,1.0,1.6230888290292669,transit,car,17.45848929839716,,15
298,1305.4,0.0,2.2943219898861087,transit,car,44.844492109698166,,15
299,2817.6,2.0,1.882082333066505,transit,car,27.597955706984667,,15
300,1693.8,0.0,2.7929053395005004,transit,car,43.32270634077224,,15
301,2275.5,4.0,2.151693387469904,transit,car,36.71720500988794,,15
302,1060.9,0.0,1.4552336231569578,transit,car,66.06654727118483,,15
303,1213.0,0.0,2.722187331359815,transit,car,45.58944765045342,,15
304,1871.2,3.0,2.438003794104197,transit,car,42.28302693458743,,15
305,1816.8,1.0,3.0047750893018086,transit,car,40.55482166446499,,15
306,1391.1,1.0,2.6122428669997646,transit,car,52.55553159370283,,15
307,1088.7,0.0,2.238833938484144,transit,car,55.91071920639295,,15
308,1278.0,0.0,3.0436610891663736,transit,car,48.356807511737095,,15
309,1679.7,1.0,2.2219427210720166,transit,car,42.84693695302733,,15
310,579.0,0.0,1.495509478662374,transit,car,89.63730569948186,,15
311,2023.4,1.0,1.580767438421607,transit,car,46.62449342690521,,15
312,1374.4,0.0,2.481936199383356,transit,car,60.71012805587892,,15
313,796.0,0.0,2.9431649136426383,transit,car,54.77386934673366,,15
314,2622.9,1.0,1.997570047758345,transit,car,38.23630332837698,,15
315,1733.6,1.0,3.0949078228284312,transit,car,30.7798800184587,,15
316,1471.0,0.0,3.0583145953366624,transit,car,46.97484704282801,,15
317,1872.7,1.0,2.2547575003448275,transit,car,42.32925722219256,,15
318,907.0,0.0,1.7176322113389446,transit,car,86.76957001102535,,15
319,2268.4,1.0,1.7170424160279654,transit,car,49.74431317228002,,15
320,1817.5,0.0,2.3999111354793574,transit,car,66.98762035763411,,15
321,1679.2,0.0,1.984762406359392,transit,car,78.56121962839447,,15
322,2963.3,3.0,1.3098219717740331,transit,car,10.910133972260654,,15
323,3522.9,4.0,1.5113459008032486,transit,car,43.79630418121434,,15
324,1794.1,3.0,2.523874039165677,transit,car,29.769801014436204,,15
325,1739.7,1.0,3.111182456137559,transit,car,27.573719606828764,,15
326,1314.0,1.0,2.7007374017122943,transit,car,36.07305936073059,,15
327,1471.0,0.0,1.628438379022011,transit,car,67.36913664174031,,15
328,2075.9,0.0,2.1376314618738266,transit,car,24.85187147743148,,15
329,2432.1,4.0,1.8333950598509368,transit,car,16.12186998889848,,15
330,1128.0,0.0,1.0259438651211532,foot,car,89.36170212765958,,15
331,2853.4,2.0,1.157684271444767,transit,car,13.787061049975469,,15
332,1422.9,0.0,0.795580100070247,foot,car,78.91629770187645,,15
333,1464.0,1.0,1.280955325023058,transit,car,63.11475409836066,,15
334,1857.1,1.0,1.2453456707978905,transit,car,61.2298745355662,,15
335,1577.9,0.0,0.7301824610876952,foot,car,92.39495532036251,,15
336,2248.3,3.0,1.9237669324627704,transit,car,43.95765689632166,,15
337,2193.9,1.0,2.4414352958720853,transit,car,42.56802953644196,,15
338,1768.2,1.0,2.36276406627839,transit,car,52.49406175771972,,15
339,1925.2,0.0,1.2501165518428663,transit,car,75.0675254519011,,15
340,1637.1,0.0,3.498044994798816,transit,car,37.69470404984424,,15
341,2338.8,1.0,2.39435180008372,transit,car,30.733709594663928,,15
342,1133.1,0.0,2.190649233553691,transit,car,62.93354514164682,,15
343,2442.5,1.0,1.9162269971034416,transit,car,38.58751279426817,,15
344,895.5,0.0,1.9822110697662365,transit,car,93.2998324958124,,15
345,1160.2,0.0,1.3997125244993476,transit,car,89.65695569729357,,15
346,1200.2,0.0,1.442430091000502,transit,car,70.00499916680553,,15
347,1520.9,1.0,1.4187574668083327,transit,car,76.32980472088896,,15
348,1623.4,0.0,0.863559961160418,foot,car,81.52026610816804,,15
349,2346.7,1.0,0.9754548559267452,foot,car,46.30758085822645,,15
350,2670.4,1.0,1.7063624265037585,transit,car,57.30976632714201,,15
351,2153.7,1.0,1.3304965906814996,transit,car,63.78325672099179,,15
352,532.5,0.0,1.2294353140675165,transit,car,88.73239436619718,,15
353,1234.2,0.0,1.383702716800112,transit,car,46.524064171122994,,15
354,1327.3,1.0,2.214758933755585,transit,car,50.27499434943118,,15
355,1196.7,1.0,1.2595957552132686,transit,car,74.93106041614439,,15
356,620.0,0.0,1.6719899793523492,transit,car,80.64516129032258,,15
357,887.9,0.0,1.310862741737536,transit,car,93.24248226151596,,15
358,1376.0,0.0,1.6963505442904383,transit,car,43.31395348837209,,15
359,1088.1,0.0,1.805424239544399,transit,car,72.42900468706921,,15
360,1183.1,1.0,2.524682842790553,transit,car,54.35719719381287,,15
361,1764.8,1.0,2.275505479013362,transit,car,42.20308250226654,,15
362,1388.8,1.0,2.37293547331994,transit,car,69.75806451612904,,15
363,1316.1,0.0,0.8708534449858081,foot,car,95.44107590608616,,15
364,1025.2,0.0,3.6762906002855935,transit,car,47.32735076082716,,15
365,946.9,0.0,2.8286875065195565,transit,car,61.981201816453705,,15
366,2201.2,1.0,2.4772563637571285,transit,car,26.40377975649646,,15
367,1983.7,1.0,2.8682950954947857,transit,car,39.50698190250542,,15
368,425.2,0.0,1.1956822823699325,transit,car,85.8889934148636,,15
369,1034.4,0.0,1.5027441637595764,transit,car,53.596287703016245,,15
370,1508.7,0.0,1.966009968839305,transit,car,36.36905945516008,,15
371,1438.1,0.0,1.1437606422991045,transit,car,54.10611223141645,,15
372,1433.4,0.0,2.725210597505781,transit,car,41.39807450816241,,15
373,1835.1,1.0,2.099905488508633,transit,car,37.87804479319928,,15
374,593.0,0.0,1.165633219121079,transit,car,89.88195615514334,,15
375,1873.7,0.0,1.6107124671119213,transit,car,67.977797939905,,15
376,711.4,0.0,0.2480439981098726,foot,car,91.5659263424234,,15
377,933.1,0.0,1.3826438603574336,transit,car,80.70946308005571,,15
378,1587.4,0.0,2.1597200230336253,transit,car,47.08328083658812,,15
379,1396.8,0.0,1.569582632562094,transit,car,69.93127147766322,,15
380,1025.7,0.0,3.628832357054464,transit,car,23.954372623574145,,15
381,1727.4,1.0,2.3148553910769065,transit,car,20.1111497047586,,15
382,401.7,0.0,2.07291099413976,transit,transit,85.06348020911128,,15
383,991.1,0.0,2.295619827442622,transit,car,57.62284330541822,,15
384,1334.2,0.0,2.726149684369186,transit,car,41.53800029980513,,15
385,1735.9,1.0,2.0972005254754444,transit,car,37.78443458724581,,15
386,770.2,0.0,0.5049412124386004,foot,car,84.41963126460661,,15
387,1992.0,0.0,1.363906585583485,transit,car,69.87951807228916,,15
388,1262.7,0.0,3.8697757440238174,transit,car,19.22071751009741,,15
389,1964.4,1.0,2.5968636387778847,transit,car,17.532070861331704,,15
390,578.7,0.0,3.047451345867315,transit,car,58.52773457750129,,15
391,1228.1,0.0,2.734174610816268,transit,car,46.25844800911978,,15
392,954.2,0.0,1.603186692737835,transit,car,81.1360301823517,,15
393,1677.5,1.0,1.4657319781258429,transit,car,32.04172876304024,,15
394,2001.2,1.0,2.311049650516688,transit,car,49.03058165100939,,15
395,1484.5,1.0,1.92267316981712,transit,car,55.540586055911085,,15
396,1274.2,0.0,1.1873713638920302,foot,car,85.8734892481557,,15
397,1997.5,1.0,1.1453247580932635,transit,car,42.92866082603254,,15
398,2321.2,1.0,2.0379452509094995,transit,car,56.05721178700672,,15
399,1804.5,1.0,1.7200056237220618,transit,car,63.424771404821286,,15
400,2351.3,1.0,2.787703301866798,transit,car,18.34304427338068,,15
401,3012.9,4.0,2.010650358550519,transit,car,18.351090311659863,,15
402,1447.2,0.0,2.6078636728325946,transit,car,37.810945273631845,,15
403,3495.5,2.0,1.7490836547357405,transit,car,41.63925046488343,,15
404,1864.8,0.0,3.5525946750788027,transit,car,51.73745173745174,,15
405,1786.5,0.0,3.0604331287963915,transit,car,59.69773299748111,,15
406,3040.8,1.0,2.4446310190299685,transit,car,34.88555643251776,,15
407,2850.2,1.0,2.916825531910404,transit,car,45.26699880710126,,15
408,1408.2,0.0,4.175348709040538,transit,car,2.002556455048999,,15
409,1329.9,0.0,4.076360186808116,transit,car,9.767651703135574,,15
410,3184.2,2.0,2.7546948481976496,transit,car,3.900508762012436,,15
411,2633.6,0.0,3.0399416209345924,transit,car,13.42648845686513,,15
412,2158.9,2.0,3.283931726555069,transit,car,2.72824123396174,,15
413,2680.6,2.0,3.0615716602767025,transit,car,5.991196000895322,,15
414,,,,foot,car,,,15
415,1824.3,1.0,2.961835888362001,transit,car,21.065614208189444,,15
0,614.5,1.0,3.114512742484697,transit,car,31.65174938974776,4870.0,18
1,1193.9,0.0,2.3644524587182096,transit,car,49.74453471815061,4733.0,18
2,783.5,0.0,3.1144888309018426,transit,car,46.394384173580086,9445.0,18
3,712.9,0.0,0.3515315495784242,foot,car,83.16734464861831,620.0,18
4,490.5,0.0,4.245788288749988,transit,car,38.83792048929664,652.0,18
5,1552.2,1.0,1.924225041750094,transit,car,18.82489369926556,2810.0,18
6,1426.5,1.0,3.5958390305322414,transit,car,20.084121976866456,6446.0,18
7,1295.9,1.0,2.4989642613926764,transit,car,39.81017053785013,2330.0,18
8,1071.1,0.0,4.303863112027667,transit,car,4.770796377555785,9445.0,18
9,1772.8,1.0,2.722253290179556,transit,car,8.619133574007222,4733.0,18
10,387.1,0.0,3.8636593379992674,transit,transit,38.00051666236114,7474.0,18
11,1036.5,0.0,3.003471987072152,transit,car,36.32416787264834,1035.0,18
12,299.0,0.0,5.318489946953077,transit,transit,39.79933110367893,10733.0,18
13,1360.7,1.0,1.864977622013808,transit,car,16.21959285661792,620.0,18
14,1235.0,1.0,3.768242180109421,transit,car,17.408906882591094,2701.0,18
15,1104.4,1.0,2.577747802371869,transit,car,40.23904382470119,829.0,18
16,811.3,0.0,3.6858942403199766,transit,car,26.04461974608653,7255.0,18
17,1213.0,1.0,2.354121333323282,transit,car,25.8037922506183,4870.0,18
18,486.2,0.0,1.414333228958883,transit,car,87.65939942410532,1520.0,18
19,1556.7,1.0,1.6422264161590805,transit,car,34.4767777991906,7474.0,18
20,1321.0,0.0,2.679839112730638,transit,car,50.03785011355034,3156.0,18
21,1540.6,1.0,2.846092948127935,transit,car,33.792029079579386,6446.0,18
22,1114.9,1.0,2.42842540563312,transit,car,46.18351421652166,4733.0,18
23,1271.9,0.0,1.091883897448992,transit,car,81.13059202767514,10733.0,18
24,425.0,0.0,4.287052195342078,transit,car,43.52941176470589,570.0,18
25,995.7,0.0,1.731256864025612,transit,car,87.94817716179573,829.0,18
26,769.1,0.0,2.121326938974146,transit,car,53.19204264725003,2751.0,18
27,1478.5,1.0,1.410219345537313,transit,car,43.18566114305039,482.0,18
28,724.9,1.0,3.082836316760188,transit,car,25.50696647813492,3156.0,18
29,1300.4,1.0,2.501214835055186,transit,car,30.79052599200246,6446.0,18
30,1840.9,2.0,1.5842222941309894,transit,car,15.258840784398933,2751.0,18
31,857.9,0.0,0.671897003576318,transit,car,93.00617787620936,570.0,18
32,1341.5,0.0,3.748061884602345,transit,car,23.9657100260902,1001.0,18
33,2043.2,1.0,2.5576659712841616,transit,car,20.71260767423649,620.0,18
34,657.5,0.0,2.8580238696468085,transit,car,63.49809885931559,3715.0,18
35,1306.9,0.0,2.686847538425148,transit,car,49.498813987298185,3324.0,18
36,513.9,0.0,3.758486872155005,transit,car,53.29830706363106,570.0,18
37,1575.6,1.0,1.855578845890048,transit,car,23.83853769992384,2701.0,18
38,1449.9,1.0,3.358509873332754,transit,car,25.512104283054,129.0,18
39,1319.3,1.0,2.2161678354521053,transit,car,45.42560448722807,7474.0,18
40,384.5,0.0,4.18291686403345,transit,transit,21.976592977893368,129.0,18
41,934.1,1.0,2.1435120412474125,transit,car,42.19034364629055,3156.0,18
42,900.5,1.0,1.8854016560363804,transit,car,20.044419766796224,10555.0,18
43,1012.8,0.0,1.3126370864841446,transit,car,88.1516587677725,570.0,18
44,939.9,0.0,3.595690378825262,transit,car,42.54707947654006,7474.0,18
45,861.6,0.0,2.693312524718184,transit,car,58.21727019498608,1242.0,18
46,2115.9,1.0,2.4793041514338667,transit,car,23.436835389196087,574.0,18
47,1925.3,1.0,2.776301744258124,transit,car,37.67205110891809,829.0,18
48,644.2,0.0,1.3917913083447495,transit,car,62.74448928904068,829.0,18
49,1405.9,1.0,1.4482435709583068,transit,car,35.98406714560068,2701.0,18
50,1280.2,1.0,2.938372080211922,transit,car,39.07201999687549,570.0,18
51,1149.6,1.0,1.7739583626933817,transit,car,63.46555323590815,10555.0,18
52,738.0,0.0,2.306175922940509,transit,car,75.60975609756098,4733.0,18
53,1779.6,1.0,1.3667763345817292,transit,car,46.05529332434254,620.0,18
54,1674.0,1.0,2.9432056773966533,transit,car,39.06810035842294,2751.0,18
55,1543.4,1.0,2.1298091712810123,transit,car,57.23726836853699,9445.0,18
56,402.3,0.0,3.330155789477678,transit,car,40.34302759134973,1677.0,18
57,324.0,0.0,1.1502087559937355,transit,car,81.48148148148148,8908.0,18
58,1838.6,1.0,1.6586606246619215,transit,car,37.9963015337757,1520.0,18
59,1207.7,1.0,2.448587849512059,transit,car,40.38254533410616,3156.0,18
60,361.4,0.0,1.467055424540258,transit,car,83.39789706696183,620.0,18
61,1052.7,0.0,1.571450724681096,transit,car,82.90111142775719,3156.0,18
62,1417.4,0.0,2.5476353730105563,transit,car,28.03725130520672,3715.0,18
63,1346.8,0.0,1.5757390477316533,transit,car,46.53994653994654,10555.0,18
64,2340.7,1.0,1.9312188535053447,transit,car,30.78993463493827,4870.0,18
65,2444.1,1.0,2.200559634984875,transit,car,58.26684669203387,10555.0,18
66,2427.6,1.0,1.409501693706203,transit,car,75.28423133959465,6446.0,18
67,1625.2,0.0,1.4617475517592946,transit,car,85.23258675855278,3156.0,18
68,811.2,0.0,3.211824217854183,transit,car,33.43195266272189,2701.0,18
69,1212.9,1.0,2.8479260625970286,transit,car,30.74449666089537,10733.0,18
70,787.2,1.0,2.959825953614551,transit,car,46.64634146341463,4733.0,18
71,944.2,0.0,0.4804394968407891,foot,car,93.64541410718068,2911.0,18
72,656.2,0.0,3.0952728707930453,transit,car,54.282231027125874,1001.0,18
73,1145.8,1.0,1.9477448088318807,transit,car,37.16180834351545,2810.0,18
74,630.8,0.0,1.9803770518838968,transit,car,80.97653772986683,1158.0,18
75,1103.0,0.0,1.457471084348447,transit,car,78.24116047144152,9445.0,18
76,961.8,0.0,1.555353055351714,transit,car,68.80848409232688,570.0,18
77,1067.4,1.0,1.8320635564996408,transit,car,49.40978077571669,2751.0,18
78,1396.0,1.0,1.3084845939588683,transit,car,48.42406876790831,2911.0,18
79,1516.4,0.0,0.8379832011613805,foot,car,92.08652070693748,2751.0,18
80,624.1,0.0,0.1351837659847589,foot,car,90.3861560647332,56.0,18
81,845.8,0.0,1.4507135551467147,transit,car,78.71837313785765,570.0,18
82,1500.1,0.0,2.2327440827320566,transit,car,44.00373308446104,10555.0,18
83,1309.5,0.0,1.6551598493741877,transit,car,67.92668957617411,7474.0,18
84,365.6,0.0,3.419656281844224,transit,car,50.76586433260393,2123.0,18
85,707.3,0.0,2.326871098674138,transit,car,40.61925632687686,4466.0,18
86,1142.7,1.0,1.7777993673064052,transit,car,26.489892360199526,6446.0,18
87,811.0,0.0,1.8597506392116707,transit,car,63.00863131935881,620.0,18
88,1279.5,0.0,1.559970372603328,transit,car,76.55334114888629,8908.0,18
89,2002.8,1.0,1.4790108450454695,transit,car,37.08807669263032,6446.0,18
90,2326.5,1.0,2.1351461158331344,transit,car,50.999355254674406,3324.0,18
91,1809.8,1.0,1.6761299561695746,transit,car,56.90131506243785,2911.0,18
92,784.9,0.0,1.2368957056413703,transit,car,69.42285641482991,3156.0,18
93,1546.6,1.0,1.3486900504822452,transit,car,41.80783654467864,3715.0,18
94,1420.9,1.0,2.736382128721867,transit,car,45.10521500457457,829.0,18
95,1290.3,1.0,1.6686141960263008,transit,car,67.44943036503139,1355.0,18
96,1966.4,0.0,2.0991915134212724,transit,car,66.43612693246541,3715.0,18
97,1906.1,1.0,2.6454157294498337,transit,car,46.487592466292426,9445.0,18
98,1889.6,1.0,1.8005213871006966,transit,car,68.24724809483489,620.0,18
99,1087.2,0.0,1.8546065794664683,transit,car,77.92494481236204,620.0,18
100,495.5,0.0,0.5602968598238691,foot,car,87.89101917255297,1242.0,18
101,814.9,0.0,1.7466865999359396,transit,car,77.91140017180022,0.0,18
102,1679.6,0.0,2.047091225555363,transit,car,49.988092402953086,0.0,18
103,1489.0,0.0,1.4163195216436295,transit,car,71.79314976494291,3.0,18
104,1553.6,0.0,2.9221265281402307,transit,car,53.65602471678682,,18
105,1955.3,1.0,2.1834077067691533,transit,car,47.83409195519869,,18
106,1961.9,0.0,0.8046952831747227,foot,car,96.94174014985474,,18
107,2299.0,1.0,1.7041877504581593,transit,car,50.41322314049587,,18
108,634.0,0.0,2.662306669783805,transit,car,71.60883280757098,,18
109,426.0,0.0,1.316033614349032,transit,car,85.91549295774648,,18
110,1810.0,1.0,2.068893748214411,transit,car,30.386740331491712,,18
111,1489.7,1.0,2.4058076096369416,transit,car,39.58515137275962,,18
112,380.7,0.0,2.042908341708154,transit,car,84.23955870764382,,18
113,761.6,0.0,1.6502749050630436,transit,car,84.24369747899159,,18
114,1136.7,0.0,2.2063315877371026,transit,car,36.65874901029295,,18
115,946.1,0.0,1.8748364054568925,transit,car,68.29087834266991,,18
116,594.6,0.0,2.626218207533681,transit,car,59.63673057517659,,18
117,939.6,0.0,1.938051503541157,transit,car,55.30012771392082,,18
118,1412.1,0.0,1.217562795594396,transit,car,49.01210962396432,,18
119,1043.3,0.0,1.500955173380593,transit,car,71.24508770248251,,18
120,1456.2,0.0,3.033124318090456,transit,car,50.55624227441286,,18
121,1857.9,1.0,2.242463440587765,transit,car,45.09930566768933,,18
122,1864.5,0.0,0.7734157025154621,foot,car,96.78197908286404,,18
123,2201.6,1.0,1.7173222669071082,transit,car,48.219476744186046,,18
124,1782.3,3.0,2.271541714252708,transit,car,42.7705773438815,,18
125,1727.9,1.0,2.849171284441593,transit,car,40.96880606516581,,18
126,1302.2,1.0,2.425893954673822,transit,car,53.924128398095526,,18
127,1171.6,0.0,1.6294184662583455,transit,car,79.5151928986002,,18
128,844.5,0.0,3.86976143832919,transit,car,14.742451154529308,,18
129,1366.2,1.0,3.2442705947318995,transit,car,16.55687307861221,,18
130,2161.9,2.0,2.151938091230241,transit,car,16.739904713446503,,18
131,749.9,0.0,3.09488827031823,transit,car,59.994665955460725,,18
132,812.6,0.0,1.7125454063454293,transit,car,70.46517351710558,,18
133,1874.3,1.0,1.1797520664030798,transit,car,35.97609774315744,,18
134,1748.6,1.0,2.6282970228329,transit,car,38.23630332837699,,18
135,1618.0,1.0,1.834061647324228,transit,car,55.50061804697157,,18
136,1030.1,0.0,3.7564169436652297,transit,car,24.279196194544223,,18
137,1731.8,1.0,2.3352277184042496,transit,car,20.314124032798247,,18
138,406.1,0.0,1.7698957114267684,transit,transit,85.2253139620783,,18
139,995.5,0.0,2.5853029889528747,transit,car,57.81014565544952,,18
140,1431.2,1.0,1.942274585044174,transit,car,49.69256567915037,,18
141,2012.9,1.0,1.887639557944537,transit,car,40.38451984698693,,18
142,2547.2,2.0,1.233818992091532,transit,car,31.68969849246232,,18
143,1276.6,0.0,0.735151624827145,foot,car,81.20006266645777,,18
144,1884.7,3.0,2.2239520900851075,transit,car,33.145858757361914,,18
145,1830.3,1.0,2.7771532915076613,transit,car,31.15882642189805,,18
146,1404.6,1.0,2.375679429475745,transit,car,40.196497223408805,,18
147,1239.1,0.0,1.664248155518874,transit,car,80.6311032200791,,18
148,455.3,0.0,2.5054779548506367,transit,car,86.82187568636064,,18
149,507.6,0.0,0.1413566996714625,foot,car,88.17966903073285,,18
150,1631.3,1.0,2.091150958891963,transit,car,30.11708453380739,,18
151,1440.7,1.0,2.108882635042928,transit,car,50.02429374609565,,18
152,1475.9,0.0,3.999564695758354,transit,car,39.02025882512365,,18
153,1397.6,0.0,3.4490735375492725,transit,car,48.48311390955924,,18
154,2651.9,1.0,2.785867952580164,transit,car,25.33655115200422,,18
155,2461.3,1.0,3.178914746123984,transit,car,36.61885995205785,,18
156,894.8,0.0,1.945529513308732,transit,car,66.47295485024587,,18
157,1294.5,1.0,1.634010094116056,transit,car,58.285052143684815,,18
158,1329.0,1.0,1.182620873716407,transit,car,45.82392776523702,,18
159,1647.7,0.0,0.801275143586378,foot,car,92.71712083510349,,18
160,2072.0,0.0,2.863378154911685,transit,car,56.56370656370657,,18
161,1493.6,0.0,3.2469257565411307,transit,car,51.794322442421,,18
162,3320.5,1.0,2.231989895689076,transit,car,40.37042614064147,,18
163,2431.2,1.0,3.229988306984967,transit,car,35.83415597235933,,18
164,670.9,0.0,0.8538086498353503,foot,car,91.05678938739008,,18
165,1062.2,0.0,0.6837743674131074,foot,car,88.70269252494822,,18
166,1732.9,0.0,1.7201126173884764,transit,car,44.6015349991344,,18
167,1296.3,1.0,1.787548241910672,transit,car,72.2286507752835,,18
168,2236.6,0.0,2.0910821132603066,transit,car,54.39506393633193,,18
169,2499.9,1.0,1.9110196004309656,transit,car,35.19740789631585,,18
170,1474.1,1.0,0.9685893354466868,foot,car,67.43775863238587,,18
171,1421.8,0.0,2.367507221732459,transit,car,53.579969053312695,,18
172,1682.9,3.0,2.6671213596527665,transit,car,25.12924119080159,,18
173,1628.5,1.0,3.3471200381834705,transit,car,22.62818544673012,,18
174,1202.8,1.0,3.247319616706327,transit,car,30.16295310941137,,18
175,1359.8,0.0,1.788278729659287,transit,car,64.70069127812913,,18
176,1042.6,0.0,1.415523578519137,transit,car,71.22578169959718,,18
177,1690.2,1.0,1.1745245593578044,foot,car,57.401490947816825,,18
178,1558.8,0.0,1.201654165748954,transit,car,92.30177059276366,,18
179,1400.4,0.0,0.8572006723522835,foot,car,82.86203941730933,,18
180,2576.2,1.0,2.320046626668481,transit,car,25.4716248738452,,18
181,2857.0,1.0,1.9219488840639,transit,car,9.695484774238713,,18
182,1472.2,0.0,2.1964050394332086,transit,car,51.09360141285152,,18
183,3021.6,2.0,1.8425792302369108,transit,car,32.48610007942812,,18
184,2053.3,3.0,1.9477279820008984,transit,car,50.32386889397555,,18
185,1998.9,1.0,2.370257997559667,transit,car,48.97193456401021,,18
186,1573.2,1.0,1.6211163430091042,transit,car,61.86117467581999,,18
187,1442.6,0.0,1.2974349437774222,transit,car,83.36337169000416,,18
188,429.9,0.0,0.7972145378763602,foot,car,86.04326587578508,,18
189,880.5,0.0,1.7075649864317253,transit,car,79.55706984667803,,18
190,2028.1,0.0,1.6848295044449073,transit,car,43.78975395690548,,18
191,1824.2,0.0,1.1148190682103174,transit,car,50.663304462230016,,18
192,723.0,0.0,0.3590555282330391,foot,car,91.701244813278,,18
193,774.0,0.0,1.7735789694694155,transit,car,76.74418604651162,,18
194,1650.2,0.0,2.1083560514624,transit,car,49.097079141922194,,18
195,1459.6,0.0,1.4951152634960894,transit,car,71.2249931488079,,18
196,891.4,0.0,1.1521512060008623,transit,car,73.07606013013238,,18
197,518.2,0.0,0.3959264134458705,foot,car,88.42145889617908,,18
198,2219.5,1.0,1.4356583506006124,transit,car,48.63708042351881,,18
199,1694.9,1.0,1.6661300446894365,transit,car,46.899522095698856,,18
200,1755.5,3.0,2.464848100593146,transit,car,28.225576758758187,,18
201,1701.1,1.0,3.1081935019711904,transit,car,25.930280406795607,,18
202,1275.4,1.0,2.9604377369004884,transit,car,34.138309549945106,,18
203,1432.4,0.0,1.5836067736238852,transit,car,66.48980731639207,,18
204,1673.7,0.0,2.6483317685471075,transit,car,6.793332138376051,,18
205,2255.4,4.0,1.9793642428562963,transit,car,9.550412343708434,,18
206,677.3,0.0,1.702030067714188,transit,car,82.28259264727595,,18
207,3470.6,4.0,0.945359839117136,foot,car,23.93246124589408,,18
208,544.2,0.0,3.5349443712187334,transit,car,55.89856670341786,,18
209,1605.9,1.0,1.8314261429702776,transit,car,25.275546422566787,,18
210,1480.2,1.0,3.252845577813214,transit,car,27.036886907174708,,18
211,1349.6,1.0,2.1071766247879955,transit,car,46.65085951393006,,18
212,1072.9,0.0,1.42193463117854,transit,car,83.22304035790847,,18
213,1796.2,1.0,1.3258346321578605,transit,car,36.53268010243848,,18
214,2119.9,1.0,2.212248895180692,transit,car,51.884522854851646,,18
215,1603.2,1.0,1.863760012480605,transit,car,58.83233532934132,,18
216,1121.9,0.0,3.516216424102441,transit,car,35.8231571441305,,18
217,1523.6,1.0,2.505640141801045,transit,car,33.05329482803886,,18
218,550.0,0.0,1.532598154808642,transit,car,89.0909090909091,,18
219,1867.3,1.0,1.7051624931534917,transit,car,38.94928506399614,,18
220,2262.9,0.0,2.097317850701543,transit,car,54.92509611560387,,18
221,2526.2,1.0,1.916858945845816,transit,car,35.8720608027868,,18
222,1863.6,0.0,0.8019542167325852,foot,car,87.1216999356085,,18
223,1448.1,0.0,2.370293638470117,transit,car,54.42303708307438,,18
224,2659.6,1.0,2.495720587408442,transit,car,54.880433147841785,,18
225,2986.5,3.0,2.4026695084488936,transit,car,25.665494726268204,,18
226,3415.6,2.0,1.2045567762397584,transit,car,45.54397470429792,,18
227,4665.0,1.0,0.9872186701004582,foot,car,72.9903536977492,,18
228,2556.7,1.0,0.4007762421782469,foot,car,83.5725740211992,,18
229,1721.2,0.0,1.2635470022557942,transit,car,65.1405995816872,,18
230,2400.9,0.0,1.3695370337629462,transit,car,82.506560039985,,18
231,1658.5,0.0,0.8770954553331675,foot,car,92.7645462767561,,18
232,865.1,0.0,3.2112217067792788,transit,car,30.64385620159519,,18
233,1266.8,1.0,2.1783817047158163,transit,car,28.95484685822545,,18
234,318.6,0.0,1.9118829950945544,transit,car,81.16760828625236,,18
235,1610.5,1.0,1.385980639159346,transit,car,36.66563179136914,,18
236,688.8,0.0,0.3029718878720842,foot,car,91.28919860627178,,18
237,910.5,0.0,1.5118650995886922,transit,car,80.23064250411862,,18
238,1564.8,0.0,2.1006265253445267,transit,car,46.31901840490798,,18
239,1374.2,0.0,1.462137721623904,transit,car,69.43676320768446,,18
240,795.3,0.0,1.770526465407784,transit,car,69.82270841192003,,18
241,1857.0,1.0,1.2025589440956523,transit,car,35.37964458804524,,18
242,1731.3,1.0,2.661147203212288,transit,car,37.61913013342576,,18
243,1600.7,1.0,1.8547855058078544,transit,car,55.019678890485416,,18
244,540.7,0.0,0.5231431690214413,foot,car,88.90327353430737,,18
245,757.6,0.0,1.904967751575377,transit,car,76.24076029567054,,18
246,1617.0,0.0,2.0077680363632964,transit,car,48.05194805194805,,18
247,1426.4,0.0,1.351969049404671,transit,car,70.55524397083568,,18
248,1399.6,0.0,2.659984126041373,transit,car,48.55673049442698,,18
249,1981.3,4.0,1.964588887965721,transit,car,39.43370514308787,,18
250,835.6,0.0,0.6884471384756743,transit,car,92.81953087601724,,18
251,1365.0,0.0,1.810563733567236,transit,car,73.62637362637363,,18
252,1422.5,0.0,3.303492485678353,transit,car,32.513181019332166,,18
253,2124.2,1.0,2.249962768420501,transit,car,26.560587515299883,,18
254,738.5,0.0,1.946511370214401,transit,car,75.62626946513203,,18
255,1387.9,0.0,2.464255319845657,transit,car,56.7692196844153,,18
256,1213.3,0.0,2.118120996441696,transit,car,55.49328278249402,,18
257,1429.7,1.0,2.407802584444547,transit,car,41.2464153318878,,18
258,1413.2,1.0,1.7055968516580555,transit,car,70.28021511463345,,18
259,610.8,0.0,0.6892053551585471,foot,car,90.17681728880156,,18
260,1759.4,1.0,2.2554362694656627,transit,car,31.79493008980334,,18
261,2161.1,2.0,1.8321342290635765,transit,car,30.59090278099116,,18
262,529.6,0.0,1.3295423479439372,transit,car,88.67069486404833,,18
263,1723.1,0.0,1.731906218647375,transit,car,65.17903778074401,,18
264,2398.1,0.0,0.5188500058277966,foot,car,74.98019265251656,,18
265,2574.3,1.0,0.5270352439430156,foot,car,65.03903973895815,,18
266,1788.8,0.0,1.1764490367557252,foot,car,96.64579606440071,,18
267,3290.3,1.0,0.5725283085183883,foot,car,68.99978725344194,,18
268,888.2,0.0,0.0814921436794346,foot,car,86.4895293852736,,18
269,1289.9,1.0,0.8681750766968552,foot,car,67.43933638266533,,18
270,1644.2,0.0,1.960320705902612,transit,car,52.560515752341566,,18
271,1453.6,0.0,1.4754915230311147,transit,car,75.23390203632361,,18
272,1124.3,0.0,1.305053548351863,transit,car,78.65338432802632,,18
273,751.1,0.0,0.5323832023433315,foot,car,92.0117161496472,,18
274,2784.5,1.0,1.1303853330656373,transit,car,59.059077033578745,,18
275,2076.5,1.0,1.4979887385402662,transit,car,65.32627016614495,,18
276,278.6,0.0,3.5963008845147293,transit,car,78.4637473079684,,18
277,1040.3,0.0,2.0749733355577886,transit,car,30.78919542439681,,18
278,1201.9,1.0,2.772923273202676,transit,car,35.10275397287628,,18
279,1071.3,1.0,1.408728969695064,transit,car,60.79529543545225,,18
280,1221.7,0.0,1.5462621135139196,transit,car,75.44405336825734,,18
281,1945.0,1.0,1.4519825748127546,transit,car,35.2185089974293,,18
282,2268.7,1.0,2.169644698849672,transit,car,49.75095869881431,,18
283,1752.0,1.0,1.738454951907473,transit,car,55.479452054794514,,18
284,1515.7,0.0,2.294008794847386,transit,car,64.37289701128192,,18
285,937.3,0.0,2.5611296345470147,transit,car,61.59180625200042,,18
286,2764.2,1.0,1.90456989575859,transit,car,41.393531582374656,,18
287,1874.9,1.0,2.8910086405310897,transit,car,35.996586484612514,,18
288,1238.8,1.0,2.469571403254247,transit,car,37.03584113658379,,18
289,1766.4,1.0,2.388898886191907,transit,car,35.461956521739125,,18
290,2354.8,2.0,1.877669445970652,transit,car,23.560387294037707,,18
291,1084.2,0.0,1.924361354700573,transit,car,72.32982844493635,,18
292,1868.4,0.0,1.9981367219334727,transit,car,64.67565831727681,,18
293,1808.1,1.0,2.5363005385115702,transit,car,43.58719097395056,,18
294,1791.6,1.0,1.5941891693224095,transit,car,66.5103817816477,,18
295,989.2,0.0,1.6015935678009432,transit,car,75.73797007682977,,18
296,2857.3,1.0,1.9589012108569137,transit,car,32.803695796731176,,18
297,3125.7,1.0,1.6230888290292669,transit,car,17.45848929839716,,18
298,1305.4,0.0,2.2943219898861087,transit,car,44.844492109698166,,18
299,2817.6,2.0,1.882082333066505,transit,car,27.597955706984667,,18
300,1693.8,0.0,2.7929053395005004,transit,car,43.32270634077224,,18
301,2275.5,4.0,2.151693387469904,transit,car,36.71720500988794,,18
302,1060.9,0.0,1.4552336231569578,transit,car,66.06654727118483,,18
303,1213.0,0.0,2.722187331359815,transit,car,45.58944765045342,,18
304,1871.2,3.0,2.438003794104197,transit,car,42.28302693458743,,18
305,1816.8,1.0,3.0047750893018086,transit,car,40.55482166446499,,18
306,1391.1,1.0,2.6122428669997646,transit,car,52.55553159370283,,18
307,1088.7,0.0,2.238833938484144,transit,car,55.91071920639295,,18
308,1278.0,0.0,3.0436610891663736,transit,car,48.356807511737095,,18
309,1679.7,1.0,2.2219427210720166,transit,car,42.84693695302733,,18
310,579.0,0.0,1.495509478662374,transit,car,89.63730569948186,,18
311,2023.4,1.0,1.580767438421607,transit,car,46.62449342690521,,18
312,1374.4,0.0,2.481936199383356,transit,car,60.71012805587892,,18
313,796.0,0.0,2.9431649136426383,transit,car,54.77386934673366,,18
314,2622.9,1.0,1.997570047758345,transit,car,38.23630332837698,,18
315,1733.6,1.0,3.0949078228284312,transit,car,30.7798800184587,,18
316,1471.0,0.0,3.0583145953366624,transit,car,46.97484704282801,,18
317,1872.7,1.0,2.2547575003448275,transit,car,42.32925722219256,,18
318,907.0,0.0,1.7176322113389446,transit,car,86.76957001102535,,18
319,2268.4,1.0,1.7170424160279654,transit,car,49.74431317228002,,18
320,1817.5,0.0,2.3999111354793574,transit,car,66.98762035763411,,18
321,1679.2,0.0,1.984762406359392,transit,car,78.56121962839447,,18
322,2849.8,1.0,1.3619887181409196,transit,car,13.678152852831774,,18
323,3522.9,4.0,1.5113459008032486,transit,car,43.79630418121434,,18
324,1794.1,3.0,2.523874039165677,transit,car,29.769801014436204,,18
325,1739.7,1.0,3.111182456137559,transit,car,27.573719606828764,,18
326,1314.0,1.0,2.7007374017122943,transit,car,36.07305936073059,,18
327,1471.0,0.0,1.628438379022011,transit,car,67.36913664174031,,18
328,2075.9,0.0,2.1376314618738266,transit,car,24.85187147743148,,18
329,2432.1,4.0,1.8333950598509368,transit,car,16.12186998889848,,18
330,1128.0,0.0,1.0259438651211532,foot,car,89.36170212765958,,18
331,3388.9,4.0,0.9747517779044818,foot,car,22.098616070111245,,18
332,1422.9,0.0,0.795580100070247,foot,car,78.91629770187645,,18
333,1464.0,1.0,1.280955325023058,transit,car,63.11475409836066,,18
334,1857.1,1.0,1.2453456707978905,transit,car,61.2298745355662,,18
335,1577.9,0.0,0.7301824610876952,foot,car,92.39495532036251,,18
336,2248.3,3.0,1.9237669324627704,transit,car,43.95765689632166,,18
337,2193.9,1.0,2.4414352958720853,transit,car,42.56802953644196,,18
338,1768.2,1.0,2.36276406627839,transit,car,52.49406175771972,,18
339,1925.2,0.0,1.2501165518428663,transit,car,75.0675254519011,,18
340,1637.1,0.0,3.498044994798816,transit,car,37.69470404984424,,18
341,2338.8,1.0,2.39435180008372,transit,car,30.733709594663928,,18
342,969.0,0.0,2.56163534214622,transit,car,56.656346749226,,18
343,2442.5,1.0,1.9162269971034416,transit,car,38.58751279426817,,18
344,895.5,0.0,1.9822110697662365,transit,car,93.2998324958124,,18
345,1160.2,0.0,1.3997125244993476,transit,car,89.65695569729357,,18
346,1200.2,0.0,1.442430091000502,transit,car,70.00499916680553,,18
347,1520.9,1.0,1.4187574668083327,transit,car,76.32980472088896,,18
348,1623.4,0.0,0.863559961160418,foot,car,81.52026610816804,,18
349,2346.7,1.0,0.9754548559267452,foot,car,46.30758085822645,,18
350,2670.4,1.0,1.7063624265037585,transit,car,57.30976632714201,,18
351,2153.7,1.0,1.3304965906814996,transit,car,63.78325672099179,,18
352,532.5,0.0,1.2294353140675165,transit,car,88.73239436619718,,18
353,1234.2,0.0,1.383702716800112,transit,car,46.524064171122994,,18
354,1327.3,1.0,2.214758933755585,transit,car,50.27499434943118,,18
355,1196.7,1.0,1.2595957552132686,transit,car,74.93106041614439,,18
356,620.0,0.0,1.6719899793523492,transit,car,80.64516129032258,,18
357,887.9,0.0,1.310862741737536,transit,car,93.24248226151596,,18
358,1376.0,0.0,1.6963505442904383,transit,car,43.31395348837209,,18
359,1088.1,0.0,1.805424239544399,transit,car,72.42900468706921,,18
360,1183.1,1.0,2.524682842790553,transit,car,54.35719719381287,,18
361,1764.8,1.0,2.275505479013362,transit,car,42.20308250226654,,18
362,1388.8,1.0,2.37293547331994,transit,car,69.75806451612904,,18
363,1316.1,0.0,0.8708534449858081,foot,car,95.44107590608616,,18
364,1025.2,0.0,3.6762906002855935,transit,car,47.32735076082716,,18
365,946.9,0.0,2.8286875065195565,transit,car,61.981201816453705,,18
366,2201.2,1.0,2.4772563637571285,transit,car,26.40377975649646,,18
367,1983.7,1.0,2.8682950954947857,transit,car,39.50698190250542,,18
368,425.2,0.0,1.1956822823699325,transit,car,85.8889934148636,,18
369,1034.4,0.0,1.5027441637595764,transit,car,53.596287703016245,,18
370,1508.7,0.0,1.966009968839305,transit,car,36.36905945516008,,18
371,1438.1,0.0,1.1437606422991045,transit,car,54.10611223141645,,18
372,1433.4,0.0,2.725210597505781,transit,car,41.39807450816241,,18
373,1835.1,1.0,2.099905488508633,transit,car,37.87804479319928,,18
374,593.0,0.0,1.165633219121079,transit,car,89.88195615514334,,18
375,1873.7,0.0,1.6107124671119213,transit,car,67.977797939905,,18
376,711.4,0.0,0.2480439981098726,foot,car,91.5659263424234,,18
377,933.1,0.0,1.3826438603574336,transit,car,80.70946308005571,,18
378,1587.4,0.0,2.1597200230336253,transit,car,47.08328083658812,,18
379,1396.8,0.0,1.569582632562094,transit,car,69.93127147766322,,18
380,1025.7,0.0,3.628832357054464,transit,car,23.954372623574145,,18
381,1727.4,1.0,2.3148553910769065,transit,car,20.1111497047586,,18
382,401.7,0.0,2.07291099413976,transit,transit,85.06348020911128,,18
383,991.1,0.0,2.295619827442622,transit,car,57.62284330541822,,18
384,1334.2,0.0,2.726149684369186,transit,car,41.53800029980513,,18
385,1735.9,1.0,2.0972005254754444,transit,car,37.78443458724581,,18
386,770.2,0.0,0.5049412124386004,foot,car,84.41963126460661,,18
387,1992.0,0.0,1.363906585583485,transit,car,69.87951807228916,,18
388,1262.7,0.0,3.8697757440238174,transit,car,19.22071751009741,,18
389,1964.4,1.0,2.5968636387778847,transit,car,17.532070861331704,,18
390,578.7,0.0,3.047451345867315,transit,car,58.52773457750129,,18
391,1228.1,0.0,2.734174610816268,transit,car,46.25844800911978,,18
392,954.2,0.0,1.603186692737835,transit,car,81.1360301823517,,18
393,1677.5,1.0,1.4657319781258429,transit,car,32.04172876304024,,18
394,2001.2,1.0,2.311049650516688,transit,car,49.03058165100939,,18
395,1484.5,1.0,1.92267316981712,transit,car,55.540586055911085,,18
396,1274.2,0.0,1.1873713638920302,foot,car,85.8734892481557,,18
397,1997.5,1.0,1.1453247580932635,transit,car,42.92866082603254,,18
398,2321.2,1.0,2.0379452509094995,transit,car,56.05721178700672,,18
399,1804.5,1.0,1.7200056237220618,transit,car,63.424771404821286,,18
400,3050.1,1.0,2.1490202857871554,transit,car,37.05124422150094,,18
401,3028.1,1.0,2.000557598915776,transit,car,10.835177173805356,,18
402,1942.4,1.0,1.9430088073122584,transit,car,16.598023064250413,,18
403,3495.5,2.0,1.7490836547357405,transit,car,41.63925046488343,,18
404,1864.8,0.0,3.5525946750788027,transit,car,51.73745173745174,,18
405,1786.5,0.0,3.0604331287963915,transit,car,59.69773299748111,,18
406,3040.8,1.0,2.4446310190299685,transit,car,34.88555643251776,,18
407,2850.2,1.0,2.916825531910404,transit,car,45.26699880710126,,18
408,1408.2,0.0,4.175348709040538,transit,car,2.002556455048999,,18
409,1329.9,0.0,4.076360186808116,transit,car,9.767651703135574,,18
410,3184.2,2.0,2.7546948481976496,transit,car,3.900508762012436,,18
411,2633.6,0.0,3.0399416209345924,transit,car,13.42648845686513,,18
412,2098.9,1.0,3.3778075203486297,transit,car,2.8062318357234743,,18
413,2680.6,2.0,3.0615716602767025,transit,car,5.991196000895322,,18
414,3814.9,3.0,1.879307425302944,transit,car,4.060394767883824,,18
415,1824.3,1.0,2.961835888362001,transit,car,21.065614208189444,,18
0,567.5,0.0,3.372454766972416,transit,car,47.136563876651984,4870.0,21
1,1322.6,1.0,2.1343715336939897,transit,car,31.952215333434147,4733.0,21
2,783.5,0.0,3.1144888309018426,transit,car,46.394384173580086,9445.0,21
3,712.9,0.0,0.3515315495784242,foot,car,83.16734464861831,620.0,21
4,490.5,0.0,4.245788288749988,transit,car,38.83792048929664,652.0,21
5,1372.2,1.0,2.1766375964177933,transit,car,21.294271972015743,2810.0,21
6,1666.5,0.0,3.077986424875033,transit,car,17.191719171917192,6446.0,21
7,1439.5,1.0,2.249675433371844,transit,car,54.150746787078845,2330.0,21
8,1011.1,0.0,4.559259993366466,transit,car,5.053901691227376,9445.0,21
9,1892.8,2.0,2.5496674940988573,transit,car,8.072696534234996,4733.0,21
10,387.1,0.0,3.8636593379992674,transit,transit,38.00051666236114,7474.0,21
11,1036.5,0.0,3.003471987072152,transit,car,36.32416787264834,1035.0,21
12,299.0,0.0,5.318489946953077,transit,transit,39.79933110367893,10733.0,21
13,1180.7,1.0,2.149297069767247,transit,car,18.692301177267723,620.0,21
14,1355.0,1.0,3.434523315450284,transit,car,15.867158671586717,2701.0,21
15,1104.4,1.0,2.577747802371869,transit,car,40.23904382470119,829.0,21
16,811.3,0.0,3.6858942403199766,transit,car,26.04461974608653,7255.0,21
17,,,,foot,car,,4870.0,21
18,486.2,0.0,1.414333228958883,transit,car,87.65939942410532,1520.0,21
19,1976.7,1.0,1.2932938038320638,transit,car,27.151312794050693,7474.0,21
20,3642.0,3.0,0.9720119351776972,foot,car,4.448105436573312,3156.0,21
21,4223.7,4.0,1.0381160584051652,foot,car,6.243341146388239,6446.0,21
22,1594.9,1.0,1.6975681765254031,transit,car,32.284155746441776,4733.0,21
23,1271.9,0.0,1.091883897448992,transit,car,81.13059202767514,10733.0,21
24,425.0,0.0,4.287052195342078,transit,car,43.52941176470589,570.0,21
25,1214.9,0.0,1.41889246811285,transit,car,80.24528767799818,829.0,21
26,649.1,0.0,2.5134995359189887,transit,car,63.02572793098136,2751.0,21
27,1898.5,1.0,1.0982403488948735,foot,car,33.63181459046616,482.0,21
28,724.9,0.0,3.082836316760188,transit,car,25.50696647813492,3156.0,21
29,1360.4,1.0,2.390899567410882,transit,car,29.432519847103794,6446.0,21
30,1540.9,2.0,1.8926567728377817,transit,car,18.22960607437212,2751.0,21
31,857.9,0.0,0.671897003576318,transit,car,93.00617787620936,570.0,21
32,1281.5,0.0,3.923546639246232,transit,car,25.087787748731955,1001.0,21
33,2163.2,2.0,2.4157836134096704,transit,car,19.563609467455624,620.0,21
34,657.5,0.0,2.8580238696468085,transit,car,63.49809885931559,3715.0,21
35,1306.9,0.0,2.686847538425148,transit,car,49.498813987298185,3324.0,21
36,513.9,0.0,3.758486872155005,transit,car,53.29830706363106,570.0,21
37,1395.6,1.0,2.0949054382232446,transit,car,26.913155631986243,2701.0,21
38,1580.6,1.0,3.0807942966880684,transit,car,27.8754903201316,129.0,21
39,1330.0,1.0,2.198338515272152,transit,car,50.37593984962406,7474.0,21
40,384.5,0.0,4.18291686403345,transit,transit,21.976592977893368,129.0,21
41,1185.1,0.0,1.689523751353648,transit,car,49.37136106657667,3156.0,21
42,1020.5,1.0,1.663698374581833,transit,car,17.687408133268008,10555.0,21
43,977.8,1.0,1.359622459798672,transit,car,63.18265493966046,570.0,21
44,879.9,0.0,3.840878948809937,transit,transit,45.44834640300035,7474.0,21
45,801.6,0.0,2.8949077735743347,transit,car,62.5748502994012,1242.0,21
46,2835.9,2.0,1.84983943510664,transit,car,17.486512218343382,574.0,21
47,1985.3,0.0,2.6923959845968697,transit,car,36.53352138215887,829.0,21
48,654.0,0.0,1.3709357199322445,transit,car,90.82568807339447,829.0,21
49,1345.9,0.0,1.5128060304705278,transit,car,37.58823092354559,2701.0,21
50,1400.2,1.0,2.6865475911207706,transit,car,35.723468075989146,570.0,21
51,1149.6,1.0,1.7739583626933817,transit,car,63.46555323590815,10555.0,21
52,738.0,0.0,2.306175922940509,transit,car,75.60975609756098,4733.0,21
53,1619.7,1.0,1.501707208138325,transit,car,40.72976477125394,620.0,21
54,1794.0,1.0,2.746335732420288,transit,car,36.45484949832776,2751.0,21
55,1543.4,1.0,2.1298091712810123,transit,car,57.23726836853699,9445.0,21
56,402.3,0.0,3.330155789477678,transit,car,40.34302759134973,1677.0,21
57,324.0,0.0,1.1502087559937355,transit,car,81.48148148148148,8908.0,21
58,2018.6,1.0,1.5107566751725992,transit,car,34.60814425839691,1520.0,21
59,1447.7,2.0,2.042660458558896,transit,car,33.68791876770049,3156.0,21
60,361.4,0.0,1.467055424540258,transit,car,83.39789706696183,620.0,21
61,992.7,0.0,1.6664311250849098,transit,car,87.91175581746751,3156.0,21
62,1417.4,0.0,2.5476353730105563,transit,car,28.03725130520672,3715.0,21
63,1346.8,0.0,1.5757390477316533,transit,car,46.53994653994654,10555.0,21
64,3780.7,3.0,1.195652649086138,transit,car,19.06260745364615,4870.0,21
65,4362.4,4.0,1.2328965257350388,transit,car,18.85200806895288,10555.0,21
66,2907.6,1.0,1.1768146621410025,transit,car,62.855963681386704,6446.0,21
67,1625.2,0.0,1.4617475517592946,transit,car,85.23258675855278,3156.0,21
68,751.2,1.0,3.4683596985134626,transit,car,36.10223642172524,2701.0,21
69,2045.0,1.0,1.6891195703295532,transit,car,55.99022004889976,10733.0,21
70,956.1,0.0,2.4369574214887297,transit,car,68.62252902416066,4733.0,21
71,716.6,0.0,0.6330323373110146,foot,car,83.25425620987998,2911.0,21
72,656.2,0.0,3.0952728707930453,transit,car,54.282231027125874,1001.0,21
73,2157.8,1.0,1.0342598952449575,foot,car,27.70414310872184,2810.0,21
74,570.8,0.0,2.188545627765176,transit,car,89.48843728100911,1158.0,21
75,1103.0,0.0,1.457471084348447,transit,car,78.24116047144152,9445.0,21
76,961.8,0.0,1.555353055351714,transit,car,68.80848409232688,570.0,21
77,1370.8,0.0,1.4265718122320663,transit,car,56.22993872191421,2751.0,21
78,1516.0,1.0,1.2049106155452376,transit,car,44.5910290237467,2911.0,21
79,821.6,1.0,1.5466379335943492,transit,car,56.18305744888024,2751.0,21
80,684.1,0.0,0.1233272743035931,foot,car,82.4587048677094,56.0,21
81,845.8,0.0,1.4507135551467147,transit,car,78.71837313785765,570.0,21
82,1500.1,0.0,2.2327440827320566,transit,car,44.00373308446104,10555.0,21
83,1369.5,0.0,1.5826446314388454,transit,car,64.95071193866374,7474.0,21
84,365.6,0.0,3.419656281844224,transit,car,50.76586433260393,2123.0,21
85,913.5,0.0,1.801637578645011,transit,car,54.02298850574712,4466.0,21
86,1061.6,0.0,1.913612789205944,transit,car,26.525998492841,6446.0,21
87,811.0,0.0,1.8597506392116707,transit,car,63.00863131935881,620.0,21
88,1279.5,0.0,1.559970372603328,transit,car,76.55334114888629,8908.0,21
89,1863.0,1.0,1.5899961999232777,transit,car,42.02898550724638,6446.0,21
90,2566.5,0.0,1.9354831242882475,transit,car,46.23027469316189,3324.0,21
91,1914.2,1.0,1.584714238154684,transit,car,65.52084421690523,2911.0,21
92,1387.1,0.0,0.6999058751048314,foot,car,87.02328599235815,3156.0,21
93,1486.6,0.0,1.4031239284783,transit,car,43.49522400107628,3715.0,21
94,1540.9,1.0,2.523282086248881,transit,car,41.592575767408654,829.0,21
95,1290.3,1.0,1.6686141960263008,transit,car,67.44943036503139,1355.0,21
96,3984.6,3.0,1.0359509591907825,foot,car,12.663755458515285,3715.0,21
97,4566.3,4.0,1.1042697417831346,foot,car,13.277708429143944,9445.0,21
98,2369.6,1.0,1.4357972708750322,transit,car,54.42268737339635,620.0,21
99,1087.2,0.0,1.8546065794664683,transit,car,77.92494481236204,620.0,21
100,495.5,0.0,0.5602968598238691,foot,car,87.89101917255297,1242.0,21
101,754.9,0.0,1.885514518860508,transit,car,84.10385481520733,0.0,21
102,1679.6,0.0,2.047091225555363,transit,car,49.988092402953086,0.0,21
103,1549.0,0.0,1.3614588558601448,transit,car,69.01226597805037,3.0,21
104,1553.6,0.0,2.9221265281402307,transit,car,53.65602471678682,,21
105,,,,foot,car,,,21
106,1961.9,0.0,0.8046952831747227,foot,car,96.94174014985474,,21
107,2719.0,1.0,1.4409443318511614,transit,car,42.62596542846634,,21
108,624.3,0.0,2.703671998466975,transit,car,42.33541566554542,,21
109,426.0,0.0,1.316033614349032,transit,car,85.91549295774648,,21
110,1931.4,1.0,1.9388514467578355,transit,car,31.65579372475924,,21
111,1729.7,2.0,2.0719960664139165,transit,car,34.092617216858415,,21
112,380.7,0.0,2.042908341708154,transit,car,84.23955870764382,,21
113,796.8,0.0,1.577371194397608,transit,car,69.87951807228916,,21
114,1136.7,0.0,2.2063315877371026,transit,car,36.65874901029295,,21
115,998.5,0.0,1.7764473942942072,transit,car,69.95493239859789,,21
116,594.6,0.0,2.626218207533681,transit,car,59.63673057517659,,21
117,1177.8,0.0,1.5460971240679835,transit,car,59.24605196128375,,21
118,1293.9,0.0,1.3287892601119455,transit,car,39.71713424530489,,21
119,1043.3,0.0,1.500955173380593,transit,car,71.24508770248251,,21
120,1456.2,0.0,3.033124318090456,transit,car,50.55624227441286,,21
121,,,,foot,car,,,21
122,1864.5,0.0,0.7734157025154621,foot,car,96.78197908286404,,21
123,2621.6,1.0,1.4421943480403911,transit,car,40.4943545926152,,21
124,3898.5,3.0,1.0384939841766323,foot,car,10.73489803770681,,21
125,3697.6,2.0,1.3314266179107066,transit,car,22.111639982691475,,21
126,1782.2,1.0,1.7725278351342448,transit,car,39.400740657614186,,21
127,1171.6,0.0,1.6294184662583455,transit,car,79.5151928986002,,21
128,844.5,0.0,3.86976143832919,transit,car,14.742451154529308,,21
129,1426.2,1.0,3.1077846631066617,transit,car,15.860328144720237,,21
130,1861.9,2.0,2.498670690923604,transit,car,19.437134110317416,,21
131,749.9,0.0,3.09488827031823,transit,car,59.994665955460725,,21
132,812.6,0.0,1.7125454063454293,transit,car,70.46517351710558,,21
133,1694.3,1.0,1.3050872325203875,transit,car,39.798146727262,,21
134,1988.6,0.0,2.311093318980996,transit,car,33.621643367193,,21
135,1918.0,0.0,1.5471906910169977,transit,car,46.81960375391032,,21
136,970.1,0.0,3.9887486791769433,transit,car,25.780847335326253,,21
137,1851.8,2.0,2.183900725095841,transit,car,18.997731936494223,,21
138,406.1,0.0,1.7698957114267684,transit,transit,85.2253139620783,,21
139,995.5,0.0,2.5853029889528747,transit,car,57.81014565544952,,21
140,1431.2,0.0,1.942274585044174,transit,car,49.69256567915037,,21
141,2892.1,3.0,1.3137960880282695,transit,car,31.53763701116836,,21
142,2247.2,2.0,1.3985331686790454,transit,car,35.92025631897473,,21
143,1504.2,0.0,0.6239160778183308,foot,car,88.03350618268847,,21
144,3743.5,3.0,1.119669428124323,foot,car,18.25831441164685,,21
145,3806.3,2.0,1.3354238156336788,transit,car,22.759635341407662,,21
146,1884.6,1.0,1.7706034843689016,transit,car,29.958611907035976,,21
147,1239.1,0.0,1.664248155518874,transit,car,80.6311032200791,,21
148,455.3,0.0,2.5054779548506367,transit,car,86.82187568636064,,21
149,507.6,0.0,0.1413566996714625,foot,car,88.17966903073285,,21
150,1811.3,1.0,1.8833404511900067,transit,car,27.12416496439021,,21
151,1560.7,0.0,1.9467336530443689,transit,car,46.1779970526046,,21
152,1355.9,0.0,4.353534578117674,transit,car,42.47363374880153,,21
153,1277.6,0.0,3.773031603067363,transit,car,53.0369442705072,,21
154,3311.9,1.0,2.2306963445295263,transit,car,20.287448292520907,,21
155,2461.3,0.0,3.178914746123984,transit,car,36.61885995205785,,21
156,894.8,0.0,1.945529513308732,transit,car,66.47295485024587,,21
157,1597.8,0.0,1.3238365670504662,transit,car,62.44836650394292,,21
158,1449.0,1.0,1.0846812568454829,foot,car,42.028985507246375,,21
159,1048.7,1.0,1.2589501803063554,transit,car,65.67178411366454,,21
160,1952.0,0.0,3.039405500500518,transit,car,60.040983606557376,,21
161,1373.6,0.0,3.530582636844666,transit,car,56.319161327897504,,21
162,3980.5,1.0,1.861907410786478,transit,car,33.67667378470042,,21
163,2981.3,0.0,2.634001131030708,transit,car,47.67383356253984,,21
164,670.9,0.0,0.8538086498353503,foot,car,91.05678938739008,,21
165,1097.4,0.0,0.6618417469165323,foot,car,78.13012575177692,,21
166,1546.9,0.0,1.9269397858119408,transit,car,45.69784730751826,,21
167,1356.3,0.0,1.708470681994252,transit,car,69.03339969033401,,21
168,2176.6,0.0,2.148724733307912,transit,car,55.89451438022604,,21
169,2567.6,2.0,1.8606316790455568,transit,car,32.232434958716304,,21
170,1837.3,0.0,0.7771172586850058,foot,car,86.93735372557558,,21
171,1421.8,0.0,2.367507221732459,transit,car,53.579969053312695,,21
172,3069.7,1.0,1.462194525901437,transit,car,8.13434537576962,,21
173,3236.2,2.0,1.6843164767881411,transit,car,9.152709968481552,,21
174,1682.8,1.0,2.321057781658171,transit,car,21.559305918706915,,21
175,1359.8,0.0,1.788278729659287,transit,car,64.70069127812913,,21
176,1042.6,0.0,1.415523578519137,transit,car,71.22578169959718,,21
177,2660.8,1.0,0.7460844145469636,foot,car,41.37101623571858,,21
178,1498.8,0.0,1.249758816099192,transit,car,95.99679743795036,,21
179,1400.4,0.0,0.8572006723522835,foot,car,82.86203941730933,,21
180,2156.2,0.0,2.7719618400998707,transit,car,30.43316946479919,,21
181,3137.1,2.0,1.7503452111091646,transit,car,27.321411494692548,,21
182,1412.2,0.0,2.2897234804231483,transit,car,53.26441014020677,,21
183,4484.4,4.0,1.2415345201328718,transit,car,21.059673534921064,,21
184,3772.4,3.0,1.0601393981132554,foot,car,15.703530908705332,,21
185,4354.1,4.0,1.0881488048786243,foot,car,15.941296708849128,,21
186,2053.2,1.0,1.2421294714698632,transit,car,47.39918176504968,,21
187,1442.6,0.0,1.2974349437774222,transit,car,83.36337169000416,,21
188,429.9,0.0,0.7972145378763602,foot,car,86.04326587578508,,21
189,820.5,0.0,1.8324326271214308,transit,car,85.37477148080438,,21
190,1774.8,1.0,1.925288887742121,transit,car,39.14807302231238,,21
191,1704.2,1.0,1.1933182397777613,transit,car,54.23072409341627,,21
192,672.3,0.0,0.3861328973858208,foot,car,73.22623828647926,,21
193,714.0,0.0,1.9226192190046605,transit,car,83.19327731092437,,21
194,1650.2,0.0,2.1083560514624,transit,car,49.097079141922194,,21
195,1519.6,0.0,1.4360820206626033,transit,car,68.4127401947881,,21
196,829.5,0.0,1.2381284931032777,transit,car,56.600361663652805,,21
197,518.2,0.0,0.3959264134458705,foot,car,88.42145889617908,,21
198,2399.5,1.0,1.3279615374694975,transit,car,44.988539279016464,,21
199,1462.0,2.0,1.9315484355294976,transit,car,34.33652530779754,,21
200,3205.3,1.0,1.349964384173484,transit,car,12.020715689639037,,21
201,3268.5,2.0,1.6176680331048467,transit,car,10.05048187241854,,21
202,1755.4,1.0,2.150929867632952,transit,car,24.803463598040327,,21
203,1432.4,0.0,1.5836067736238852,transit,car,66.48980731639207,,21
204,1601.3,0.0,2.7680714925481134,transit,car,28.80784362705302,,21
205,2474.6,0.0,1.804032212615409,transit,car,12.713165764163907,,21
206,617.3,0.0,1.8674630890374528,transit,car,90.28025271342943,,21
207,4143.0,5.0,0.7919299680521198,foot,car,13.106444605358435,,21
208,544.2,0.0,3.5349443712187334,transit,car,55.89856670341786,,21
209,1425.9,1.0,2.062618166067725,transit,car,28.466231853566168,,21
210,1610.9,1.0,2.988926702016959,transit,car,29.232106275994784,,21
211,1360.3,1.0,2.090601759033948,transit,car,51.481290891715055,,21
212,1072.9,0.0,1.42193463117854,transit,car,83.22304035790847,,21
213,1656.4,1.0,1.437734947042954,transit,car,42.04298478628351,,21
214,2239.9,1.0,2.0937302705002674,transit,car,49.10487075315863,,21
215,1840.7,1.0,1.623284648236489,transit,car,64.14407562340415,,21
216,1121.9,0.0,3.516216424102441,transit,car,35.8231571441305,,21
217,2634.9,2.0,1.4488570040791195,transit,car,22.57770693384948,,21
218,550.0,0.0,1.532598154808642,transit,car,89.0909090909091,,21
219,2287.3,1.0,1.3920561025949874,transit,car,31.797315612293968,,21
220,2202.9,0.0,2.1544421282638893,transit,car,56.4210813019202,,21
221,2593.9,2.0,1.866829511159142,transit,car,32.919542002390216,,21
222,1863.6,0.0,0.8019542167325852,foot,car,87.1216999356085,,21
223,1448.1,0.0,2.370293638470117,transit,car,54.42303708307438,,21
224,2599.6,1.0,2.5533230013353947,transit,car,56.14709955377751,,21
225,3481.3,2.0,2.061176137357488,transit,car,44.84818889495303,,21
226,3835.6,2.0,1.072657243957795,transit,car,40.556888100949,,21
227,5012.6,2.0,0.9187597446472164,foot,car,41.34780353509156,,21
228,2266.4,0.0,0.4521111094145446,foot,car,86.76314860571831,,21
229,2507.9,1.0,0.8671865306761326,foot,car,64.11340165078353,,21
230,2400.9,0.0,1.3695370337629462,transit,car,82.506560039985,,21
231,1658.5,0.0,0.8770954553331675,foot,car,92.7645462767561,,21
232,865.1,0.0,3.2112217067792788,transit,car,30.64385620159519,,21
233,,,,foot,car,,,21
234,318.6,0.0,1.9118829950945544,transit,car,81.16760828625236,,21
235,2030.5,1.0,1.0992966359843028,foot,car,29.08150701797587,,21
236,748.8,0.0,0.2786952942925902,foot,car,83.97435897435898,,21
237,910.5,0.0,1.5118650995886922,transit,car,80.23064250411862,,21
238,1564.8,0.0,2.1006265253445267,transit,car,46.31901840490798,,21
239,1434.2,0.0,1.4009689423062115,transit,car,66.53186445405105,,21
240,795.3,0.0,1.770526465407784,transit,car,69.82270841192003,,21
241,1677.0,1.0,1.3316350382740765,transit,car,39.17710196779964,,21
242,1971.3,0.0,2.337160327155397,transit,car,33.03911124638564,,21
243,1900.7,0.0,1.5620324928429696,transit,car,46.33556058294312,,21
244,540.7,0.0,0.5231431690214413,foot,car,88.90327353430737,,21
245,697.6,0.0,2.068812454979223,transit,car,82.79816513761469,,21
246,1617.0,0.0,2.0077680363632964,transit,car,48.05194805194805,,21
247,1486.4,0.0,1.297395487130532,transit,car,67.70721205597417,,21
248,1339.6,0.0,2.7791234568583945,transit,car,50.73156166019707,,21
249,2374.3,0.0,1.6394052831261772,transit,car,39.35054542391441,,21
250,875.4,0.0,0.6571469372975479,transit,car,79.4379712131597,,21
251,1365.0,0.0,1.810563733567236,transit,car,73.62637362637363,,21
252,1362.5,0.0,3.448967384130244,transit,car,33.94495412844037,,21
253,2244.2,2.0,2.1296546264498835,transit,car,25.14036182158453,,21
254,738.5,0.0,1.946511370214401,transit,car,75.62626946513203,,21
255,1387.9,0.0,2.464255319845657,transit,car,56.7692196844153,,21
256,1458.7,1.0,1.761785291686234,transit,car,67.09398779735382,,21
257,2287.3,1.0,1.5050213592359414,transit,car,60.65229746863113,,21
258,1560.3,0.0,1.5447987379114043,transit,car,80.7729282830225,,21
259,643.9,0.0,0.6537764108259676,foot,car,81.36356577108249,,21
260,1379.7,0.0,2.87614305464803,transit,car,30.419656447053708,,21
261,2600.6,2.0,1.5225045306580385,transit,car,23.8637237560563,,21
262,567.0,0.0,1.2418441401606863,transit,car,89.41798941798942,,21
263,1723.1,0.0,1.731906218647375,transit,car,65.17903778074401,,21
264,2398.1,0.0,0.5188500058277966,foot,car,74.98019265251656,,21
265,760.4,0.0,1.7842541142589494,transit,car,68.43766438716465,,21
266,1788.8,0.0,1.1764490367557252,foot,car,96.64579606440071,,21
267,3710.3,1.0,0.5077190236687203,foot,car,61.18912217340916,,21
268,888.2,0.0,0.0814921436794346,foot,car,86.4895293852736,,21
269,1289.9,0.0,0.8681750766968552,foot,car,67.43933638266533,,21
270,1644.2,0.0,1.960320705902612,transit,car,52.560515752341566,,21
271,1513.6,0.0,1.4170021656170908,transit,car,72.25158562367864,,21
272,1124.3,0.0,1.305053548351863,transit,car,78.65338432802632,,21
273,751.1,0.0,0.5323832023433315,foot,car,92.0117161496472,,21
274,2964.5,1.0,1.0617500286460675,transit,car,55.47309833024119,,21
275,1694.9,2.0,1.835254950486084,transit,car,43.359490235412125,,21
276,278.6,0.0,3.5963008845147293,transit,car,78.4637473079684,,21
277,980.3,0.0,2.2019736417227045,transit,car,32.673671325104564,,21
278,1321.9,1.0,2.5212016658312244,transit,car,31.916181254255235,,21
279,1071.3,1.0,1.408728969695064,transit,car,60.79529543545225,,21
280,1221.7,0.0,1.5462621135139196,transit,car,75.44405336825734,,21
281,1805.2,1.0,1.5644283780250432,transit,car,40.17283403500998,,21
282,2508.7,0.0,1.9620811289832385,transit,car,44.99142982421175,,21
283,1817.1,1.0,1.676172514304052,transit,car,63.67838864124154,,21
284,1455.7,0.0,2.388561606340718,transit,car,67.02617297520094,,21
285,877.3,0.0,2.736289532042536,transit,car,65.80417189102928,,21
286,3178.5,2.0,1.6563196809362577,transit,car,26.380368098159508,,21
287,2485.0,0.0,2.181228209308548,transit,car,49.29577464788732,,21
288,1238.8,0.0,2.469571403254247,transit,car,37.03584113658379,,21
289,1826.4,1.0,2.3104199477493346,transit,car,34.2969776609724,,21
290,2054.8,2.0,2.1518084540450126,transit,car,27.00019466614756,,21
291,1084.2,0.0,1.924361354700573,transit,car,72.32982844493635,,21
292,3608.8,3.0,1.0345041707106244,foot,car,15.207271115052096,,21
293,4190.5,4.0,1.0943527034203009,foot,car,15.523207254504236,,21
294,2271.6,1.0,1.2573293342833374,transit,car,52.45641838351823,,21
295,989.2,0.0,1.6015935678009432,transit,car,75.73797007682977,,21
296,2437.3,0.0,2.296462655307701,transit,car,38.45648873753744,,21
297,3008.7,2.0,1.6862062528323791,transit,car,24.219762688204213,,21
298,1245.4,0.0,2.404856211335576,transit,car,47.0049783202184,,21
299,4878.0,4.0,1.087116683404712,foot,car,27.429274292742928,,21
300,1684.9,0.0,2.807658059259272,transit,car,35.90124042969909,,21
301,2358.8,2.0,2.075707267758083,transit,car,26.23367814142784,,21
302,1060.9,0.0,1.4552336231569578,transit,car,66.06654727118483,,21
303,1213.0,0.0,2.722187331359815,transit,car,45.58944765045342,,21
304,3652.6,1.0,1.2489713353577654,transit,car,22.794721568198,,21
305,3691.2,2.0,1.478943265670656,transit,car,20.35110533159948,,21
306,1871.1,1.0,1.942114826724052,transit,car,39.07327240660575,,21
307,1088.7,0.0,2.238833938484144,transit,car,55.91071920639295,,21
308,1278.0,0.0,3.0436610891663736,transit,car,48.356807511737095,,21
309,2663.9,2.0,1.4010275117627038,transit,car,23.420548819400125,,21
310,579.0,0.0,1.495509478662374,transit,car,89.63730569948186,,21
311,2443.4,1.0,1.3090467524360645,transit,car,38.610133420643365,,21
312,1314.4,0.0,2.5952321305785784,transit,car,63.48143639683505,,21
313,736.0,0.0,3.183096835950462,transit,transit,59.2391304347826,,21
314,3037.2,2.0,1.7250844456293175,transit,car,22.95535361517187,,21
315,2343.7,0.0,2.289257243527486,transit,car,46.23885309553271,,21
316,1471.0,0.0,3.0583145953366624,transit,car,46.97484704282801,,21
317,,,,foot,car,,,21
318,907.0,0.0,1.7176322113389446,transit,car,86.76957001102535,,21
319,2636.4,1.0,1.4773702839166427,transit,car,38.55257168866636,,21
320,1073.8,0.0,4.062058566524244,transit,car,27.36077481840194,,21
321,935.5,0.0,3.562600783280267,transit,car,42.27685729556387,,21
322,2849.8,1.0,1.3619887181409196,transit,car,13.678152852831774,,21
323,2899.2,2.0,1.8364791921701729,transit,car,21.35761589403974,,21
324,3297.5,1.0,1.373186478746669,transit,car,14.480667172100077,,21
325,3447.0,2.0,1.570212973293447,transit,car,16.449086161879897,,21
326,1794.0,1.0,1.97813207683944,transit,car,26.421404682274247,,21
327,1471.0,0.0,1.628438379022011,transit,car,67.36913664174031,,21
328,1983.2,0.0,2.2375499958168,transit,car,42.51714400968133,,21
329,2467.3,0.0,1.807238732648427,transit,car,12.454910225752844,,21
330,1068.0,0.0,1.0835811609144763,foot,car,94.38202247191012,,21
331,4061.3,5.0,0.813369192165193,foot,car,11.358432029153228,,21
332,1422.9,0.0,0.795580100070247,foot,car,78.91629770187645,,21
333,1396.8,0.0,1.342582041690834,transit,car,57.0446735395189,,21
334,1977.1,1.0,1.1697594685340964,transit,car,57.51352991755601,,21
335,1218.2,1.0,0.9457846867101252,foot,car,70.44820226563783,,21
336,4076.8,3.0,1.0609314153885516,transit,car,24.941130298273155,,21
337,3660.0,2.0,1.4634603539928328,transit,car,19.672131147540984,,21
338,2248.2,1.0,1.858304164217352,transit,car,41.28636242327195,,21
339,1925.2,0.0,1.2501165518428663,transit,car,75.0675254519011,,21
340,1637.1,0.0,3.498044994798816,transit,car,37.69470404984424,,21
341,3639.4,0.0,1.538690440741827,transit,car,37.35231082046492,,21
342,1133.1,0.0,2.190649233553691,transit,car,62.93354514164682,,21
343,2202.5,1.0,2.1250326630761207,transit,car,42.792281498297385,,21
344,895.5,0.0,1.9822110697662365,transit,car,93.2998324958124,,21
345,1195.4,0.0,1.3584962949005714,transit,car,79.9230383135352,,21
346,1080.2,0.0,1.602670426975377,transit,car,77.78189224217738,,21
347,1580.9,0.0,1.3649112728627957,transit,car,73.43285470301727,,21
348,1623.4,0.0,0.863559961160418,foot,car,81.52026610816804,,21
349,2206.9,1.0,1.037246776203404,transit,car,51.06257646472427,,21
350,2910.4,0.0,1.565650846528187,transit,car,52.583837273227054,,21
351,1808.4,1.0,1.5845446291477248,transit,car,63.5036496350365,,21
352,532.5,0.0,1.2294353140675165,transit,car,88.73239436619718,,21
353,1174.2,0.0,1.4544080165855031,transit,car,48.90137966274911,,21
354,1708.7,0.0,1.720401201365827,transit,car,61.37414408614736,,21
355,1196.7,1.0,1.2595957552132686,transit,car,74.93106041614439,,21
356,620.0,0.0,1.6719899793523492,transit,car,80.64516129032258,,21
357,663.6,0.0,1.7539406696635895,transit,car,90.95840867992769,,21
358,1376.0,0.0,1.6963505442904383,transit,car,43.31395348837209,,21
359,1088.1,0.0,1.805424239544399,transit,car,72.42900468706921,,21
360,1183.1,0.0,2.524682842790553,transit,car,54.35719719381287,,21
361,2644.0,3.0,1.5188396631477996,transit,car,31.9213313161876,,21
362,1868.8,1.0,1.7634486222959822,transit,car,51.840753424657535,,21
363,1316.1,0.0,0.8708534449858081,foot,car,95.44107590608616,,21
364,965.2,0.0,3.904820890398664,transit,car,50.26937422295897,,21
365,886.9,0.0,3.02005209146845,transit,car,66.17431502987937,,21
366,2921.2,2.0,1.866676950534777,transit,car,19.89593317814597,,21
367,2070.6,0.0,2.747917019672079,transit,car,39.14807302231237,,21
368,425.2,0.0,1.1956822823699325,transit,car,85.8889934148636,,21
369,974.4,0.0,1.5952776713802403,transit,car,56.89655172413794,,21
370,1508.7,0.0,1.966009968839305,transit,car,36.36905945516008,,21
371,1438.1,0.0,1.1437606422991045,transit,car,54.10611223141645,,21
372,1433.4,0.0,2.725210597505781,transit,car,41.39807450816241,,21
373,3019.5,2.0,1.2762167782620275,transit,car,44.36164927968207,,21
374,919.5,0.0,0.7517351810101139,foot,car,86.94942903752039,,21
375,1873.7,0.0,1.6107124671119213,transit,car,67.977797939905,,21
376,771.4,0.0,0.2287509725892706,foot,car,84.4438682914182,,21
377,933.1,0.0,1.3826438603574336,transit,car,80.70946308005571,,21
378,1587.4,0.0,2.1597200230336253,transit,car,47.08328083658812,,21
379,1456.8,0.0,1.5049375488486636,transit,car,67.0510708401977,,21
380,965.7,0.0,3.854295690826099,transit,car,25.442684063373715,,21
381,1847.4,2.0,2.1644912864275456,transit,car,18.80480675544008,,21
382,401.7,0.0,2.07291099413976,transit,transit,85.06348020911128,,21
383,991.1,0.0,2.295619827442622,transit,car,57.62284330541822,,21
384,1334.2,0.0,2.726149684369186,transit,car,41.53800029980513,,21
385,2944.4,2.0,1.2364252113071676,transit,car,26.640402119277272,,21
386,739.5,0.0,0.5259036130090736,foot,car,91.88640973630832,,21
387,1992.0,0.0,1.363906585583485,transit,car,69.87951807228916,,21
388,1202.7,0.0,4.062830158791781,transit,car,20.179595909204288,,21
389,2084.4,2.0,2.4473608386179606,transit,car,16.52274035693725,,21
390,578.7,0.0,3.047451345867315,transit,car,58.52773457750129,,21
391,1228.1,0.0,2.734174610816268,transit,car,46.25844800911978,,21
392,954.2,0.0,1.603186692737835,transit,car,81.1360301823517,,21
393,1537.7,1.0,1.598989005206543,transit,car,37.56909670286792,,21
394,2121.2,1.0,2.180309523201017,transit,car,46.25683575334717,,21
395,1722.0,1.0,1.657496121134445,transit,car,61.67247386759582,,21
396,1274.2,0.0,1.1873713638920302,foot,car,85.8734892481557,,21
397,1857.7,1.0,1.2315154246063915,transit,car,48.323195349087584,,21
398,2441.2,1.0,1.937767702937543,transit,car,53.301654923807966,,21
399,2042.0,1.0,1.5199559980443,transit,car,67.67874632713026,,21
400,2566.4,2.0,2.554055008447398,transit,car,8.821695760598505,,21
401,3427.3,3.0,1.7675395983067892,transit,car,12.46754004610043,,21
402,1702.4,1.0,2.2169292218769567,transit,car,18.93796992481203,,21
403,4958.3,4.0,1.2330681715767058,transit,car,28.604562047475948,,21
404,1744.8,0.0,3.796927183681196,transit,car,55.29573590096287,,21
405,1666.5,0.0,3.280806351391991,transit,car,63.996399639964,,21
406,3700.8,1.0,2.008655966998035,transit,car,28.664072632944222,,21
407,2850.2,0.0,2.916825531910404,transit,car,45.26699880710126,,21
408,1228.2,0.0,4.787270845196943,transit,car,2.296042989741085,,21
409,1149.9,0.0,4.7144546590452325,transit,transit,11.296634489955649,,21
410,2404.2,1.0,3.6484066781594526,transit,car,5.165959570751186,,21
411,2333.6,1.0,3.4307465944863487,transit,car,15.152553993829278,,21
412,5098.9,2.0,1.3904332707956106,transit,car,1.1551511110239463,,21
413,5680.6,3.0,1.4447151696190066,transit,car,2.8271661444213643,,21
414,7834.9,8.0,0.9150556990884632,foot,car,1.9770513982309923,,21
415,,,,foot,car,,,21
