,cinema_name,15_total_route,15_total_duration,15_walk_to,15_walk_from,15_total_changes,18_total_route,18_total_duration,18_walk_to,18_walk_from,18_total_changes,21_total_route,21_total_duration,21_walk_to,21_walk_from,21_total_changes,car_duration,foot_duration,area,start_location,distance_start_centroid,distance_start_cinema,geometry,average duration,15_speed,18_speed,21_speed,average speed,average duration difference to car,15_fastest_mode,15_trip_duration,15_fastest_overall_mode,15_transit_dur,15_walk_share,18_fastest_mode,18_trip_duration,18_fastest_overall_mode,18_transit_dur,18_walk_share,21_fastest_mode,21_trip_duration,21_fastest_overall_mode,21_transit_dur,21_walk_share,average transit duration,average walk share,population,level,level_dummy,cinemas,population aggr,population density,built-up area,transit departures,transit stops,osm_cinemas,average changes,area average changes,15_chosen_route,18_chosen_route,21_chosen_route,average_chosen_route,15_visit_time,15_likely_women,15_possible_women,18_visit_time,18_likely_women,18_possible_women,21_visit_time,21_likely_women,21_possible_women,average_visit_time,average_likely_women,average_possible_women,15_likely_men,15_possible_men,18_likely_men,18_possible_men,21_likely_men,21_possible_men,average_likely_men,average_possible_men,15_likely_children 10-17,15_possible_children 10-17,18_likely_children 10-17,18_possible_children 10-17,21_likely_children 10-17,21_possible_children 10-17,average_likely_children 10-17,average_possible_children 10-17,15_likely_45-64,15_possible_45-64,18_likely_45-64,18_possible_45-64,21_likely_45-64,21_possible_45-64,average_likely_45-64,average_possible_45-64,15_likely_65 and over,15_possible_65 and over,18_likely_65 and over,18_possible_65 and over,21_likely_65 and over,21_possible_65 and over,average_likely_65 and over,average_possible_65 and over
0,Ostseekino,Ostseekino_Bastorf_15.csv,1754.1,822.0,752.1,0,Ostseekino_Bastorf_18.csv,1754.1,822.0,752.1,0,Ostseekino_Bastorf_21.csv,1754.1,822.0,752.1,0,359.3,1138.5,Kühlungsborn,POINT (11.7256568 54.14168625000001),1263.6075470537105,1128.2446557599676,,5262.299999999999,0.6432042960834432,0.6432042960834432,0.6432042960834432,0.6432042960834432,4902.999999999999,foot,1138.5,car,180.0,89.73832734735763,foot,1138.5,car,180.0,89.73832734735763,foot,1138.5,car,180.0,89.73832734735763,540.0,269.21498204207285,903,base,1,1,8037,497.03,29.62,363.0,11.0,1,0,0.0,1138.5,1138.5,1138.5,1138.5,7677.0,no,yes,7677.0,no,yes,7677.0,no,yes,7677.0,no,yes,no,yes,no,yes,no,yes,no,yes,yes,yes,yes,yes,yes,yes,yes,yes,no,yes,no,yes,no,yes,no,yes,no,yes,no,yes,no,yes,no,yes
1,Ostseekino,"Ostseekino_Kühlungsborn,Ost_15.csv",1496.9,564.8,752.1,0,"Ostseekino_Kühlungsborn,Ost_18.csv",1496.9,564.8,752.1,0,"Ostseekino_Kühlungsborn,Ost_21.csv",1496.9,564.8,752.1,0,245.9,741.8,Kühlungsborn,POINT (11.732496514368211 54.15051267172215),1440.2917201528742,787.5295835722379,,4490.700000000001,0.5261070102025772,0.5261070102025772,0.5261070102025772,0.5261070102025772,4244.800000000001,foot,741.8,car,180.0,87.97514864052374,foot,741.8,car,180.0,87.97514864052374,foot,741.8,car,180.0,87.97514864052374,540.0,263.9254459215712,0,base,1,1,8037,497.03,29.62,363.0,11.0,1,0,0.0,741.8,741.8,741.8,741.7999999999998,6883.6,no,yes,6883.6,no,yes,6883.6,no,yes,6883.599999999999,no,yes,no,yes,no,yes,no,yes,no,yes,yes,yes,yes,yes,yes,yes,yes,yes,no,yes,no,yes,no,yes,no,yes,no,yes,no,yes,no,yes,no,yes
2,Ostseekino,"Ostseekino_Mechelsdorf,Abzweig_15.csv",2589.7,1657.6,752.1,0,"Ostseekino_Mechelsdorf,Abzweig_18.csv",2589.7,1657.6,752.1,0,"Ostseekino_Mechelsdorf,Abzweig_21.csv",2589.7,1657.6,752.1,0,282.6,773.7,Kühlungsborn,POINT (11.70646875244348 54.15287706578111),2895.021393391226,934.050709212396,,7769.099999999999,0.3606791169681415,0.3606791169681415,0.3606791169681415,0.3606791169681415,7486.499999999999,foot,773.7,car,180.0,93.04938795999536,foot,773.7,car,180.0,93.04938795999536,foot,773.7,car,180.0,93.04938795999536,540.0,279.1481638799861,0,base,1,1,8037,497.03,29.62,363.0,11.0,1,0,0.0,773.7,773.7,773.7,773.7000000000002,6947.4,no,yes,6947.4,no,yes,6947.4,no,yes,6947.400000000001,no,yes,no,yes,no,yes,no,yes,no,yes,yes,yes,yes,yes,yes,yes,yes,yes,no,yes,no,yes,no,yes,no,yes,no,yes,no,yes,no,yes,no,yes
3,Ostseekino,Ostseekino_Bastorf_15.csv,1661.2,729.1,752.1,0,Ostseekino_Bastorf_18.csv,1661.2,729.1,752.1,0,Ostseekino_Bastorf_21.csv,1661.2,729.1,752.1,0,217.9,787.6,Kühlungsborn,POINT (11.723761189488888 54.1447357177669),1477.3898918945597,767.5467976261533,,4983.6,0.4620435815230877,0.4620435815230877,0.4620435815230877,0.4620435815230876,4765.700000000001,foot,787.6,car,180.0,89.1644594269203,foot,787.6,car,180.0,89.1644594269203,foot,787.6,car,180.0,89.1644594269203,540.0,267.4933782807609,903,base,1,1,8037,497.03,29.62,363.0,11.0,1,0,0.0,787.6,787.6,787.6,787.6,6975.2,no,yes,6975.2,no,yes,6975.2,no,yes,6975.2,no,yes,no,yes,no,yes,no,yes,no,yes,yes,yes,yes,yes,yes,yes,yes,yes,no,yes,no,yes,no,yes,no,yes,no,yes,no,yes,no,yes,no,yes
4,Ostseekino,Ostseekino_KühlungsbornOsttrainstation_15.csv,1496.7,564.6,752.1,0,Ostseekino_KühlungsbornOsttrainstation_18.csv,1496.7,564.6,752.1,0,Ostseekino_KühlungsbornOsttrainstation_21.csv,1496.7,564.6,752.1,0,408.5,1314.0,Kühlungsborn,POINT (11.7305848 54.142153900000004),961.1578326056864,1217.7371291990528,,4490.1,0.8136147051507,0.8136147051507,0.8136147051507,0.8136147051506999,4081.6,foot,1314.0,car,180.0,87.97354179194227,foot,1314.0,car,180.0,87.97354179194227,foot,1314.0,car,180.0,87.97354179194227,540.0,263.92062537582683,903,base,1,1,8037,497.03,29.62,363.0,11.0,1,0,0.0,1314.0,1314.0,1314.0,1314.0,8028.0,no,yes,8028.0,no,yes,8028.0,no,yes,8028.0,no,yes,no,yes,no,yes,no,yes,no,yes,no,yes,no,yes,no,yes,no,yes,no,yes,no,yes,no,yes,no,yes,no,yes,no,yes,no,yes,no,yes
5,Ostseekino,Ostseekino_KühlungsbornZurAsbeck_15.csv,1341.9,409.8,752.1,0,Ostseekino_KühlungsbornZurAsbeck_18.csv,1341.9,409.8,752.1,0,Ostseekino_KühlungsbornZurAsbeck_21.csv,1341.9,409.8,752.1,0,546.8,2205.3,Kühlungsborn,POINT (11.76062015188238 54.145962295058766),1249.5984287682622,2687.629333853692,,4025.7,2.0028536655888605,2.0028536655888605,2.0028536655888605,2.0028536655888605,3478.9000000000005,transit,1341.9,car,180.0,86.58618376928237,transit,1341.9,car,180.0,86.58618376928237,transit,1341.9,car,180.0,86.58618376928237,540.0,259.75855130784714,1296,base,1,1,8037,497.03,29.62,363.0,11.0,1,0,0.0,1341.9,1341.9,1341.9,1341.9,8083.8,no,yes,8083.8,no,yes,8083.8,no,yes,8083.8,no,yes,no,yes,no,yes,no,yes,no,yes,no,yes,no,yes,no,yes,no,yes,no,yes,no,yes,no,yes,no,yes,no,yes,no,yes,no,yes,no,yes
6,Ostseekino,Ostseekino_Bastorf_15.csv,1518.3,586.2,752.1,0,Ostseekino_Bastorf_18.csv,1518.3,586.2,752.1,0,Ostseekino_Bastorf_21.csv,1518.3,586.2,752.1,0,206.1,477.3,Kühlungsborn,POINT (11.724114049999999 54.149201100000006),1708.7287823728889,335.9332661118669,,4554.9,0.2212561852808186,0.2212561852808186,0.2212561852808186,0.2212561852808185,4348.799999999999,foot,477.3,car,179.99999999999977,88.14463544754003,foot,477.3,car,179.99999999999977,88.14463544754003,foot,477.3,car,179.99999999999977,88.14463544754003,539.9999999999993,264.43390634262005,903,base,1,1,8037,497.03,29.62,363.0,11.0,1,0,0.0,477.3,477.3,477.3,477.3,6354.6,yes,yes,6354.6,yes,yes,6354.6,yes,yes,6354.6,yes,yes,no,yes,no,yes,no,yes,no,yes,yes,yes,yes,yes,yes,yes,yes,yes,no,yes,no,yes,no,yes,no,yes,yes,yes,yes,yes,yes,yes,yes,yes
7,Ostseekino,"Ostseekino_Kühlungsborn,Ost_15.csv",1322.6,390.5,752.1,0,"Ostseekino_Kühlungsborn,Ost_18.csv",1322.6,390.5,752.1,0,"Ostseekino_Kühlungsborn,Ost_21.csv",1322.6,390.5,752.1,0,308.4,1422.1,Kühlungsborn,POINT (11.74098420536721 54.143040645913366),440.6382542612772,1626.2869212570404,,3967.8,1.2296135802639048,1.2296135802639048,1.2296135802639048,1.2296135802639048,3659.4,transit,1322.6,car,180.0,86.39044306668683,transit,1322.6,car,180.0,86.39044306668683,transit,1322.6,car,180.0,86.39044306668683,540.0,259.1713292000605,545,base,1,1,8037,497.03,29.62,363.0,11.0,1,0,0.0,1322.6,1322.6,1322.6,1322.6,8045.2,no,yes,8045.2,no,yes,8045.2,no,yes,8045.2,no,yes,no,yes,no,yes,no,yes,no,yes,no,yes,no,yes,no,yes,no,yes,no,yes,no,yes,no,yes,no,yes,no,yes,no,yes,no,yes,no,yes
8,Ostseekino,Ostseekino_KühlungsbornZurAsbeck_15.csv,1466.7,534.6,752.1,0,Ostseekino_KühlungsbornZurAsbeck_18.csv,1466.7,534.6,752.1,0,Ostseekino_KühlungsbornZurAsbeck_21.csv,1466.7,534.6,752.1,0,569.1,2384.2,Kühlungsborn,POINT (11.762314161045149 54.14308056544596),1209.4029796305178,2881.7933630765465,,4400.1,1.9648144563145475,1.9648144563145475,1.9648144563145475,1.964814456314547,3831.000000000001,transit,1466.7,car,180.0,87.7275516465535,transit,1466.7,car,180.0,87.7275516465535,transit,1466.7,car,180.0,87.7275516465535,540.0,263.1826549396605,1296,base,1,1,8037,497.03,29.62,363.0,11.0,1,0,0.0,1466.7,1466.7,1466.7,1466.7,8333.4,no,yes,8333.4,no,yes,8333.4,no,yes,8333.4,no,yes,no,yes,no,yes,no,yes,no,yes,no,yes,no,yes,no,yes,no,yes,no,yes,no,yes,no,yes,no,yes,no,yes,no,yes,no,yes,no,yes
9,Ostseekino,Ostseekino_KühlungsbornZurAsbeck_15.csv,1599.5,727.4,752.1,0,Ostseekino_KühlungsbornZurAsbeck_18.csv,1599.5,727.4,752.1,0,Ostseekino_KühlungsbornZurAsbeck_21.csv,1599.5,727.4,752.1,0,385.0,2142.8,Kühlungsborn,POINT (11.7539113 54.14147515),631.9200860088059,2443.291130294445,,4798.5,1.5275343109061863,1.5275343109061863,1.5275343109061863,1.5275343109061863,4413.5,transit,1599.5,car,120.0,92.49765551734916,transit,1599.5,car,120.0,92.49765551734916,transit,1599.5,car,120.0,92.49765551734916,360.0,277.4929665520475,1296,base,1,1,8037,497.03,29.62,363.0,11.0,1,0,0.0,1599.5,1599.5,1599.5,1599.5,8599.0,no,yes,8599.0,no,yes,8599.0,no,yes,8599.0,no,yes,no,yes,no,yes,no,yes,no,yes,no,yes,no,yes,no,yes,no,yes,no,yes,no,yes,no,yes,no,yes,no,yes,no,yes,no,yes,no,yes
10,Ostseekino,Ostseekino_KühlungsbornZurAsbeck_15.csv,1731.4,859.3,752.1,0,Ostseekino_KühlungsbornZurAsbeck_18.csv,1731.4,859.3,752.1,0,Ostseekino_KühlungsbornZurAsbeck_21.csv,1731.4,859.3,752.1,0,535.8,2274.7,Kühlungsborn,POINT (11.753777600000001 54.14053565000002),599.5159478725036,2484.5366387720496,,5194.200000000001,1.4349870848862478,1.4349870848862478,1.4349870848862478,1.4349870848862478,4658.400000000001,transit,1731.4,car,120.0,93.06919256093336,transit,1731.4,car,120.0,93.06919256093336,transit,1731.4,car,120.0,93.06919256093336,360.0,279.20757768280004,1296,base,1,1,8037,497.03,29.62,363.0,11.0,1,0,0.0,1731.4,1731.4,1731.4,1731.4000000000003,8862.8,no,yes,8862.8,no,yes,8862.8,no,yes,8862.800000000001,no,yes,no,yes,no,yes,no,yes,no,yes,no,yes,no,yes,no,yes,no,yes,no,yes,no,yes,no,yes,no,yes,no,yes,no,yes,no,yes,no,yes
11,Ostseekino,Ostseekino_KühlungsbornOsttrainstation_15.csv,1146.1,214.0,752.1,0,Ostseekino_KühlungsbornOsttrainstation_18.csv,1146.1,214.0,752.1,0,Ostseekino_KühlungsbornOsttrainstation_21.csv,1146.1,214.0,752.1,0,305.1,1230.7,Kühlungsborn,POINT (11.733500600000001 54.14440025),897.3974838580903,1148.5928782650842,,3438.3,1.002175096645218,1.002175096645218,1.002175096645218,1.002175096645218,3133.2,transit,1146.1,car,179.9999999999999,84.29456417415584,transit,1146.1,car,179.9999999999999,84.29456417415584,transit,1146.1,car,179.9999999999999,84.29456417415584,539.9999999999997,252.8836925224676,903,base,1,1,8037,497.03,29.62,363.0,11.0,1,0,0.0,1146.1,1146.1,1146.1,1146.1,7692.2,no,yes,7692.2,no,yes,7692.2,no,yes,7692.2,no,yes,no,yes,no,yes,no,yes,no,yes,yes,yes,yes,yes,yes,yes,yes,yes,no,yes,no,yes,no,yes,no,yes,no,yes,no,yes,no,yes,no,yes
12,Ostseekino,"Ostseekino_Kühlungsborn,West_15.csv",1619.2,687.1,752.1,0,"Ostseekino_Kühlungsborn,West_18.csv",1619.2,687.1,752.1,0,"Ostseekino_Kühlungsborn,West_21.csv",1619.2,687.1,752.1,0,345.3,1718.6,Kühlungsborn,POINT (11.747172615751728 54.142162226303036),314.21901017240964,2019.907232030672,,4857.6,1.2474723517975987,1.2474723517975987,1.2474723517975987,1.2474723517975987,4512.3,transit,1619.2,car,180.0,88.88339920948617,transit,1619.2,car,180.0,88.88339920948617,transit,1619.2,car,180.0,88.88339920948617,540.0,266.6501976284585,545,base,1,1,8037,497.03,29.62,363.0,11.0,1,0,0.0,1619.2,1619.2,1619.2,1619.2,8638.4,no,yes,8638.4,no,yes,8638.4,no,yes,8638.4,no,yes,no,yes,no,yes,no,yes,no,yes,no,yes,no,yes,no,yes,no,yes,no,yes,no,yes,no,yes,no,yes,no,yes,no,yes,no,yes,no,yes
13,Ostseekino,"Ostseekino_Kühlungsborn,Schloßstraße_15.csv",3019.6,701.4,2078.2,0,"Ostseekino_Kühlungsborn,Schloßstraße_18.csv",3019.6,701.4,2078.2,0,"Ostseekino_Kühlungsborn,Schloßstraße_21.csv",3019.6,701.4,2078.2,0,250.6,1230.3,Kühlungsborn,POINT (11.720963550000002 54.14152425),1564.278465788958,1095.7799771212146,,9058.8,0.3628891168105758,0.3628891168105758,0.3628891168105758,0.3628891168105758,8808.199999999999,foot,1230.3,car,240.0,92.05192740760366,foot,1230.3,car,240.0,92.05192740760366,foot,1230.3,car,240.0,92.05192740760366,720.0,276.15578222281096,1416,base,1,1,8037,497.03,29.62,363.0,11.0,1,0,0.0,1230.3,1230.3,1230.3,1230.3,7860.6,no,yes,7860.6,no,yes,7860.6,no,yes,7860.6,no,yes,no,yes,no,yes,no,yes,no,yes,yes,yes,yes,yes,yes,yes,yes,yes,no,yes,no,yes,no,yes,no,yes,no,yes,no,yes,no,yes,no,yes
14,Ostseekino,"Ostseekino_Bastorf,GMZ_15.csv",2982.3,664.1,2078.2,0,"Ostseekino_Bastorf,GMZ_18.csv",2982.3,664.1,2078.2,0,"Ostseekino_Bastorf,GMZ_21.csv",2982.3,664.1,2078.2,0,42.2,126.7,Kühlungsborn,POINT (11.720517549263377 54.151291113393555),2037.515160387858,8.349738855986034,,8946.900000000001,0.0027997648982282,0.0027997648982282,0.0027997648982282,0.0027997648982282,8904.7,foot,126.7,car,240.00000000000043,91.95251986721657,foot,126.7,car,240.00000000000043,91.95251986721657,foot,126.7,car,240.00000000000043,91.95251986721657,720.0000000000014,275.85755960164965,0,base,1,1,8037,497.03,29.62,363.0,11.0,1,0,0.0,126.7,126.7,126.7,126.7,5653.4,yes,yes,5653.4,yes,yes,5653.4,yes,yes,5653.4,yes,yes,yes,yes,yes,yes,yes,yes,yes,yes,yes,yes,yes,yes,yes,yes,yes,yes,yes,yes,yes,yes,yes,yes,yes,yes,yes,yes,yes,yes,yes,yes,yes,yes
15,Ostseekino,Ostseekino_KühlungsbornZurAsbeck_15.csv,2779.0,1846.9,752.1,0,Ostseekino_KühlungsbornZurAsbeck_18.csv,2779.0,1846.9,752.1,0,Ostseekino_KühlungsbornZurAsbeck_21.csv,2779.0,1846.9,752.1,0,496.9,2863.5,Kühlungsborn,POINT (11.752650790450376 54.13111183994139),1091.7390193352587,3080.350713580277,,8337.0,1.1084385439295708,1.1084385439295708,1.1084385439295708,1.1084385439295708,7840.1,transit,2779.0,car,180.0,93.52284994602375,transit,2779.0,car,180.0,93.52284994602375,transit,2779.0,car,180.0,93.52284994602375,540.0,280.56854983807125,330,base,1,1,8037,497.03,29.62,363.0,11.0,1,0,0.0,2779.0,2779.0,2779.0,2779.0,10958.0,no,yes,10958.0,no,yes,10958.0,no,yes,10958.0,no,yes,no,yes,no,yes,no,yes,no,yes,no,yes,no,yes,no,yes,no,yes,no,yes,no,yes,no,yes,no,yes,no,yes,no,yes,no,yes,no,yes
16,Ostseekino,Ostseekino_KühlungsbornZurAsbeck_15.csv,1262.4,330.3,752.1,0,Ostseekino_KühlungsbornZurAsbeck_18.csv,1262.4,330.3,752.1,0,Ostseekino_KühlungsbornZurAsbeck_21.csv,1262.4,330.3,752.1,0,450.5,2007.6,Kühlungsborn,POINT (11.756852214225868 54.14532724444975),1008.4688338850776,2466.622911165321,,3787.2,1.953915487298258,1.953915487298258,1.953915487298258,1.953915487298258,3336.7000000000003,transit,1262.4,car,180.0,85.74144486692015,transit,1262.4,car,180.0,85.74144486692015,transit,1262.4,car,180.0,85.74144486692015,540.0,257.22433460076047,1296,base,1,1,8037,497.03,29.62,363.0,11.0,1,0,0.0,1262.4,1262.4,1262.4,1262.4,7924.8,no,yes,7924.8,no,yes,7924.8,no,yes,7924.8,no,yes,no,yes,no,yes,no,yes,no,yes,yes,yes,yes,yes,yes,yes,yes,yes,no,yes,no,yes,no,yes,no,yes,no,yes,no,yes,no,yes,no,yes
17,Ostseekino,"Ostseekino_Kühlungsborn,NeueReihe_15.csv",2609.9,1677.8,752.1,0,"Ostseekino_Kühlungsborn,NeueReihe_18.csv",2609.9,1677.8,752.1,0,"Ostseekino_Kühlungsborn,NeueReihe_21.csv",2609.9,1677.8,752.1,0,357.2,1130.7,Kühlungsborn,POINT (11.700685123357665 54.148510147201954),3037.777675140077,1335.1055293918091,,7829.700000000001,0.5115542853717802,0.5115542853717802,0.5115542853717802,0.5115542853717802,7472.500000000001,foot,1130.7,car,180.0,93.10318403003949,foot,1130.7,car,180.0,93.10318403003949,foot,1130.7,car,180.0,93.10318403003949,540.0,279.3095520901184,268,base,1,1,8037,497.03,29.62,363.0,11.0,1,0,0.0,1130.7,1130.7,1130.7,1130.7,7661.4,no,yes,7661.4,no,yes,7661.4,no,yes,7661.4,no,yes,no,yes,no,yes,no,yes,no,yes,yes,yes,yes,yes,yes,yes,yes,yes,no,yes,no,yes,no,yes,no,yes,no,yes,no,yes,no,yes,no,yes
18,Ostseekino,Ostseekino_KühlungsbornZurAsbeck_15.csv,1451.2,519.1,752.1,0,Ostseekino_KühlungsbornZurAsbeck_18.csv,1451.2,519.1,752.1,0,Ostseekino_KühlungsbornZurAsbeck_21.csv,1451.2,519.1,752.1,0,545.9,2314.6,Kühlungsborn,POINT (11.762374343752148 54.14592591563463),1344.4354310932474,2800.336079778107,,4353.6,1.929669294224164,1.929669294224164,1.929669294224164,1.929669294224164,3807.7,transit,1451.2,car,180.0,87.59647188533627,transit,1451.2,car,180.0,87.59647188533627,transit,1451.2,car,180.0,87.59647188533627,540.0,262.7894156560088,1296,base,1,1,8037,497.03,29.62,363.0,11.0,1,0,0.0,1451.2,1451.2,1451.2,1451.2,8302.4,no,yes,8302.4,no,yes,8302.4,no,yes,8302.4,no,yes,no,yes,no,yes,no,yes,no,yes,no,yes,no,yes,no,yes,no,yes,no,yes,no,yes,no,yes,no,yes,no,yes,no,yes,no,yes,no,yes
19,Ostseekino,Ostseekino_KühlungsbornOsttrainstation_15.csv,1529.2,597.1,752.1,0,Ostseekino_KühlungsbornOsttrainstation_18.csv,1529.2,597.1,752.1,0,Ostseekino_KühlungsbornOsttrainstation_21.csv,1529.2,597.1,752.1,0,172.6,559.3,Kühlungsborn,POINT (11.727195876101964 54.15019230937287),1631.828214645385,454.6199287768864,,4587.6,0.2972926554910322,0.2972926554910322,0.2972926554910322,0.2972926554910322,4415.0,foot,559.3,car,180.0,88.22913941930422,foot,559.3,car,180.0,88.22913941930422,foot,559.3,car,180.0,88.22913941930422,540.0,264.68741825791267,0,base,1,1,8037,497.03,29.62,363.0,11.0,1,0,0.0,559.3,559.3,559.3,559.3,6518.6,yes,yes,6518.6,yes,yes,6518.6,yes,yes,6518.6,yes,yes,no,yes,no,yes,no,yes,no,yes,yes,yes,yes,yes,yes,yes,yes,yes,no,yes,no,yes,no,yes,no,yes,no,yes,no,yes,no,yes,no,yes
20,Ostseekino,Ostseekino_KühlungsbornOsttrainstation_15.csv,1153.6,221.5,752.1,0,Ostseekino_KühlungsbornOsttrainstation_18.csv,1153.6,221.5,752.1,0,Ostseekino_KühlungsbornOsttrainstation_21.csv,1153.6,221.5,752.1,0,307.6,1238.2,Kühlungsborn,POINT (11.73392943164535 54.14463252569341),890.2567079765734,1152.4404101481196,,3460.8,0.9989948076873436,0.9989948076873436,0.9989948076873436,0.9989948076873436,3153.2,transit,1153.6,car,179.9999999999999,84.39667128987517,transit,1153.6,car,179.9999999999999,84.39667128987517,transit,1153.6,car,179.9999999999999,84.39667128987517,539.9999999999997,253.19001386962552,903,base,1,1,8037,497.03,29.62,363.0,11.0,1,0,0.0,1153.6,1153.6,1153.6,1153.6,7707.2,no,yes,7707.2,no,yes,7707.2,no,yes,7707.2,no,yes,no,yes,no,yes,no,yes,no,yes,yes,yes,yes,yes,yes,yes,yes,yes,no,yes,no,yes,no,yes,no,yes,no,yes,no,yes,no,yes,no,yes
21,Ostseekino,"Ostseekino_Kühlungsborn,Mitte_15.csv",1968.4,1036.3,752.1,0,"Ostseekino_Kühlungsborn,Mitte_18.csv",1968.4,1036.3,752.1,0,"Ostseekino_Kühlungsborn,Mitte_21.csv",1968.4,1036.3,752.1,0,267.5,1070.8,Kühlungsborn,POINT (11.72394383705696 54.142133427896816),1382.7482984532214,1051.528016784593,,5905.200000000001,0.5342044385209271,0.5342044385209271,0.5342044385209271,0.5342044385209271,5637.700000000001,foot,1070.8,car,180.0,90.85551717130664,foot,1070.8,car,180.0,90.85551717130664,foot,1070.8,car,180.0,90.85551717130664,540.0,272.56655151391993,903,base,1,1,8037,497.03,29.62,363.0,11.0,1,0,0.0,1070.8,1070.8,1070.8,1070.8,7541.6,no,yes,7541.6,no,yes,7541.6,no,yes,7541.6,no,yes,no,yes,no,yes,no,yes,no,yes,yes,yes,yes,yes,yes,yes,yes,yes,no,yes,no,yes,no,yes,no,yes,no,yes,no,yes,no,yes,no,yes
22,Ostseekino,Ostseekino_KühlungsbornOsttrainstation_15.csv,1974.3,1042.2,752.1,0,Ostseekino_KühlungsbornOsttrainstation_18.csv,1974.3,1042.2,752.1,0,Ostseekino_KühlungsbornOsttrainstation_21.csv,1974.3,1042.2,752.1,0,149.6,299.0,Kühlungsborn,POINT (11.724021377675518 54.15287345441524),1990.9757522983032,283.13175608286406,,5922.9,0.1434086795739574,0.1434086795739574,0.1434086795739574,0.1434086795739574,5773.299999999999,foot,299.0,car,179.99999999999977,90.88284455249963,foot,299.0,car,179.99999999999977,90.88284455249963,foot,299.0,car,179.99999999999977,90.88284455249963,539.9999999999993,272.6485336574989,0,base,1,1,8037,497.03,29.62,363.0,11.0,1,0,0.0,299.0,299.0,299.0,299.0,5998.0,yes,yes,5998.0,yes,yes,5998.0,yes,yes,5998.0,yes,yes,yes,yes,yes,yes,yes,yes,yes,yes,yes,yes,yes,yes,yes,yes,yes,yes,no,yes,no,yes,no,yes,no,yes,yes,yes,yes,yes,yes,yes,yes,yes
23,Ostseekino,"Ostseekino_Kühlungsborn,PflegeWohnPark_15.csv",1858.0,925.9,752.1,0,"Ostseekino_Kühlungsborn,PflegeWohnPark_18.csv",1858.0,925.9,752.1,0,"Ostseekino_Kühlungsborn,PflegeWohnPark_21.csv",1858.0,925.9,752.1,0,610.8,2491.4,Kühlungsborn,POINT (11.76730130513773 54.14970575534414),1846.890735938924,3061.4720948563577,,5574.0,1.6477244859291484,1.6477244859291484,1.6477244859291484,1.6477244859291482,4963.2,transit,1858.0,car,180.0,90.31216361679223,transit,1858.0,car,180.0,90.31216361679223,transit,1858.0,car,180.0,90.31216361679223,540.0,270.93649085037674,0,base,1,1,8037,497.03,29.62,363.0,11.0,1,0,0.0,1858.0,1858.0,1858.0,1858.0,9116.0,no,yes,9116.0,no,yes,9116.0,no,yes,9116.0,no,yes,no,yes,no,yes,no,yes,no,yes,no,yes,no,yes,no,yes,no,yes,no,yes,no,yes,no,yes,no,yes,no,yes,no,yes,no,yes,no,yes
24,Ostseekino,Ostseekino_KühlungsbornZurAsbeck_15.csv,2226.6,1294.5,752.1,0,Ostseekino_KühlungsbornZurAsbeck_18.csv,2226.6,1294.5,752.1,0,Ostseekino_KühlungsbornZurAsbeck_21.csv,2226.6,1294.5,752.1,0,411.3,2349.3,Kühlungsborn,POINT (11.75277873253574 54.139831637174765),527.7508424052489,2467.531811756305,,6679.799999999999,1.1082061491764597,1.1082061491764597,1.1082061491764597,1.1082061491764597,6268.499999999999,transit,2226.6,car,180.0,91.91592562651576,transit,2226.6,car,180.0,91.91592562651576,transit,2226.6,car,180.0,91.91592562651576,540.0,275.74777687954725,330,base,1,1,8037,497.03,29.62,363.0,11.0,1,0,0.0,2226.6,2226.6,2226.6,2226.6,9853.2,no,yes,9853.2,no,yes,9853.2,no,yes,9853.2,no,yes,no,yes,no,yes,no,yes,no,yes,no,yes,no,yes,no,yes,no,yes,no,yes,no,yes,no,yes,no,yes,no,yes,no,yes,no,yes,no,yes
25,Ostseekino,Ostseekino_KühlungsbornOsttrainstation_15.csv,1700.1,768.0,752.1,0,Ostseekino_KühlungsbornOsttrainstation_18.csv,1700.1,768.0,752.1,0,Ostseekino_KühlungsbornOsttrainstation_21.csv,1700.1,768.0,752.1,0,243.1,569.4,Kühlungsborn,POINT (11.728281962388875 54.15064144266091),1619.9708279991485,512.7914134355572,,5100.299999999999,0.3016242652994278,0.3016242652994278,0.3016242652994278,0.3016242652994278,4857.199999999999,foot,569.4,car,180.0,89.41238750661726,foot,569.4,car,180.0,89.41238750661726,foot,569.4,car,180.0,89.41238750661726,540.0,268.2371625198518,0,base,1,1,8037,497.03,29.62,363.0,11.0,1,0,0.0,569.4,569.4,569.4,569.4,6538.8,yes,yes,6538.8,yes,yes,6538.8,yes,yes,6538.8,yes,yes,no,yes,no,yes,no,yes,no,yes,yes,yes,yes,yes,yes,yes,yes,yes,no,yes,no,yes,no,yes,no,yes,no,yes,no,yes,no,yes,no,yes
26,Ostseekino,"Ostseekino_Kühlungsborn,Fulgen_15.csv",2208.0,1275.9,752.1,0,"Ostseekino_Kühlungsborn,Fulgen_18.csv",2208.0,1275.9,752.1,0,"Ostseekino_Kühlungsborn,Fulgen_21.csv",2208.0,1275.9,752.1,0,397.2,2330.7,Kühlungsborn,POINT (11.751119 54.140264400000014),423.2304554803392,2349.888635388301,,6624.0,1.064261157331658,1.064261157331658,1.064261157331658,1.064261157331658,6226.8,transit,2208.0,car,180.0,91.84782608695652,transit,2208.0,car,180.0,91.84782608695652,transit,2208.0,car,180.0,91.84782608695652,540.0,275.5434782608696,545,base,1,1,8037,497.03,29.62,363.0,11.0,1,0,0.0,2208.0,2208.0,2208.0,2208.0,9816.0,no,yes,9816.0,no,yes,9816.0,no,yes,9816.0,no,yes,no,yes,no,yes,no,yes,no,yes,no,yes,no,yes,no,yes,no,yes,no,yes,no,yes,no,yes,no,yes,no,yes,no,yes,no,yes,no,yes
27,Ostseekino,Ostseekino_KühlungsbornZurAsbeck_15.csv,1888.0,1015.9,752.1,0,Ostseekino_KühlungsbornZurAsbeck_18.csv,1888.0,1015.9,752.1,0,Ostseekino_KühlungsbornZurAsbeck_21.csv,1888.0,1015.9,752.1,0,525.3,2431.3,Kühlungsborn,POINT (11.759567000000002 54.140883550000005),979.6051845134374,2804.980139928335,,5664.0,1.4856886334366182,1.4856886334366182,1.4856886334366182,1.4856886334366182,5138.7,transit,1888.0,car,120.0,93.64406779661016,transit,1888.0,car,120.0,93.64406779661016,transit,1888.0,car,120.0,93.64406779661016,360.0,280.9322033898305,1296,base,1,1,8037,497.03,29.62,363.0,11.0,1,0,0.0,1888.0,1888.0,1888.0,1888.0,9176.0,no,yes,9176.0,no,yes,9176.0,no,yes,9176.0,no,yes,no,yes,no,yes,no,yes,no,yes,no,yes,no,yes,no,yes,no,yes,no,yes,no,yes,no,yes,no,yes,no,yes,no,yes,no,yes,no,yes
28,Ostseekino,Ostseekino_KühlungsbornOsttrainstation_15.csv,1250.9,318.8,752.1,0,Ostseekino_KühlungsbornOsttrainstation_18.csv,1250.9,318.8,752.1,0,Ostseekino_KühlungsbornOsttrainstation_21.csv,1250.9,318.8,752.1,0,326.6,1255.7,Kühlungsborn,POINT (11.7328568 54.143094549999994),859.6819428683161,1223.2048043003083,,3752.7,0.9778597843954818,0.9778597843954818,0.9778597843954818,0.977859784395482,3426.1000000000004,transit,1250.9,car,180.0,85.61036054041091,transit,1250.9,car,180.0,85.61036054041091,transit,1250.9,car,180.0,85.61036054041091,540.0,256.8310816212327,903,base,1,1,8037,497.03,29.62,363.0,11.0,1,0,0.0,1250.9,1250.9,1250.9,1250.9,7901.8,no,yes,7901.8,no,yes,7901.8,no,yes,7901.8,no,yes,no,yes,no,yes,no,yes,no,yes,yes,yes,yes,yes,yes,yes,yes,yes,no,yes,no,yes,no,yes,no,yes,no,yes,no,yes,no,yes,no,yes
29,Ostseekino,Ostseekino_KühlungsbornOsttrainstation_15.csv,1125.3,193.2,752.1,0,Ostseekino_KühlungsbornOsttrainstation_18.csv,1125.3,193.2,752.1,0,Ostseekino_KühlungsbornOsttrainstation_21.csv,1125.3,193.2,752.1,0,296.3,1209.8,Kühlungsborn,POINT (11.7354941 54.1438471),755.9208408872925,1286.9675352712577,,3375.9,1.1436661648193884,1.1436661648193884,1.1436661648193884,1.1436661648193884,3079.5999999999995,transit,1125.3,car,180.0,84.00426552919221,transit,1125.3,car,180.0,84.00426552919221,transit,1125.3,car,180.0,84.00426552919221,540.0,252.01279658757664,903,base,1,1,8037,497.03,29.62,363.0,11.0,1,0,0.0,1125.3,1125.3,1125.3,1125.3,7650.6,no,yes,7650.6,no,yes,7650.6,no,yes,7650.6,no,yes,no,yes,no,yes,no,yes,no,yes,yes,yes,yes,yes,yes,yes,yes,yes,no,yes,no,yes,no,yes,no,yes,no,yes,no,yes,no,yes,no,yes
30,Ostseekino,"Ostseekino_Kühlungsborn,GrünerWeg_15.csv",2830.3,1958.2,752.1,0,"Ostseekino_Kühlungsborn,GrünerWeg_18.csv",2830.3,1958.2,752.1,0,"Ostseekino_Kühlungsborn,GrünerWeg_21.csv",2830.3,1958.2,752.1,0,172.9,529.5,Kühlungsborn,POINT (11.710375115359215 54.1508134867834),2559.6868834369384,666.4103457546336,,8490.900000000001,0.2354557275746859,0.2354557275746859,0.2354557275746859,0.2354557275746859,8318.000000000002,foot,529.5,car,120.0,95.76016676677384,foot,529.5,car,120.0,95.76016676677384,foot,529.5,car,120.0,95.76016676677384,360.0,287.28050030032153,0,base,1,1,8037,497.03,29.62,363.0,11.0,1,0,0.0,529.5,529.5,529.5,529.5,6459.0,yes,yes,6459.0,yes,yes,6459.0,yes,yes,6459.0,yes,yes,no,yes,no,yes,no,yes,no,yes,yes,yes,yes,yes,yes,yes,yes,yes,no,yes,no,yes,no,yes,no,yes,yes,yes,yes,yes,yes,yes,yes,yes
31,Ostseekino,"Ostseekino_Wittenbeck,NasseEcke_15.csv",1620.5,688.4,752.1,0,"Ostseekino_Wittenbeck,NasseEcke_18.csv",1620.5,688.4,752.1,0,"Ostseekino_Wittenbeck,NasseEcke_21.csv",1620.5,688.4,752.1,0,602.3,2483.9,Kühlungsborn,POINT (11.764665486606214 54.14347336549679),1369.0745711465413,3014.7165983903706,,4861.5,1.860361986047745,1.860361986047745,1.860361986047745,1.860361986047745,4259.2,transit,1620.5,car,180.0,88.89231718605369,transit,1620.5,car,180.0,88.89231718605369,transit,1620.5,car,180.0,88.89231718605369,540.0,266.6769515581611,1296,base,1,1,8037,497.03,29.62,363.0,11.0,1,0,0.0,1620.5,1620.5,1620.5,1620.5,8641.0,no,yes,8641.0,no,yes,8641.0,no,yes,8641.0,no,yes,no,yes,no,yes,no,yes,no,yes,no,yes,no,yes,no,yes,no,yes,no,yes,no,yes,no,yes,no,yes,no,yes,no,yes,no,yes,no,yes
32,Ostseekino,"Ostseekino_Kühlungsborn,Mitte_15.csv",1829.6,897.5,752.1,0,"Ostseekino_Kühlungsborn,Mitte_18.csv",1829.6,897.5,752.1,0,"Ostseekino_Kühlungsborn,Mitte_21.csv",1829.6,897.5,752.1,0,304.5,1191.6,Kühlungsborn,POINT (11.723847319919448 54.140662977607604),1367.0310165683904,1210.8289230128344,,5488.799999999999,0.6617998048823974,0.6617998048823974,0.6617998048823974,0.6617998048823974,5184.299999999999,foot,1191.6,car,180.0,90.16178399650197,foot,1191.6,car,180.0,90.16178399650197,foot,1191.6,car,180.0,90.16178399650197,540.0,270.4853519895059,903,base,1,1,8037,497.03,29.62,363.0,11.0,1,0,0.0,1191.6,1191.6,1191.6,1191.6,7783.2,no,yes,7783.2,no,yes,7783.2,no,yes,7783.2,no,yes,no,yes,no,yes,no,yes,no,yes,yes,yes,yes,yes,yes,yes,yes,yes,no,yes,no,yes,no,yes,no,yes,no,yes,no,yes,no,yes,no,yes
33,Ostseekino,Ostseekino_KühlungsbornZurAsbeck_15.csv,1483.1,551.0,752.1,0,Ostseekino_KühlungsbornZurAsbeck_18.csv,1483.1,551.0,752.1,0,Ostseekino_KühlungsbornZurAsbeck_21.csv,1483.1,551.0,752.1,0,531.3,1953.3,Kühlungsborn,POINT (11.755681649999998 54.1490821),1263.3048834764172,2310.716062684595,,4449.299999999999,1.558031193233494,1.558031193233494,1.558031193233494,1.5580311932334945,3917.999999999999,transit,1483.1,car,180.0,87.86325938911737,transit,1483.1,car,180.0,87.86325938911737,transit,1483.1,car,180.0,87.86325938911737,540.0,263.5897781673521,0,base,1,1,8037,497.03,29.62,363.0,11.0,1,0,0.0,1483.1,1483.1,1483.1,1483.0999999999997,8366.2,no,yes,8366.2,no,yes,8366.2,no,yes,8366.199999999999,no,yes,no,yes,no,yes,no,yes,no,yes,no,yes,no,yes,no,yes,no,yes,no,yes,no,yes,no,yes,no,yes,no,yes,no,yes,no,yes,no,yes
34,Ostseekino,Ostseekino_KühlungsbornZurAsbeck_15.csv,1670.2,798.1,752.1,0,Ostseekino_KühlungsbornZurAsbeck_18.csv,1670.2,798.1,752.1,0,Ostseekino_KühlungsbornZurAsbeck_21.csv,1670.2,798.1,752.1,0,484.4,2078.7,Kühlungsborn,POINT (11.756594350000002 54.14377860000001),897.6903309475016,2503.231836476664,,5010.6,1.4987617270247058,1.4987617270247058,1.4987617270247058,1.4987617270247058,4526.200000000001,transit,1670.2,car,120.0,92.8152317087774,transit,1670.2,car,120.0,92.8152317087774,transit,1670.2,car,120.0,92.8152317087774,360.0,278.44569512633217,1296,base,1,1,8037,497.03,29.62,363.0,11.0,1,0,0.0,1670.2,1670.2,1670.2,1670.2,8740.4,no,yes,8740.4,no,yes,8740.4,no,yes,8740.4,no,yes,no,yes,no,yes,no,yes,no,yes,no,yes,no,yes,no,yes,no,yes,no,yes,no,yes,no,yes,no,yes,no,yes,no,yes,no,yes,no,yes
35,Ostseekino,Ostseekino_KühlungsbornOsttrainstation_15.csv,1493.0,560.9,752.1,0,Ostseekino_KühlungsbornOsttrainstation_18.csv,1493.0,560.9,752.1,0,Ostseekino_KühlungsbornOsttrainstation_21.csv,1493.0,560.9,752.1,0,409.4,1262.0,Kühlungsborn,POINT (11.730339811088268 54.14239140820104),984.1416174641756,1186.840808050267,,4479.0,0.794936910951284,0.794936910951284,0.794936910951284,0.794936910951284,4069.6,foot,1262.0,car,180.0,87.94373744139318,foot,1262.0,car,180.0,87.94373744139318,foot,1262.0,car,180.0,87.94373744139318,540.0,263.83121232417955,903,base,1,1,8037,497.03,29.62,363.0,11.0,1,0,0.0,1262.0,1262.0,1262.0,1262.0,7924.0,no,yes,7924.0,no,yes,7924.0,no,yes,7924.0,no,yes,no,yes,no,yes,no,yes,no,yes,yes,yes,yes,yes,yes,yes,yes,yes,no,yes,no,yes,no,yes,no,yes,no,yes,no,yes,no,yes,no,yes
36,Ostseekino,Ostseekino_KühlungsbornZurAsbeck_15.csv,1907.1,1035.0,752.1,0,Ostseekino_KühlungsbornZurAsbeck_18.csv,1907.1,1035.0,752.1,0,Ostseekino_KühlungsbornZurAsbeck_21.csv,1907.1,1035.0,752.1,0,532.9,2450.4,Kühlungsborn,POINT (11.758811386169553 54.13978150356526),921.9318115789804,2814.23197880867,,5721.299999999999,1.4756604157142628,1.4756604157142628,1.4756604157142628,1.4756604157142628,5188.4,transit,1907.1,car,120.0,93.70772376907348,transit,1907.1,car,120.0,93.70772376907348,transit,1907.1,car,120.0,93.70772376907348,360.0,281.1231713072204,1296,base,1,1,8037,497.03,29.62,363.0,11.0,1,0,0.0,1907.1,1907.1,1907.1,1907.0999999999997,9214.2,no,yes,9214.2,no,yes,9214.2,no,yes,9214.199999999999,no,yes,no,yes,no,yes,no,yes,no,yes,no,yes,no,yes,no,yes,no,yes,no,yes,no,yes,no,yes,no,yes,no,yes,no,yes,no,yes,no,yes
37,Ostseekino,Ostseekino_KühlungsbornZurAsbeck_15.csv,1833.7,961.6,752.1,0,Ostseekino_KühlungsbornZurAsbeck_18.csv,1833.7,961.6,752.1,0,Ostseekino_KühlungsbornZurAsbeck_21.csv,1833.7,961.6,752.1,0,512.6,2377.0,Kühlungsborn,POINT (11.759401200000001 54.1417771),986.8639658918518,2755.0731583392903,,5501.1,1.5024666839391887,1.5024666839391887,1.5024666839391887,1.5024666839391885,4988.5,transit,1833.7,car,120.0,93.45585428368872,transit,1833.7,car,120.0,93.45585428368872,transit,1833.7,car,120.0,93.45585428368872,360.0,280.36756285106617,1296,base,1,1,8037,497.03,29.62,363.0,11.0,1,0,0.0,1833.7,1833.7,1833.7,1833.7,9067.4,no,yes,9067.4,no,yes,9067.4,no,yes,9067.4,no,yes,no,yes,no,yes,no,yes,no,yes,no,yes,no,yes,no,yes,no,yes,no,yes,no,yes,no,yes,no,yes,no,yes,no,yes,no,yes,no,yes
38,Ostseekino,Ostseekino_KühlungsbornOsttrainstation_15.csv,1369.5,437.4,752.1,0,Ostseekino_KühlungsbornOsttrainstation_18.csv,1369.5,437.4,752.1,0,Ostseekino_KühlungsbornOsttrainstation_21.csv,1369.5,437.4,752.1,0,366.2,1268.3,Kühlungsborn,POINT (11.731931409077445 54.14426237233886),974.8509200649812,1086.2899225008684,,4108.5,0.7932018419137411,0.7932018419137411,0.7932018419137411,0.7932018419137411,3742.3,foot,1268.3,car,180.0,86.8565169769989,foot,1268.3,car,180.0,86.8565169769989,foot,1268.3,car,180.0,86.8565169769989,540.0,260.5695509309967,903,base,1,1,8037,497.03,29.62,363.0,11.0,1,0,0.0,1268.3,1268.3,1268.3,1268.3,7936.6,no,yes,7936.6,no,yes,7936.6,no,yes,7936.6,no,yes,no,yes,no,yes,no,yes,no,yes,yes,yes,yes,yes,yes,yes,yes,yes,no,yes,no,yes,no,yes,no,yes,no,yes,no,yes,no,yes,no,yes
39,Ostseekino,"Ostseekino_Wittenbeck,NasseEcke_15.csv",1772.2,840.1,752.1,0,"Ostseekino_Wittenbeck,NasseEcke_18.csv",1772.2,840.1,752.1,0,"Ostseekino_Wittenbeck,NasseEcke_21.csv",1772.2,840.1,752.1,0,594.8,2375.0,Kühlungsborn,POINT (11.764533323931031 54.148932246960385),1651.048071796707,2887.792151840993,,5316.6,1.6294956279432304,1.6294956279432304,1.6294956279432304,1.6294956279432304,4721.8,transit,1772.2,car,180.0,89.84313282925177,transit,1772.2,car,180.0,89.84313282925177,transit,1772.2,car,180.0,89.84313282925177,540.0,269.5293984877553,0,base,1,1,8037,497.03,29.62,363.0,11.0,1,0,0.0,1772.2,1772.2,1772.2,1772.2,8944.4,no,yes,8944.4,no,yes,8944.4,no,yes,8944.4,no,yes,no,yes,no,yes,no,yes,no,yes,no,yes,no,yes,no,yes,no,yes,no,yes,no,yes,no,yes,no,yes,no,yes,no,yes,no,yes,no,yes
40,Ostseekino,Ostseekino_KühlungsbornOsttrainstation_15.csv,1695.3,763.2,752.1,0,Ostseekino_KühlungsbornOsttrainstation_18.csv,1695.3,763.2,752.1,0,Ostseekino_KühlungsbornOsttrainstation_21.csv,1695.3,763.2,752.1,0,173.8,564.6,Kühlungsborn,POINT (11.727897786725878 54.15073581811748),1644.5128040296486,486.3929718332394,,5085.9,0.2869067255549103,0.2869067255549103,0.2869067255549103,0.2869067255549103,4912.099999999999,foot,564.6,car,179.99999999999977,89.38241019288623,foot,564.6,car,179.99999999999977,89.38241019288623,foot,564.6,car,179.99999999999977,89.38241019288623,539.9999999999993,268.14723057865865,0,base,1,1,8037,497.03,29.62,363.0,11.0,1,0,0.0,564.6,564.6,564.6,564.6,6529.2,yes,yes,6529.2,yes,yes,6529.2,yes,yes,6529.2,yes,yes,no,yes,no,yes,no,yes,no,yes,yes,yes,yes,yes,yes,yes,yes,yes,no,yes,no,yes,no,yes,no,yes,no,yes,no,yes,no,yes,no,yes
41,Ostseekino,Ostseekino_KühlungsbornOsttrainstation_15.csv,1654.1,722.0,752.1,0,Ostseekino_KühlungsbornOsttrainstation_18.csv,1654.1,722.0,752.1,0,Ostseekino_KühlungsbornOsttrainstation_21.csv,1654.1,722.0,752.1,0,398.0,1092.9,Kühlungsborn,POINT (11.726694049999997 54.143491749999995),1248.979066760009,964.5109496597594,,4962.299999999999,0.5831031676801641,0.5831031676801641,0.5831031676801641,0.5831031676801641,4564.299999999999,foot,1092.9,car,180.0,89.11794933800859,foot,1092.9,car,180.0,89.11794933800859,foot,1092.9,car,180.0,89.11794933800859,540.0,267.35384801402574,903,base,1,1,8037,497.03,29.62,363.0,11.0,1,0,0.0,1092.9,1092.9,1092.9,1092.9,7585.8,no,yes,7585.8,no,yes,7585.8,no,yes,7585.8,no,yes,no,yes,no,yes,no,yes,no,yes,yes,yes,yes,yes,yes,yes,yes,yes,no,yes,no,yes,no,yes,no,yes,no,yes,no,yes,no,yes,no,yes
42,Ostseekino,Ostseekino_KühlungsbornOsttrainstation_15.csv,1654.1,722.0,752.1,0,Ostseekino_KühlungsbornOsttrainstation_18.csv,1654.1,722.0,752.1,0,Ostseekino_KühlungsbornOsttrainstation_21.csv,1654.1,722.0,752.1,0,398.0,1092.9,Kühlungsborn,POINT (11.727039869113149 54.14393747414152),1245.4499715936854,929.7790411418966,,4962.299999999999,0.5621057016757733,0.5621057016757733,0.5621057016757733,0.5621057016757733,4564.299999999999,foot,1092.9,car,180.0,89.11794933800859,foot,1092.9,car,180.0,89.11794933800859,foot,1092.9,car,180.0,89.11794933800859,540.0,267.35384801402574,903,base,1,1,8037,497.03,29.62,363.0,11.0,1,0,0.0,1092.9,1092.9,1092.9,1092.9,7585.8,no,yes,7585.8,no,yes,7585.8,no,yes,7585.8,no,yes,no,yes,no,yes,no,yes,no,yes,yes,yes,yes,yes,yes,yes,yes,yes,no,yes,no,yes,no,yes,no,yes,no,yes,no,yes,no,yes,no,yes
43,Ostseekino,Ostseekino_KühlungsbornZurAsbeck_15.csv,1727.2,855.1,752.1,0,Ostseekino_KühlungsbornZurAsbeck_18.csv,1727.2,855.1,752.1,0,Ostseekino_KühlungsbornZurAsbeck_21.csv,1727.2,855.1,752.1,0,524.8,2270.5,Kühlungsborn,POINT (11.75481195 54.14078045),670.6140927494245,2531.0460210637,,5181.6,1.46540413447412,1.46540413447412,1.46540413447412,1.46540413447412,4656.8,transit,1727.2,car,120.0,93.05233904585457,transit,1727.2,car,120.0,93.05233904585457,transit,1727.2,car,120.0,93.05233904585457,360.0,279.1570171375637,1296,base,1,1,8037,497.03,29.62,363.0,11.0,1,0,0.0,1727.2,1727.2,1727.2,1727.2,8854.4,no,yes,8854.4,no,yes,8854.4,no,yes,8854.4,no,yes,no,yes,no,yes,no,yes,no,yes,no,yes,no,yes,no,yes,no,yes,no,yes,no,yes,no,yes,no,yes,no,yes,no,yes,no,yes,no,yes
44,Ostseekino,"Ostseekino_Kühlungsborn,Ost_15.csv",1244.9,312.8,752.1,0,"Ostseekino_Kühlungsborn,Ost_18.csv",1244.9,312.8,752.1,0,"Ostseekino_Kühlungsborn,Ost_21.csv",1244.9,312.8,752.1,0,292.9,1344.4,Kühlungsborn,POINT (11.739441199999998 54.14332255),526.7055264835224,1525.8753834131278,,3734.7,1.2257011674938771,1.2257011674938771,1.2257011674938771,1.2257011674938771,3441.8,transit,1244.9,car,180.0,85.54100730982408,transit,1244.9,car,180.0,85.54100730982408,transit,1244.9,car,180.0,85.54100730982408,540.0,256.62302192947226,545,base,1,1,8037,497.03,29.62,363.0,11.0,1,0,0.0,1244.9,1244.9,1244.9,1244.9,7889.8,no,yes,7889.8,no,yes,7889.8,no,yes,7889.8,no,yes,no,yes,no,yes,no,yes,no,yes,yes,yes,yes,yes,yes,yes,yes,yes,no,yes,no,yes,no,yes,no,yes,no,yes,no,yes,no,yes,no,yes
45,Ostseekino,Ostseekino_Sabel(bGüstrow)Haus24_15.csv,1677.1,745.0,752.1,0,Ostseekino_Sabel(bGüstrow)Haus24_18.csv,1677.1,745.0,752.1,0,Ostseekino_Sabel(bGüstrow)Haus24_21.csv,1677.1,745.0,752.1,0,389.9,1075.5,Kühlungsborn,POINT (11.739347159521472 54.152836122216065),1499.2212970885805,1240.2034499425758,,5031.299999999999,0.7394928447573644,0.7394928447573644,0.7394928447573644,0.7394928447573644,4641.4,foot,1075.5,car,180.0,89.26718740683323,foot,1075.5,car,180.0,89.26718740683323,foot,1075.5,car,180.0,89.26718740683323,540.0,267.8015622204997,25,base,1,1,8037,497.03,29.62,363.0,11.0,1,0,0.0,1075.5,1075.5,1075.5,1075.5,7551.0,no,yes,7551.0,no,yes,7551.0,no,yes,7551.0,no,yes,no,yes,no,yes,no,yes,no,yes,yes,yes,yes,yes,yes,yes,yes,yes,no,yes,no,yes,no,yes,no,yes,no,yes,no,yes,no,yes,no,yes
46,Ostseekino,Ostseekino_KühlungsbornOsttrainstation_15.csv,1403.8,471.7,752.1,0,Ostseekino_KühlungsbornOsttrainstation_18.csv,1403.8,471.7,752.1,0,Ostseekino_KühlungsbornOsttrainstation_21.csv,1403.8,471.7,752.1,0,377.6,1250.0,Kühlungsborn,POINT (11.73159315 54.144310499999996),996.570209888308,1067.3059639027304,,4211.4,0.7602977375001642,0.7602977375001642,0.7602977375001642,0.7602977375001643,3833.8,foot,1250.0,car,180.0,87.17766063541815,foot,1250.0,car,180.0,87.17766063541815,foot,1250.0,car,180.0,87.17766063541815,540.0,261.53298190625446,903,base,1,1,8037,497.03,29.62,363.0,11.0,1,0,0.0,1250.0,1250.0,1250.0,1250.0,7900.0,no,yes,7900.0,no,yes,7900.0,no,yes,7900.0,no,yes,no,yes,no,yes,no,yes,no,yes,yes,yes,yes,yes,yes,yes,yes,yes,no,yes,no,yes,no,yes,no,yes,no,yes,no,yes,no,yes,no,yes
47,Ostseekino,"Ostseekino_Wittenbeck,NasseEcke_15.csv",1530.0,597.9,752.1,0,"Ostseekino_Wittenbeck,NasseEcke_18.csv",1530.0,597.9,752.1,0,"Ostseekino_Wittenbeck,NasseEcke_21.csv",1530.0,597.9,752.1,0,565.5,2393.4,Kühlungsborn,POINT (11.76348709541681 54.14355691684241),1298.9199268649415,2938.376109883722,,4590.0,1.9205072613619096,1.9205072613619096,1.9205072613619096,1.9205072613619096,4024.5,transit,1530.0,car,180.0,88.23529411764706,transit,1530.0,car,180.0,88.23529411764706,transit,1530.0,car,180.0,88.23529411764706,540.0,264.7058823529412,1296,base,1,1,8037,497.03,29.62,363.0,11.0,1,0,0.0,1530.0,1530.0,1530.0,1530.0,8460.0,no,yes,8460.0,no,yes,8460.0,no,yes,8460.0,no,yes,no,yes,no,yes,no,yes,no,yes,no,yes,no,yes,no,yes,no,yes,no,yes,no,yes,no,yes,no,yes,no,yes,no,yes,no,yes,no,yes
48,Ostseekino,Ostseekino_KühlungsbornZurAsbeck_15.csv,1556.8,624.7,752.1,0,Ostseekino_KühlungsbornZurAsbeck_18.csv,1556.8,624.7,752.1,0,Ostseekino_KühlungsbornZurAsbeck_21.csv,1556.8,624.7,752.1,0,527.0,2217.6,Kühlungsborn,POINT (11.758994399999999 54.149315849999994),1417.0936303917708,2523.4751502261583,,4670.4,1.6209372753251274,1.6209372753251274,1.6209372753251274,1.6209372753251277,4143.4,transit,1556.8,car,179.99999999999977,88.43782117163413,transit,1556.8,car,179.99999999999977,88.43782117163413,transit,1556.8,car,179.99999999999977,88.43782117163413,539.9999999999993,265.3134635149024,0,base,1,1,8037,497.03,29.62,363.0,11.0,1,0,0.0,1556.8,1556.8,1556.8,1556.8,8513.6,no,yes,8513.6,no,yes,8513.6,no,yes,8513.6,no,yes,no,yes,no,yes,no,yes,no,yes,no,yes,no,yes,no,yes,no,yes,no,yes,no,yes,no,yes,no,yes,no,yes,no,yes,no,yes,no,yes
49,Ostseekino,"Ostseekino_Kühlungsborn,PflegeWohnPark_15.csv",2160.7,1228.6,752.1,0,"Ostseekino_Kühlungsborn,PflegeWohnPark_18.csv",2160.7,1228.6,752.1,0,"Ostseekino_Kühlungsborn,PflegeWohnPark_21.csv",2160.7,1228.6,752.1,0,634.0,2526.4,Kühlungsborn,POINT (11.767491958762601 54.15168422118987),1996.2307463664188,3068.480383070382,,6482.099999999999,1.420132541801445,1.420132541801445,1.420132541801445,1.420132541801445,5848.099999999999,transit,2160.7,car,180.0,91.66936640903413,transit,2160.7,car,180.0,91.66936640903413,transit,2160.7,car,180.0,91.66936640903413,540.0,275.0080992271023,0,base,1,1,8037,497.03,29.62,363.0,11.0,1,0,0.0,2160.7,2160.7,2160.7,2160.7,9721.4,no,yes,9721.4,no,yes,9721.4,no,yes,9721.4,no,yes,no,yes,no,yes,no,yes,no,yes,no,yes,no,yes,no,yes,no,yes,no,yes,no,yes,no,yes,no,yes,no,yes,no,yes,no,yes,no,yes
50,Ostseekino,"Ostseekino_Kühlungsborn,Schloßstraße_15.csv",1764.2,892.1,752.1,0,"Ostseekino_Kühlungsborn,Schloßstraße_18.csv",1764.2,892.1,752.1,0,"Ostseekino_Kühlungsborn,Schloßstraße_21.csv",1764.2,892.1,752.1,0,556.6,1543.5,Kühlungsborn,POINT (11.749394526490706 54.152423894649495),1444.753273610694,1889.4964402042413,,5292.6,1.07102167566276,1.07102167566276,1.07102167566276,1.07102167566276,4736.0,foot,1543.5,car,120.0,93.19805010769754,foot,1543.5,car,120.0,93.19805010769754,foot,1543.5,car,120.0,93.19805010769754,360.0,279.5941503230926,25,base,1,1,8037,497.03,29.62,363.0,11.0,1,0,0.0,1543.5,1543.5,1543.5,1543.5,8487.0,no,yes,8487.0,no,yes,8487.0,no,yes,8487.0,no,yes,no,yes,no,yes,no,yes,no,yes,no,yes,no,yes,no,yes,no,yes,no,yes,no,yes,no,yes,no,yes,no,yes,no,yes,no,yes,no,yes
51,Ostseekino,Ostseekino_KühlungsbornOsttrainstation_15.csv,1503.6,571.5,752.1,0,Ostseekino_KühlungsbornOsttrainstation_18.csv,1503.6,571.5,752.1,0,Ostseekino_KühlungsbornOsttrainstation_21.csv,1503.6,571.5,752.1,0,221.0,681.6,Kühlungsborn,POINT (11.730352278410278 54.15029111525837),1503.0355853891958,652.7393872476669,,4510.799999999999,0.4341177089968521,0.4341177089968521,0.4341177089968521,0.4341177089968522,4289.799999999999,foot,681.6,car,180.0,88.02873104549082,foot,681.6,car,180.0,88.02873104549082,foot,681.6,car,180.0,88.02873104549082,540.0,264.08619313647245,0,base,1,1,8037,497.03,29.62,363.0,11.0,1,0,0.0,681.6,681.6,681.6,681.6,6763.2,yes,yes,6763.2,yes,yes,6763.2,yes,yes,6763.2,yes,yes,no,yes,no,yes,no,yes,no,yes,yes,yes,yes,yes,yes,yes,yes,yes,no,yes,no,yes,no,yes,no,yes,no,yes,no,yes,no,yes,no,yes
52,Ostseekino,Ostseekino_Bastorf_15.csv,1637.4,705.3,752.1,0,Ostseekino_Bastorf_18.csv,1637.4,705.3,752.1,0,Ostseekino_Bastorf_21.csv,1637.4,705.3,752.1,0,221.2,763.9,Kühlungsborn,POINT (11.724668988614287 54.14479512550946),1425.2001779647371,779.7239142191298,,4912.200000000001,0.4761963565525405,0.4761963565525405,0.4761963565525405,0.4761963565525405,4691.000000000001,foot,763.9,car,180.0,89.00696225723708,foot,763.9,car,180.0,89.00696225723708,foot,763.9,car,180.0,89.00696225723708,540.0,267.0208867717112,903,base,1,1,8037,497.03,29.62,363.0,11.0,1,0,0.0,763.9,763.9,763.9,763.9,6927.8,no,yes,6927.8,no,yes,6927.8,no,yes,6927.8,no,yes,no,yes,no,yes,no,yes,no,yes,yes,yes,yes,yes,yes,yes,yes,yes,no,yes,no,yes,no,yes,no,yes,no,yes,no,yes,no,yes,no,yes
53,Ostseekino,"Ostseekino_Kühlungsborn,Ost_15.csv",1645.8,713.7,752.1,0,"Ostseekino_Kühlungsborn,Ost_18.csv",1645.8,713.7,752.1,0,"Ostseekino_Kühlungsborn,Ost_21.csv",1645.8,713.7,752.1,0,322.8,763.3,Kühlungsborn,POINT (11.732216799999998 54.1521044),1600.065667040387,767.9090154474834,,4937.4,0.4665870795038786,0.4665870795038786,0.4665870795038786,0.4665870795038787,4614.599999999999,foot,763.3,car,179.99999999999977,89.06306963179001,foot,763.3,car,179.99999999999977,89.06306963179001,foot,763.3,car,179.99999999999977,89.06306963179001,539.9999999999993,267.18920889537003,0,base,1,1,8037,497.03,29.62,363.0,11.0,1,0,0.0,763.3,763.3,763.3,763.2999999999998,6926.6,no,yes,6926.6,no,yes,6926.6,no,yes,6926.599999999999,no,yes,no,yes,no,yes,no,yes,no,yes,yes,yes,yes,yes,yes,yes,yes,yes,no,yes,no,yes,no,yes,no,yes,no,yes,no,yes,no,yes,no,yes
54,Ostseekino,Ostseekino_Bastorf_15.csv,1757.4,825.3,752.1,0,Ostseekino_Bastorf_18.csv,1757.4,825.3,752.1,0,Ostseekino_Bastorf_21.csv,1757.4,825.3,752.1,0,360.4,1135.2,Kühlungsborn,POINT (11.725584550000002 54.14168265),1268.1913018220828,1127.2352718290529,,5272.200000000001,0.6414221417031142,0.6414221417031142,0.6414221417031142,0.6414221417031142,4911.800000000001,foot,1135.2,car,180.0,89.7575964493001,foot,1135.2,car,180.0,89.7575964493001,foot,1135.2,car,180.0,89.7575964493001,540.0,269.2727893479003,903,base,1,1,8037,497.03,29.62,363.0,11.0,1,0,0.0,1135.2,1135.2,1135.2,1135.2,7670.4,no,yes,7670.4,no,yes,7670.4,no,yes,7670.4,no,yes,no,yes,no,yes,no,yes,no,yes,yes,yes,yes,yes,yes,yes,yes,yes,no,yes,no,yes,no,yes,no,yes,no,yes,no,yes,no,yes,no,yes
55,Ostseekino,"Ostseekino_Kühlungsborn,Fulgen_15.csv",2174.6,1242.5,752.1,0,"Ostseekino_Kühlungsborn,Fulgen_18.csv",2174.6,1242.5,752.1,0,"Ostseekino_Kühlungsborn,Fulgen_21.csv",2174.6,1242.5,752.1,0,400.4,2259.1,Kühlungsborn,POINT (11.750927268688832 54.13931779446401),409.3475568947204,2396.586067573728,,6523.799999999999,1.102081333382566,1.102081333382566,1.102081333382566,1.102081333382566,6123.4,transit,2174.6,car,180.0,91.72261565345352,transit,2174.6,car,180.0,91.72261565345352,transit,2174.6,car,180.0,91.72261565345352,540.0,275.1678469603605,1346,base,1,1,8037,497.03,29.62,363.0,11.0,1,0,0.0,2174.6,2174.6,2174.6,2174.6,9749.2,no,yes,9749.2,no,yes,9749.2,no,yes,9749.2,no,yes,no,yes,no,yes,no,yes,no,yes,no,yes,no,yes,no,yes,no,yes,no,yes,no,yes,no,yes,no,yes,no,yes,no,yes,no,yes,no,yes
56,Ostseekino,Ostseekino_KühlungsbornZurAsbeck_15.csv,1662.9,730.8,752.1,0,Ostseekino_KühlungsbornZurAsbeck_18.csv,1662.9,730.8,752.1,0,Ostseekino_KühlungsbornZurAsbeck_21.csv,1662.9,730.8,752.1,0,522.1,2084.6,Kühlungsborn,POINT (11.7587853779035 54.15010030012226),1475.3251228653169,2503.4235665392857,,4988.700000000001,1.5054564715492726,1.5054564715492726,1.5054564715492726,1.5054564715492726,4466.6,transit,1662.9,car,180.0,89.17553671297132,transit,1662.9,car,180.0,89.17553671297132,transit,1662.9,car,180.0,89.17553671297132,540.0,267.52661013891395,0,base,1,1,8037,497.03,29.62,363.0,11.0,1,0,0.0,1662.9,1662.9,1662.9,1662.9000000000003,8725.8,no,yes,8725.8,no,yes,8725.8,no,yes,8725.800000000001,no,yes,no,yes,no,yes,no,yes,no,yes,no,yes,no,yes,no,yes,no,yes,no,yes,no,yes,no,yes,no,yes,no,yes,no,yes,no,yes,no,yes
57,Ostseekino,"Ostseekino_Kühlungsborn,Schloßstraße_15.csv",1781.0,908.9,752.1,0,"Ostseekino_Kühlungsborn,Schloßstraße_18.csv",1781.0,908.9,752.1,0,"Ostseekino_Kühlungsborn,Schloßstraße_21.csv",1781.0,908.9,752.1,0,570.5,1585.2,Kühlungsborn,POINT (11.750081008586188 54.152577757749604),1471.5534160127054,1935.378379127348,,5343.0,1.0866807294370286,1.0866807294370286,1.0866807294370286,1.0866807294370286,4772.5,foot,1585.2,car,120.0,93.26221224031444,foot,1585.2,car,120.0,93.26221224031444,foot,1585.2,car,120.0,93.26221224031444,360.0,279.7866367209433,25,base,1,1,8037,497.03,29.62,363.0,11.0,1,0,0.0,1585.2,1585.2,1585.2,1585.2,8570.4,no,yes,8570.4,no,yes,8570.4,no,yes,8570.4,no,yes,no,yes,no,yes,no,yes,no,yes,no,yes,no,yes,no,yes,no,yes,no,yes,no,yes,no,yes,no,yes,no,yes,no,yes,no,yes,no,yes
58,Ostseekino,"Ostseekino_Kühlungsborn,Friedhof_15.csv",2553.9,1621.8,752.1,0,"Ostseekino_Kühlungsborn,Friedhof_18.csv",2553.9,1621.8,752.1,0,"Ostseekino_Kühlungsborn,Friedhof_21.csv",2553.9,1621.8,752.1,0,466.8,2638.5,Kühlungsborn,POINT (11.751560503553739 54.134054949627135),775.296582167222,2797.230235785752,,7661.700000000001,1.0952779027314117,1.0952779027314117,1.0952779027314117,1.0952779027314117,7194.900000000001,transit,2553.9,car,180.0,92.95195583225656,transit,2553.9,car,180.0,92.95195583225656,transit,2553.9,car,180.0,92.95195583225656,540.0,278.8558674967697,1346,base,1,1,8037,497.03,29.62,363.0,11.0,1,0,0.0,2553.9,2553.9,2553.9,2553.9,10507.8,no,yes,10507.8,no,yes,10507.8,no,yes,10507.8,no,yes,no,yes,no,yes,no,yes,no,yes,no,yes,no,yes,no,yes,no,yes,no,yes,no,yes,no,yes,no,yes,no,yes,no,yes,no,yes,no,yes
59,Ostseekino,Ostseekino_KühlungsbornZurAsbeck_15.csv,1730.6,858.5,752.1,0,Ostseekino_KühlungsbornZurAsbeck_18.csv,1730.6,858.5,752.1,0,Ostseekino_KühlungsbornZurAsbeck_21.csv,1730.6,858.5,752.1,0,481.9,2273.9,Kühlungsborn,POINT (11.756403255671556 54.14136660545023),785.6831498036216,2594.863954313344,,5191.799999999999,1.4994013372895785,1.4994013372895785,1.4994013372895785,1.4994013372895785,4709.9,transit,1730.6,car,120.0,93.06598867444816,transit,1730.6,car,120.0,93.06598867444816,transit,1730.6,car,120.0,93.06598867444816,360.0,279.1979660233445,1296,base,1,1,8037,497.03,29.62,363.0,11.0,1,0,0.0,1730.6,1730.6,1730.6,1730.5999999999997,8861.2,no,yes,8861.2,no,yes,8861.2,no,yes,8861.199999999999,no,yes,no,yes,no,yes,no,yes,no,yes,no,yes,no,yes,no,yes,no,yes,no,yes,no,yes,no,yes,no,yes,no,yes,no,yes,no,yes,no,yes
60,Ostseekino,"Ostseekino_Kühlungsborn,Mitte_15.csv",2726.2,408.0,2078.2,0,"Ostseekino_Kühlungsborn,Mitte_18.csv",2726.2,408.0,2078.2,0,"Ostseekino_Kühlungsborn,Mitte_21.csv",2726.2,408.0,2078.2,0,256.3,936.9,Kühlungsborn,POINT (11.7211016 54.14433534999999),1625.1523511386436,783.4097692207067,,8178.599999999999,0.2873632782703788,0.2873632782703788,0.2873632782703788,0.2873632782703788,7922.299999999999,foot,936.9,car,240.0,91.19653730467316,foot,936.9,car,240.0,91.19653730467316,foot,936.9,car,240.0,91.19653730467316,720.0,273.58961191401954,1416,base,1,1,8037,497.03,29.62,363.0,11.0,1,0,0.0,936.9,936.9,936.9,936.9,7273.8,no,yes,7273.8,no,yes,7273.8,no,yes,7273.8,no,yes,no,yes,no,yes,no,yes,no,yes,yes,yes,yes,yes,yes,yes,yes,yes,no,yes,no,yes,no,yes,no,yes,no,yes,no,yes,no,yes,no,yes
61,Ostseekino,Ostseekino_KühlungsbornZurAsbeck_15.csv,1829.1,957.0,752.1,0,Ostseekino_KühlungsbornZurAsbeck_18.csv,1829.1,957.0,752.1,0,Ostseekino_KühlungsbornZurAsbeck_21.csv,1829.1,957.0,752.1,0,514.7,2372.4,Kühlungsborn,POINT (11.758000530431696 54.140409633798406),872.1164567220416,2735.3463305768223,,5487.299999999999,1.4954602430576909,1.4954602430576909,1.4954602430576909,1.4954602430576909,4972.599999999999,transit,1829.1,car,120.0,93.43939642447104,transit,1829.1,car,120.0,93.43939642447104,transit,1829.1,car,120.0,93.43939642447104,360.0,280.3181892734131,1296,base,1,1,8037,497.03,29.62,363.0,11.0,1,0,0.0,1829.1,1829.1,1829.1,1829.0999999999997,9058.2,no,yes,9058.2,no,yes,9058.2,no,yes,9058.199999999999,no,yes,no,yes,no,yes,no,yes,no,yes,no,yes,no,yes,no,yes,no,yes,no,yes,no,yes,no,yes,no,yes,no,yes,no,yes,no,yes,no,yes
62,Ostseekino,"Ostseekino_Kühlungsborn,Schulzentrum_15.csv",1516.0,643.9,752.1,0,"Ostseekino_Kühlungsborn,Schulzentrum_18.csv",1516.0,643.9,752.1,0,"Ostseekino_Kühlungsborn,Schulzentrum_21.csv",1516.0,643.9,752.1,0,386.4,2131.3,Kühlungsborn,POINT (11.752403483285748 54.14203700259019),564.384019528085,2327.1681384873373,,4548.0,1.5350713314560271,1.5350713314560271,1.5350713314560271,1.535071331456027,4161.6,transit,1516.0,car,120.0,92.0844327176781,transit,1516.0,car,120.0,92.0844327176781,transit,1516.0,car,120.0,92.0844327176781,360.0,276.2532981530343,1296,base,1,1,8037,497.03,29.62,363.0,11.0,1,0,0.0,1516.0,1516.0,1516.0,1516.0,8432.0,no,yes,8432.0,no,yes,8432.0,no,yes,8432.0,no,yes,no,yes,no,yes,no,yes,no,yes,no,yes,no,yes,no,yes,no,yes,no,yes,no,yes,no,yes,no,yes,no,yes,no,yes,no,yes,no,yes
63,Ostseekino,"Ostseekino_Kühlungsborn,PflegeWohnPark_15.csv",1882.7,950.6,752.1,0,"Ostseekino_Kühlungsborn,PflegeWohnPark_18.csv",1882.7,950.6,752.1,0,"Ostseekino_Kühlungsborn,PflegeWohnPark_21.csv",1882.7,950.6,752.1,0,619.0,2485.7,Kühlungsborn,POINT (11.767326842546257 54.150022442243056),1869.5908396589343,3061.202000616045,,5648.1,1.625963775756119,1.625963775756119,1.625963775756119,1.625963775756119,5029.1,transit,1882.7,car,180.0,90.43926276092846,transit,1882.7,car,180.0,90.43926276092846,transit,1882.7,car,180.0,90.43926276092846,540.0,271.3177882827854,0,base,1,1,8037,497.03,29.62,363.0,11.0,1,0,0.0,1882.7,1882.7,1882.7,1882.7,9165.4,no,yes,9165.4,no,yes,9165.4,no,yes,9165.4,no,yes,no,yes,no,yes,no,yes,no,yes,no,yes,no,yes,no,yes,no,yes,no,yes,no,yes,no,yes,no,yes,no,yes,no,yes,no,yes,no,yes
64,Ostseekino,Ostseekino_KühlungsbornOsttrainstation_15.csv,1369.1,437.0,752.1,0,Ostseekino_KühlungsbornOsttrainstation_18.csv,1369.1,437.0,752.1,0,Ostseekino_KühlungsbornOsttrainstation_21.csv,1369.1,437.0,752.1,0,339.1,1453.6,Kühlungsborn,POINT (11.734244627261887 54.140659356963624),691.2753510041199,1491.0154737621624,,4107.299999999999,1.0890478955241856,1.0890478955241856,1.0890478955241856,1.0890478955241856,3768.2,transit,1369.1,car,180.0,86.85267694105616,transit,1369.1,car,180.0,86.85267694105616,transit,1369.1,car,180.0,86.85267694105616,540.0,260.55803082316845,903,base,1,1,8037,497.03,29.62,363.0,11.0,1,0,0.0,1369.1,1369.1,1369.1,1369.0999999999997,8138.2,no,yes,8138.2,no,yes,8138.2,no,yes,8138.199999999999,no,yes,no,yes,no,yes,no,yes,no,yes,no,yes,no,yes,no,yes,no,yes,no,yes,no,yes,no,yes,no,yes,no,yes,no,yes,no,yes,no,yes
65,Ostseekino,"Ostseekino_Kühlungsborn,PflegeWohnPark_15.csv",1776.5,844.4,752.1,0,"Ostseekino_Kühlungsborn,PflegeWohnPark_18.csv",1776.5,844.4,752.1,0,"Ostseekino_Kühlungsborn,PflegeWohnPark_21.csv",1776.5,844.4,752.1,0,573.4,2578.8,Kühlungsborn,POINT (11.766991714625265 54.1466147769686),1645.254512225196,3081.489956756872,,5329.5,1.7345848335248364,1.7345848335248364,1.7345848335248364,1.7345848335248364,4756.1,transit,1776.5,car,180.0,89.86771742189698,transit,1776.5,car,180.0,89.86771742189698,transit,1776.5,car,180.0,89.86771742189698,540.0,269.60315226569094,1296,base,1,1,8037,497.03,29.62,363.0,11.0,1,0,0.0,1776.5,1776.5,1776.5,1776.5,8953.0,no,yes,8953.0,no,yes,8953.0,no,yes,8953.0,no,yes,no,yes,no,yes,no,yes,no,yes,no,yes,no,yes,no,yes,no,yes,no,yes,no,yes,no,yes,no,yes,no,yes,no,yes,no,yes,no,yes
66,Ostseekino,Ostseekino_KühlungsbornZurAsbeck_15.csv,1522.1,650.0,752.1,0,Ostseekino_KühlungsbornZurAsbeck_18.csv,1522.1,650.0,752.1,0,Ostseekino_KühlungsbornZurAsbeck_21.csv,1522.1,650.0,752.1,0,413.1,2065.4,Kühlungsborn,POINT (11.753632080535306 54.14210775245332),640.2026291181854,2395.884413558077,,4566.299999999999,1.574065050626159,1.574065050626159,1.574065050626159,1.574065050626159,4153.199999999999,transit,1522.1,car,120.0,92.11615531174036,transit,1522.1,car,120.0,92.11615531174036,transit,1522.1,car,120.0,92.11615531174036,360.0,276.3484659352211,1296,base,1,1,8037,497.03,29.62,363.0,11.0,1,0,0.0,1522.1,1522.1,1522.1,1522.0999999999997,8444.2,no,yes,8444.2,no,yes,8444.2,no,yes,8444.199999999999,no,yes,no,yes,no,yes,no,yes,no,yes,no,yes,no,yes,no,yes,no,yes,no,yes,no,yes,no,yes,no,yes,no,yes,no,yes,no,yes,no,yes
67,Ostseekino,"Ostseekino_Kühlungsborn,Schloßstraße_15.csv",1831.8,899.7,752.1,0,"Ostseekino_Kühlungsborn,Schloßstraße_18.csv",1831.8,899.7,752.1,0,"Ostseekino_Kühlungsborn,Schloßstraße_21.csv",1831.8,899.7,752.1,0,77.4,226.9,Kühlungsborn,POINT (11.721931478350356 54.15144474243611),1977.925847200178,91.91171423748077,,5495.4,0.0501756273815267,0.0501756273815267,0.0501756273815267,0.0501756273815268,5418.0,foot,226.9,car,179.99999999999977,90.17359973796268,foot,226.9,car,179.99999999999977,90.17359973796268,foot,226.9,car,179.99999999999977,90.17359973796268,539.9999999999993,270.52079921388804,0,base,1,1,8037,497.03,29.62,363.0,11.0,1,0,0.0,226.9,226.9,226.9,226.9,5853.8,yes,yes,5853.8,yes,yes,5853.8,yes,yes,5853.8,yes,yes,yes,yes,yes,yes,yes,yes,yes,yes,yes,yes,yes,yes,yes,yes,yes,yes,yes,yes,yes,yes,yes,yes,yes,yes,yes,yes,yes,yes,yes,yes,yes,yes
68,Ostseekino,Ostseekino_KühlungsbornOsttrainstation_15.csv,1399.5,467.4,752.1,0,Ostseekino_KühlungsbornOsttrainstation_18.csv,1399.5,467.4,752.1,0,Ostseekino_KühlungsbornOsttrainstation_21.csv,1399.5,467.4,752.1,0,216.8,755.1,Kühlungsborn,POINT (11.7265853 54.14690085),1427.4370432802327,635.1828715374907,,4198.5,0.4538641454358633,0.4538641454358633,0.4538641454358633,0.4538641454358633,3981.7,foot,755.1,car,180.0,87.13826366559485,foot,755.1,car,180.0,87.13826366559485,foot,755.1,car,180.0,87.13826366559485,540.0,261.4147909967845,903,base,1,1,8037,497.03,29.62,363.0,11.0,1,0,0.0,755.1,755.1,755.1,755.1,6910.2,no,yes,6910.2,no,yes,6910.2,no,yes,6910.2,no,yes,no,yes,no,yes,no,yes,no,yes,yes,yes,yes,yes,yes,yes,yes,yes,no,yes,no,yes,no,yes,no,yes,no,yes,no,yes,no,yes,no,yes
69,Ostseekino,"Ostseekino_Kühlungsborn,Mitte_15.csv",2722.1,403.9,2078.2,0,"Ostseekino_Kühlungsborn,Mitte_18.csv",2722.1,403.9,2078.2,0,"Ostseekino_Kühlungsborn,Mitte_21.csv",2722.1,403.9,2078.2,0,254.9,932.8,Kühlungsborn,POINT (11.72118435 54.14393205),1606.4169366758229,828.5124682057535,,8166.299999999999,0.3043651843083478,0.3043651843083478,0.3043651843083478,0.3043651843083478,7911.4,foot,932.8,car,240.0,91.18327761654604,foot,932.8,car,240.0,91.18327761654604,foot,932.8,car,240.0,91.18327761654604,720.0,273.54983284963816,1416,base,1,1,8037,497.03,29.62,363.0,11.0,1,0,0.0,932.8,932.8,932.8,932.7999999999998,7265.6,no,yes,7265.6,no,yes,7265.6,no,yes,7265.599999999999,no,yes,no,yes,no,yes,no,yes,no,yes,yes,yes,yes,yes,yes,yes,yes,yes,no,yes,no,yes,no,yes,no,yes,no,yes,no,yes,no,yes,no,yes
70,Ostseekino,Ostseekino_KühlungsbornOsttrainstation_15.csv,1516.4,584.3,752.1,0,Ostseekino_KühlungsbornOsttrainstation_18.csv,1516.4,584.3,752.1,0,Ostseekino_KühlungsbornOsttrainstation_21.csv,1516.4,584.3,752.1,0,417.1,1230.6,Kühlungsborn,POINT (11.72920505 54.14267435),1064.3589057080508,1121.2097465981851,,4549.200000000001,0.7393891760737173,0.7393891760737173,0.7393891760737173,0.7393891760737173,4132.1,foot,1230.6,car,180.0,88.12978106040623,foot,1230.6,car,180.0,88.12978106040623,foot,1230.6,car,180.0,88.12978106040623,540.0,264.3893431812187,903,base,1,1,8037,497.03,29.62,363.0,11.0,1,0,0.0,1230.6,1230.6,1230.6,1230.6,7861.2,no,yes,7861.2,no,yes,7861.2,no,yes,7861.2,no,yes,no,yes,no,yes,no,yes,no,yes,yes,yes,yes,yes,yes,yes,yes,yes,no,yes,no,yes,no,yes,no,yes,no,yes,no,yes,no,yes,no,yes
71,Ostseekino,Ostseekino_KühlungsbornZurAsbeck_15.csv,1510.7,578.6,752.1,0,Ostseekino_KühlungsbornZurAsbeck_18.csv,1510.7,578.6,752.1,0,Ostseekino_KühlungsbornZurAsbeck_21.csv,1510.7,578.6,752.1,0,514.7,2213.2,Kühlungsborn,POINT (11.760474758253581 54.1478478574327),1369.8794046763485,2639.119918831875,,4532.1,1.746951690495714,1.746951690495714,1.746951690495714,1.746951690495714,4017.400000000001,transit,1510.7,car,180.0,88.08499371152446,transit,1510.7,car,180.0,88.08499371152446,transit,1510.7,car,180.0,88.08499371152446,540.0,264.25498113457337,1296,base,1,1,8037,497.03,29.62,363.0,11.0,1,0,0.0,1510.7,1510.7,1510.7,1510.7,8421.4,no,yes,8421.4,no,yes,8421.4,no,yes,8421.4,no,yes,no,yes,no,yes,no,yes,no,yes,no,yes,no,yes,no,yes,no,yes,no,yes,no,yes,no,yes,no,yes,no,yes,no,yes,no,yes,no,yes
72,Ostseekino,"Ostseekino_Kühlungsborn,PflegeWohnPark_15.csv",1809.0,876.9,752.1,0,"Ostseekino_Kühlungsborn,PflegeWohnPark_18.csv",1809.0,876.9,752.1,0,"Ostseekino_Kühlungsborn,PflegeWohnPark_21.csv",1809.0,876.9,752.1,0,669.2,2672.4,Kühlungsborn,POINT (11.766707037096992 54.1444418213902),1530.1734717384331,3114.1236421983235,,5427.0,1.7214613831942087,1.7214613831942087,1.7214613831942087,1.721461383194209,4757.8,transit,1809.0,car,180.0,90.04975124378109,transit,1809.0,car,180.0,90.04975124378109,transit,1809.0,car,180.0,90.04975124378109,540.0,270.14925373134326,1296,base,1,1,8037,497.03,29.62,363.0,11.0,1,0,0.0,1809.0,1809.0,1809.0,1809.0,9018.0,no,yes,9018.0,no,yes,9018.0,no,yes,9018.0,no,yes,no,yes,no,yes,no,yes,no,yes,no,yes,no,yes,no,yes,no,yes,no,yes,no,yes,no,yes,no,yes,no,yes,no,yes,no,yes,no,yes
73,Ostseekino,"Ostseekino_Kühlungsborn,Schloßstraße_15.csv",1914.9,982.8,752.1,0,"Ostseekino_Kühlungsborn,Schloßstraße_18.csv",1914.9,982.8,752.1,0,"Ostseekino_Kühlungsborn,Schloßstraße_21.csv",1914.9,982.8,752.1,0,479.8,1313.3,Kühlungsborn,POINT (11.745005148071899 54.15244346793169),1414.196844966558,1603.528421837785,,5744.700000000001,0.8373953845306725,0.8373953845306725,0.8373953845306725,0.8373953845306725,5264.900000000001,foot,1313.3,car,180.0,90.60003133322888,foot,1313.3,car,180.0,90.60003133322888,foot,1313.3,car,180.0,90.60003133322888,540.0,271.8000939996866,25,base,1,1,8037,497.03,29.62,363.0,11.0,1,0,0.0,1313.3,1313.3,1313.3,1313.3,8026.6,no,yes,8026.6,no,yes,8026.6,no,yes,8026.6,no,yes,no,yes,no,yes,no,yes,no,yes,no,yes,no,yes,no,yes,no,yes,no,yes,no,yes,no,yes,no,yes,no,yes,no,yes,no,yes,no,yes
74,Ostseekino,"Ostseekino_Kühlungsborn,PflegeWohnPark_15.csv",1790.3,858.2,752.1,0,"Ostseekino_Kühlungsborn,PflegeWohnPark_18.csv",1790.3,858.2,752.1,0,"Ostseekino_Kühlungsborn,PflegeWohnPark_21.csv",1790.3,858.2,752.1,0,576.2,2592.6,Kühlungsborn,POINT (11.767126667313951 54.146460501786024),1645.1897451530645,3093.1679342263483,,5370.9,1.7277372140012,1.7277372140012,1.7277372140012,1.7277372140011995,4794.7,transit,1790.3,car,179.99999999999977,89.94581913645759,transit,1790.3,car,179.99999999999977,89.94581913645759,transit,1790.3,car,179.99999999999977,89.94581913645759,539.9999999999993,269.83745740937275,1296,base,1,1,8037,497.03,29.62,363.0,11.0,1,0,0.0,1790.3,1790.3,1790.3,1790.3,8980.6,no,yes,8980.6,no,yes,8980.6,no,yes,8980.6,no,yes,no,yes,no,yes,no,yes,no,yes,no,yes,no,yes,no,yes,no,yes,no,yes,no,yes,no,yes,no,yes,no,yes,no,yes,no,yes,no,yes
75,Ostseekino,"Ostseekino_Kühlungsborn,PflegeWohnPark_15.csv",1716.4,544.3,752.1,0,"Ostseekino_Kühlungsborn,PflegeWohnPark_18.csv",1716.4,544.3,752.1,0,"Ostseekino_Kühlungsborn,PflegeWohnPark_21.csv",1716.4,544.3,752.1,0,580.9,2596.5,Kühlungsborn,POINT (11.7660446680984 54.146870133223274),1604.5917896648464,3015.6900044934355,,5149.200000000001,1.756985553771519,1.756985553771519,1.756985553771519,1.756985553771519,4568.300000000001,transit,1716.4,car,420.0,75.53017944535074,transit,1716.4,car,420.0,75.53017944535074,transit,1716.4,car,420.0,75.53017944535074,1260.0,226.59053833605225,1296,base,1,1,8037,497.03,29.62,363.0,11.0,1,0,0.0,1716.4,1716.4,1716.4,1716.4000000000003,8832.8,no,yes,8832.8,no,yes,8832.8,no,yes,8832.800000000001,no,yes,no,yes,no,yes,no,yes,no,yes,no,yes,no,yes,no,yes,no,yes,no,yes,no,yes,no,yes,no,yes,no,yes,no,yes,no,yes,no,yes
76,Ostseekino,"Ostseekino_Wittenbeck,NasseEcke_15.csv",1745.9,813.8,752.1,0,"Ostseekino_Wittenbeck,NasseEcke_18.csv",1745.9,813.8,752.1,0,"Ostseekino_Wittenbeck,NasseEcke_21.csv",1745.9,813.8,752.1,0,573.4,2526.8,Kühlungsborn,POINT (11.765896142022752 54.148607931193254),1700.6255582948008,2979.970660129767,,5237.700000000001,1.7068392577637703,1.7068392577637703,1.7068392577637703,1.7068392577637708,4664.300000000001,transit,1745.9,car,180.0,89.69013116444242,transit,1745.9,car,180.0,89.69013116444242,transit,1745.9,car,180.0,89.69013116444242,540.0,269.0703934933273,0,base,1,1,8037,497.03,29.62,363.0,11.0,1,0,0.0,1745.9,1745.9,1745.9,1745.9000000000003,8891.8,no,yes,8891.8,no,yes,8891.8,no,yes,8891.800000000001,no,yes,no,yes,no,yes,no,yes,no,yes,no,yes,no,yes,no,yes,no,yes,no,yes,no,yes,no,yes,no,yes,no,yes,no,yes,no,yes,no,yes
77,Ostseekino,Ostseekino_KühlungsbornZurAsbeck_15.csv,1470.3,538.2,752.1,0,Ostseekino_KühlungsbornZurAsbeck_18.csv,1470.3,538.2,752.1,0,Ostseekino_KühlungsbornZurAsbeck_21.csv,1470.3,538.2,752.1,0,552.2,2333.7,Kühlungsborn,POINT (11.761706850000001 54.146305250000005),1329.8842749392877,2748.794994232081,,4410.9,1.869547027295165,1.869547027295165,1.869547027295165,1.869547027295165,3858.7,transit,1470.3,car,179.99999999999977,87.757600489696,transit,1470.3,car,179.99999999999977,87.757600489696,transit,1470.3,car,179.99999999999977,87.757600489696,539.9999999999993,263.272801469088,1296,base,1,1,8037,497.03,29.62,363.0,11.0,1,0,0.0,1470.3,1470.3,1470.3,1470.3,8340.6,no,yes,8340.6,no,yes,8340.6,no,yes,8340.6,no,yes,no,yes,no,yes,no,yes,no,yes,no,yes,no,yes,no,yes,no,yes,no,yes,no,yes,no,yes,no,yes,no,yes,no,yes,no,yes,no,yes
78,Ostseekino,Ostseekino_KühlungsbornZurAsbeck_15.csv,1798.9,926.8,752.1,0,Ostseekino_KühlungsbornZurAsbeck_18.csv,1798.9,926.8,752.1,0,Ostseekino_KühlungsbornZurAsbeck_21.csv,1798.9,926.8,752.1,0,518.8,2342.2,Kühlungsborn,POINT (11.756081020281876 54.140286864176595),745.9638232450311,2630.047410105096,,5396.700000000001,1.4620309133943497,1.4620309133943497,1.4620309133943497,1.4620309133943497,4877.900000000001,transit,1798.9,car,120.0,93.3292567680249,transit,1798.9,car,120.0,93.3292567680249,transit,1798.9,car,120.0,93.3292567680249,360.0,279.9877703040748,1296,base,1,1,8037,497.03,29.62,363.0,11.0,1,0,0.0,1798.9,1798.9,1798.9,1798.9000000000003,8997.8,no,yes,8997.8,no,yes,8997.8,no,yes,8997.800000000001,no,yes,no,yes,no,yes,no,yes,no,yes,no,yes,no,yes,no,yes,no,yes,no,yes,no,yes,no,yes,no,yes,no,yes,no,yes,no,yes,no,yes
79,Ostseekino,Ostseekino_KühlungsbornZurAsbeck_15.csv,1313.8,381.7,752.1,0,Ostseekino_KühlungsbornZurAsbeck_18.csv,1313.8,381.7,752.1,0,Ostseekino_KühlungsbornZurAsbeck_21.csv,1313.8,381.7,752.1,0,488.2,2158.0,Kühlungsborn,POINT (11.759434448699688 54.14633681599585),1210.7015551392017,2602.8824725977865,,3941.4,1.9811862327582483,1.9811862327582483,1.9811862327582483,1.9811862327582483,3453.2,transit,1313.8,car,180.0,86.29928451819151,transit,1313.8,car,180.0,86.29928451819151,transit,1313.8,car,180.0,86.29928451819151,540.0,258.89785355457457,1296,base,1,1,8037,497.03,29.62,363.0,11.0,1,0,0.0,1313.8,1313.8,1313.8,1313.8,8027.6,no,yes,8027.6,no,yes,8027.6,no,yes,8027.6,no,yes,no,yes,no,yes,no,yes,no,yes,no,yes,no,yes,no,yes,no,yes,no,yes,no,yes,no,yes,no,yes,no,yes,no,yes,no,yes,no,yes
80,Ostseekino,Ostseekino_KühlungsbornOsttrainstation_15.csv,1508.2,576.1,752.1,0,Ostseekino_KühlungsbornOsttrainstation_18.csv,1508.2,576.1,752.1,0,Ostseekino_KühlungsbornOsttrainstation_21.csv,1508.2,576.1,752.1,0,414.5,1277.2,Kühlungsborn,POINT (11.72994108153636 54.142175284595),1002.2590706109032,1193.528693223857,,4524.6,0.7913596958121317,0.7913596958121317,0.7913596958121317,0.7913596958121318,4110.1,foot,1277.2,car,180.0,88.06524333642753,foot,1277.2,car,180.0,88.06524333642753,foot,1277.2,car,180.0,88.06524333642753,540.0,264.19573000928256,903,base,1,1,8037,497.03,29.62,363.0,11.0,1,0,0.0,1277.2,1277.2,1277.2,1277.2,7954.4,no,yes,7954.4,no,yes,7954.4,no,yes,7954.4,no,yes,no,yes,no,yes,no,yes,no,yes,yes,yes,yes,yes,yes,yes,yes,yes,no,yes,no,yes,no,yes,no,yes,no,yes,no,yes,no,yes,no,yes
81,Ostseekino,Ostseekino_KühlungsbornOsttrainstation_15.csv,1477.7,545.6,752.1,0,Ostseekino_KühlungsbornOsttrainstation_18.csv,1477.7,545.6,752.1,0,Ostseekino_KühlungsbornOsttrainstation_21.csv,1477.7,545.6,752.1,0,235.5,754.3,Kühlungsborn,POINT (11.729777948164548 54.14944452254817),1455.499134868841,640.8949046312503,,4433.1,0.4337111082298506,0.4337111082298506,0.4337111082298506,0.4337111082298506,4197.6,foot,754.3,car,180.0,87.81890776206266,foot,754.3,car,180.0,87.81890776206266,foot,754.3,car,180.0,87.81890776206266,540.0,263.456723286188,0,base,1,1,8037,497.03,29.62,363.0,11.0,1,0,0.0,754.3,754.3,754.3,754.2999999999998,6908.6,no,yes,6908.6,no,yes,6908.6,no,yes,6908.599999999999,no,yes,no,yes,no,yes,no,yes,no,yes,yes,yes,yes,yes,yes,yes,yes,yes,no,yes,no,yes,no,yes,no,yes,no,yes,no,yes,no,yes,no,yes
82,Ostseekino,Ostseekino_KühlungsbornZurAsbeck_15.csv,1429.0,496.9,752.1,0,Ostseekino_KühlungsbornZurAsbeck_18.csv,1429.0,496.9,752.1,0,Ostseekino_KühlungsbornZurAsbeck_21.csv,1429.0,496.9,752.1,0,538.5,2292.4,Kühlungsborn,POINT (11.762083978203375 54.144022398577924),1231.7445520052154,2835.541874344452,,4287.0,1.9842840268330664,1.9842840268330664,1.9842840268330664,1.9842840268330664,3748.5,transit,1429.0,car,180.0,87.40377886634009,transit,1429.0,car,180.0,87.40377886634009,transit,1429.0,car,180.0,87.40377886634009,540.0,262.2113365990203,1296,base,1,1,8037,497.03,29.62,363.0,11.0,1,0,0.0,1429.0,1429.0,1429.0,1429.0,8258.0,no,yes,8258.0,no,yes,8258.0,no,yes,8258.0,no,yes,no,yes,no,yes,no,yes,no,yes,no,yes,no,yes,no,yes,no,yes,no,yes,no,yes,no,yes,no,yes,no,yes,no,yes,no,yes,no,yes
83,Ostseekino,Ostseekino_KühlungsbornZurAsbeck_15.csv,1975.6,1103.5,752.1,0,Ostseekino_KühlungsbornZurAsbeck_18.csv,1975.6,1103.5,752.1,0,Ostseekino_KühlungsbornZurAsbeck_21.csv,1975.6,1103.5,752.1,0,485.8,2518.9,Kühlungsborn,POINT (11.75380804611276 54.13831418653125),615.7178227495318,2615.166583714599,,5926.799999999999,1.3237328324127349,1.3237328324127349,1.3237328324127349,1.3237328324127349,5440.999999999999,transit,1975.6,car,120.0,93.92589593035026,transit,1975.6,car,120.0,93.92589593035026,transit,1975.6,car,120.0,93.92589593035026,360.0,281.7776877910508,330,base,1,1,8037,497.03,29.62,363.0,11.0,1,0,0.0,1975.6,1975.6,1975.6,1975.5999999999997,9351.2,no,yes,9351.2,no,yes,9351.2,no,yes,9351.199999999999,no,yes,no,yes,no,yes,no,yes,no,yes,no,yes,no,yes,no,yes,no,yes,no,yes,no,yes,no,yes,no,yes,no,yes,no,yes,no,yes,no,yes
84,Ostseekino,Ostseekino_KühlungsbornZurAsbeck_15.csv,1713.1,841.0,752.1,0,Ostseekino_KühlungsbornZurAsbeck_18.csv,1713.1,841.0,752.1,0,Ostseekino_KühlungsbornZurAsbeck_21.csv,1713.1,841.0,752.1,0,527.6,2256.4,Kühlungsborn,POINT (11.754560633311273 54.140877653448044),656.4440106312823,2511.473306663019,,5139.299999999999,1.4660401066271782,1.4660401066271782,1.4660401066271782,1.4660401066271782,4611.699999999999,transit,1713.1,car,120.0,92.995154982196,transit,1713.1,car,120.0,92.995154982196,transit,1713.1,car,120.0,92.995154982196,360.0,278.985464946588,1296,base,1,1,8037,497.03,29.62,363.0,11.0,1,0,0.0,1713.1,1713.1,1713.1,1713.0999999999997,8826.2,no,yes,8826.2,no,yes,8826.2,no,yes,8826.199999999999,no,yes,no,yes,no,yes,no,yes,no,yes,no,yes,no,yes,no,yes,no,yes,no,yes,no,yes,no,yes,no,yes,no,yes,no,yes,no,yes,no,yes
85,Ostseekino,Ostseekino_KühlungsbornOsttrainstation_15.csv,1214.2,282.1,752.1,0,Ostseekino_KühlungsbornOsttrainstation_18.csv,1214.2,282.1,752.1,0,Ostseekino_KühlungsbornOsttrainstation_21.csv,1214.2,282.1,752.1,0,289.7,979.1,Kühlungsborn,POINT (11.733792679190884 54.148612495614884),1218.1861280211897,919.0876783437512,,3642.6,0.7569491668125112,0.7569491668125112,0.7569491668125112,0.7569491668125112,3352.9000000000005,foot,979.1,car,180.0,85.1754241475869,foot,979.1,car,180.0,85.1754241475869,foot,979.1,car,180.0,85.1754241475869,540.0,255.52627244276067,903,base,1,1,8037,497.03,29.62,363.0,11.0,1,0,0.0,979.1,979.1,979.1,979.1,7358.2,no,yes,7358.2,no,yes,7358.2,no,yes,7358.2,no,yes,no,yes,no,yes,no,yes,no,yes,yes,yes,yes,yes,yes,yes,yes,yes,no,yes,no,yes,no,yes,no,yes,no,yes,no,yes,no,yes,no,yes
86,Ostseekino,Ostseekino_KühlungsbornZurAsbeck_15.csv,1412.6,480.5,752.1,0,Ostseekino_KühlungsbornZurAsbeck_18.csv,1412.6,480.5,752.1,0,Ostseekino_KühlungsbornZurAsbeck_21.csv,1412.6,480.5,752.1,0,533.0,2276.0,Kühlungsborn,POINT (11.761438360483249 54.14371027538093),1179.502087806537,2805.53750975522,,4237.799999999999,1.986080638365581,1.986080638365581,1.986080638365581,1.986080638365581,3704.7999999999993,transit,1412.6,car,180.0,87.25753928925386,transit,1412.6,car,180.0,87.25753928925386,transit,1412.6,car,180.0,87.25753928925386,540.0,261.7726178677616,1296,base,1,1,8037,497.03,29.62,363.0,11.0,1,0,0.0,1412.6,1412.6,1412.6,1412.5999999999997,8225.2,no,yes,8225.2,no,yes,8225.2,no,yes,8225.199999999999,no,yes,no,yes,no,yes,no,yes,no,yes,no,yes,no,yes,no,yes,no,yes,no,yes,no,yes,no,yes,no,yes,no,yes,no,yes,no,yes,no,yes
87,Ostseekino,Ostseekino_KühlungsbornZurAsbeck_15.csv,1835.7,963.6,752.1,0,Ostseekino_KühlungsbornZurAsbeck_18.csv,1835.7,963.6,752.1,0,Ostseekino_KühlungsbornZurAsbeck_21.csv,1835.7,963.6,752.1,0,513.2,2379.0,Kühlungsborn,POINT (11.75885316632149 54.14209444825821),961.0666900185548,2708.4300300148884,,5507.1,1.4754208367461394,1.4754208367461394,1.4754208367461394,1.4754208367461394,4993.900000000001,transit,1835.7,car,120.0,93.46298414773656,transit,1835.7,car,120.0,93.46298414773656,transit,1835.7,car,120.0,93.46298414773656,360.0,280.38895244320963,1296,base,1,1,8037,497.03,29.62,363.0,11.0,1,0,0.0,1835.7,1835.7,1835.7,1835.7,9071.4,no,yes,9071.4,no,yes,9071.4,no,yes,9071.4,no,yes,no,yes,no,yes,no,yes,no,yes,no,yes,no,yes,no,yes,no,yes,no,yes,no,yes,no,yes,no,yes,no,yes,no,yes,no,yes,no,yes
88,Ostseekino,Ostseekino_KühlungsbornZurAsbeck_15.csv,1724.7,792.6,752.1,0,Ostseekino_KühlungsbornZurAsbeck_18.csv,1724.7,792.6,752.1,0,Ostseekino_KühlungsbornZurAsbeck_21.csv,1724.7,792.6,752.1,0,645.8,1996.8,Kühlungsborn,POINT (11.757706216158969 54.1512766152378),1539.7737422440257,2428.933175115594,,5174.1,1.4083221285531362,1.4083221285531362,1.4083221285531362,1.4083221285531362,4528.3,transit,1724.7,car,180.0,89.56340233084015,transit,1724.7,car,180.0,89.56340233084015,transit,1724.7,car,180.0,89.56340233084015,540.0,268.6902069925204,0,base,1,1,8037,497.03,29.62,363.0,11.0,1,0,0.0,1724.7,1724.7,1724.7,1724.7,8849.4,no,yes,8849.4,no,yes,8849.4,no,yes,8849.4,no,yes,no,yes,no,yes,no,yes,no,yes,no,yes,no,yes,no,yes,no,yes,no,yes,no,yes,no,yes,no,yes,no,yes,no,yes,no,yes,no,yes
89,Ostseekino,Ostseekino_KühlungsbornOsttrainstation_15.csv,1119.0,186.9,752.1,0,Ostseekino_KühlungsbornOsttrainstation_18.csv,1119.0,186.9,752.1,0,Ostseekino_KühlungsbornOsttrainstation_21.csv,1119.0,186.9,752.1,0,294.7,1203.6,Kühlungsborn,POINT (11.73534137836664 54.143863752615225),765.0034363506079,1278.19083505296,,3357.0,1.142261693523646,1.142261693523646,1.142261693523646,1.142261693523646,3062.3,transit,1119.0,car,180.0,83.9142091152815,transit,1119.0,car,180.0,83.9142091152815,transit,1119.0,car,180.0,83.9142091152815,540.0,251.74262734584448,903,base,1,1,8037,497.03,29.62,363.0,11.0,1,0,0.0,1119.0,1119.0,1119.0,1119.0,7638.0,no,yes,7638.0,no,yes,7638.0,no,yes,7638.0,no,yes,no,yes,no,yes,no,yes,no,yes,yes,yes,yes,yes,yes,yes,yes,yes,no,yes,no,yes,no,yes,no,yes,no,yes,no,yes,no,yes,no,yes
90,Ostseekino,Ostseekino_KühlungsbornZurAsbeck_15.csv,2812.2,1880.1,752.1,0,Ostseekino_KühlungsbornZurAsbeck_18.csv,2812.2,1880.1,752.1,0,Ostseekino_KühlungsbornZurAsbeck_21.csv,2812.2,1880.1,752.1,0,506.0,2896.8,Kühlungsborn,POINT (11.753095023613383 54.13081161241806),1134.987775734353,3124.597323709921,,8436.599999999999,1.1110864532074252,1.1110864532074252,1.1110864532074252,1.1110864532074252,7930.5999999999985,transit,2812.2,car,180.0,93.5993172605078,transit,2812.2,car,180.0,93.5993172605078,transit,2812.2,car,180.0,93.5993172605078,540.0,280.7979517815233,35,base,1,1,8037,497.03,29.62,363.0,11.0,1,0,0.0,2812.2,2812.2,2812.2,2812.1999999999994,11024.4,no,yes,11024.4,no,yes,11024.4,no,yes,11024.399999999998,no,yes,no,yes,no,yes,no,yes,no,yes,no,yes,no,yes,no,yes,no,yes,no,yes,no,yes,no,yes,no,yes,no,yes,no,yes,no,yes,no,yes
91,Ostseekino,Ostseekino_KühlungsbornOsttrainstation_15.csv,1293.8,361.7,752.1,0,Ostseekino_KühlungsbornOsttrainstation_18.csv,1293.8,361.7,752.1,0,Ostseekino_KühlungsbornOsttrainstation_21.csv,1293.8,361.7,752.1,0,231.8,765.6,Kühlungsborn,POINT (11.729604131184715 54.14865570149658),1399.570861060361,665.1455276437458,,3881.4,0.5141022782839278,0.5141022782839278,0.5141022782839278,0.5141022782839278,3649.6,foot,765.6,car,180.0,86.08749420312257,foot,765.6,car,180.0,86.08749420312257,foot,765.6,car,180.0,86.08749420312257,540.0,258.26248260936774,903,base,1,1,8037,497.03,29.62,363.0,11.0,1,0,0.0,765.6,765.6,765.6,765.6,6931.2,no,yes,6931.2,no,yes,6931.2,no,yes,6931.2,no,yes,no,yes,no,yes,no,yes,no,yes,yes,yes,yes,yes,yes,yes,yes,yes,no,yes,no,yes,no,yes,no,yes,no,yes,no,yes,no,yes,no,yes
92,Ostseekino,Ostseekino_KühlungsbornOsttrainstation_15.csv,1303.2,371.1,752.1,0,Ostseekino_KühlungsbornOsttrainstation_18.csv,1303.2,371.1,752.1,0,Ostseekino_KühlungsbornOsttrainstation_21.csv,1303.2,371.1,752.1,0,243.9,829.6,Kühlungsborn,POINT (11.7285745 54.14693045),1323.585695039441,721.0530444472116,,3909.6,0.5532942330012366,0.5532942330012366,0.5532942330012366,0.5532942330012366,3665.7,foot,829.6,car,180.0,86.1878453038674,foot,829.6,car,180.0,86.1878453038674,foot,829.6,car,180.0,86.1878453038674,540.0,258.56353591160223,903,base,1,1,8037,497.03,29.62,363.0,11.0,1,0,0.0,829.6,829.6,829.6,829.6,7059.2,no,yes,7059.2,no,yes,7059.2,no,yes,7059.2,no,yes,no,yes,no,yes,no,yes,no,yes,yes,yes,yes,yes,yes,yes,yes,yes,no,yes,no,yes,no,yes,no,yes,no,yes,no,yes,no,yes,no,yes
93,Ostseekino,"Ostseekino_Bastorf,GMZ_15.csv",2895.0,576.8,2078.2,0,"Ostseekino_Bastorf,GMZ_18.csv",2895.0,576.8,2078.2,0,"Ostseekino_Bastorf,GMZ_21.csv",2895.0,576.8,2078.2,0,383.8,1105.7,Kühlungsborn,POINT (11.722487250000002 54.140918199999994),1457.9585674869293,1169.8766600526578,,8685.0,0.4041024732478956,0.4041024732478956,0.4041024732478956,0.4041024732478956,8301.2,foot,1105.7,car,240.0,91.70984455958548,foot,1105.7,car,240.0,91.70984455958548,foot,1105.7,car,240.0,91.70984455958548,720.0,275.1295336787565,903,base,1,1,8037,497.03,29.62,363.0,11.0,1,0,0.0,1105.7,1105.7,1105.7,1105.7,7611.4,no,yes,7611.4,no,yes,7611.4,no,yes,7611.4,no,yes,no,yes,no,yes,no,yes,no,yes,yes,yes,yes,yes,yes,yes,yes,yes,no,yes,no,yes,no,yes,no,yes,no,yes,no,yes,no,yes,no,yes
94,Ostseekino,Ostseekino_KühlungsbornZurAsbeck_15.csv,1422.5,490.4,752.1,0,Ostseekino_KühlungsbornZurAsbeck_18.csv,1422.5,490.4,752.1,0,Ostseekino_KühlungsbornZurAsbeck_21.csv,1422.5,490.4,752.1,0,533.4,2285.9,Kühlungsborn,POINT (11.76156391438146 54.14702652662241),1368.0989539551442,2724.2585025179046,,4267.5,1.915120212666365,1.915120212666365,1.915120212666365,1.915120212666365,3734.1,transit,1422.5,car,180.0,87.34622144112478,transit,1422.5,car,180.0,87.34622144112478,transit,1422.5,car,180.0,87.34622144112478,540.0,262.03866432337435,1296,base,1,1,8037,497.03,29.62,363.0,11.0,1,0,0.0,1422.5,1422.5,1422.5,1422.5,8245.0,no,yes,8245.0,no,yes,8245.0,no,yes,8245.0,no,yes,no,yes,no,yes,no,yes,no,yes,no,yes,no,yes,no,yes,no,yes,no,yes,no,yes,no,yes,no,yes,no,yes,no,yes,no,yes,no,yes
95,Ostseekino,Ostseekino_KühlungsbornZurAsbeck_15.csv,1753.1,881.0,752.1,0,Ostseekino_KühlungsbornZurAsbeck_18.csv,1753.1,881.0,752.1,0,Ostseekino_KühlungsbornZurAsbeck_21.csv,1753.1,881.0,752.1,0,485.7,2296.4,Kühlungsborn,POINT (11.75758490469298 54.14138991732343),861.5625600937805,2663.738715308019,,5259.299999999999,1.519444820779202,1.519444820779202,1.519444820779202,1.519444820779202,4773.599999999999,transit,1753.1,car,120.0,93.15498260224746,transit,1753.1,car,120.0,93.15498260224746,transit,1753.1,car,120.0,93.15498260224746,360.0,279.4649478067424,1296,base,1,1,8037,497.03,29.62,363.0,11.0,1,0,0.0,1753.1,1753.1,1753.1,1753.0999999999997,8906.2,no,yes,8906.2,no,yes,8906.2,no,yes,8906.199999999999,no,yes,no,yes,no,yes,no,yes,no,yes,no,yes,no,yes,no,yes,no,yes,no,yes,no,yes,no,yes,no,yes,no,yes,no,yes,no,yes,no,yes
96,Ostseekino,Ostseekino_KühlungsbornZurAsbeck_15.csv,1371.5,439.4,752.1,0,Ostseekino_KühlungsbornZurAsbeck_18.csv,1371.5,439.4,752.1,0,Ostseekino_KühlungsbornZurAsbeck_21.csv,1371.5,439.4,752.1,0,541.9,2234.9,Kühlungsborn,POINT (11.7607911 54.1465771),1297.816156890492,2684.0753962039253,,4114.5,1.9570363807538649,1.9570363807538649,1.9570363807538649,1.9570363807538649,3572.6,transit,1371.5,car,180.0,86.87568355814801,transit,1371.5,car,180.0,86.87568355814801,transit,1371.5,car,180.0,86.87568355814801,540.0,260.62705067444404,1296,base,1,1,8037,497.03,29.62,363.0,11.0,1,0,0.0,1371.5,1371.5,1371.5,1371.5,8143.0,no,yes,8143.0,no,yes,8143.0,no,yes,8143.0,no,yes,no,yes,no,yes,no,yes,no,yes,no,yes,no,yes,no,yes,no,yes,no,yes,no,yes,no,yes,no,yes,no,yes,no,yes,no,yes,no,yes
97,Ostseekino,Ostseekino_Bastorf_15.csv,1645.1,713.0,752.1,0,Ostseekino_Bastorf_18.csv,1645.1,713.0,752.1,0,Ostseekino_Bastorf_21.csv,1645.1,713.0,752.1,0,216.1,771.5,Kühlungsborn,POINT (11.72375205 54.14493300000001),1486.3423387531584,746.290144230657,,4935.299999999999,0.4536442430433755,0.4536442430433755,0.4536442430433755,0.4536442430433755,4719.199999999999,foot,771.5,car,180.0,89.0584159017689,foot,771.5,car,180.0,89.0584159017689,foot,771.5,car,180.0,89.0584159017689,540.0,267.1752477053067,903,base,1,1,8037,497.03,29.62,363.0,11.0,1,0,0.0,771.5,771.5,771.5,771.5,6943.0,no,yes,6943.0,no,yes,6943.0,no,yes,6943.0,no,yes,no,yes,no,yes,no,yes,no,yes,yes,yes,yes,yes,yes,yes,yes,yes,no,yes,no,yes,no,yes,no,yes,no,yes,no,yes,no,yes,no,yes
98,Ostseekino,"Ostseekino_Kühlungsborn,HotelKühlung_15.csv",1725.2,793.1,752.1,0,"Ostseekino_Kühlungsborn,HotelKühlung_18.csv",1725.2,793.1,752.1,0,"Ostseekino_Kühlungsborn,HotelKühlung_21.csv",1725.2,793.1,752.1,0,637.2,2588.6,Kühlungsborn,POINT (11.7667725 54.142625499999994),1477.5233318385249,3174.3478040583427,,5175.6,1.8399882935650027,1.8399882935650027,1.8399882935650027,1.839988293565003,4538.400000000001,transit,1725.2,car,180.0,89.56642708091816,transit,1725.2,car,180.0,89.56642708091816,transit,1725.2,car,180.0,89.56642708091816,540.0,268.69928124275447,1296,base,1,1,8037,497.03,29.62,363.0,11.0,1,0,0.0,1725.2,1725.2,1725.2,1725.2,8850.4,no,yes,8850.4,no,yes,8850.4,no,yes,8850.4,no,yes,no,yes,no,yes,no,yes,no,yes,no,yes,no,yes,no,yes,no,yes,no,yes,no,yes,no,yes,no,yes,no,yes,no,yes,no,yes,no,yes
99,Ostseekino,"Ostseekino_Kühlungsborn,Schloßstraße_15.csv",1849.7,977.6,752.1,0,"Ostseekino_Kühlungsborn,Schloßstraße_18.csv",1849.7,977.6,752.1,0,"Ostseekino_Kühlungsborn,Schloßstraße_21.csv",1849.7,977.6,752.1,0,560.7,1555.8,Kühlungsborn,POINT (11.75035405727598 54.15261103120703),1479.5006291624695,1953.4339313906944,,5549.1,1.0560814896419388,1.0560814896419388,1.0560814896419388,1.0560814896419388,4988.400000000001,foot,1555.8,car,120.0,93.51246148024003,foot,1555.8,car,120.0,93.51246148024003,foot,1555.8,car,120.0,93.51246148024003,360.0,280.5373844407201,25,base,1,1,8037,497.03,29.62,363.0,11.0,1,0,0.0,1555.8,1555.8,1555.8,1555.8,8511.6,no,yes,8511.6,no,yes,8511.6,no,yes,8511.6,no,yes,no,yes,no,yes,no,yes,no,yes,no,yes,no,yes,no,yes,no,yes,no,yes,no,yes,no,yes,no,yes,no,yes,no,yes,no,yes,no,yes
100,Ostseekino,"Ostseekino_Kühlungsborn,GrünerWeg_15.csv",3422.1,2130.0,752.1,0,"Ostseekino_Kühlungsborn,GrünerWeg_18.csv",3422.1,2130.0,752.1,0,"Ostseekino_Kühlungsborn,GrünerWeg_21.csv",3422.1,2130.0,752.1,0,673.1,4658.8,Kühlungsborn,POINT (11.776462652944389 54.11533172873371),3419.222903558053,5427.073013958127,,10266.3,1.5858896624757102,1.5858896624757102,1.5858896624757102,1.5858896624757102,9593.2,transit,3422.1,car,540.0,84.22021565705269,transit,3422.1,car,540.0,84.22021565705269,transit,3422.1,car,540.0,84.22021565705269,1620.0,252.6606469711581,81,base,1,1,8037,497.03,29.62,363.0,11.0,1,0,0.0,3422.1,3422.1,3422.1,3422.1,12244.2,no,yes,12244.2,no,yes,12244.2,no,yes,12244.2,no,yes,no,yes,no,yes,no,yes,no,yes,no,yes,no,yes,no,yes,no,yes,no,yes,no,yes,no,yes,no,yes,no,yes,no,yes,no,yes,no,yes
101,Ostseekino,"Ostseekino_Kühlungsborn,GrünerWeg_15.csv",2660.4,543.9,1576.5,0,"Ostseekino_Kühlungsborn,GrünerWeg_18.csv",2660.4,543.9,1576.5,0,"Ostseekino_Kühlungsborn,GrünerWeg_21.csv",2660.4,543.9,1576.5,0,585.4,3467.0,Kühlungsborn,POINT (11.778609392446745 54.13312352467445),2335.16523732468,4304.505986348857,,7981.200000000001,1.6179920261422556,1.6179920261422556,1.6179920261422556,1.6179920261422556,7395.800000000001,transit,2660.4,car,540.0,79.70230040595399,transit,2660.4,car,540.0,79.70230040595399,transit,2660.4,car,540.0,79.70230040595399,1620.0,239.106901217862,31,base,1,1,8037,497.03,29.62,363.0,11.0,1,0,0.0,2660.4,2660.4,2660.4,2660.4,10720.8,no,yes,10720.8,no,yes,10720.8,no,yes,10720.8,no,yes,no,yes,no,yes,no,yes,no,yes,no,yes,no,yes,no,yes,no,yes,no,yes,no,yes,no,yes,no,yes,no,yes,no,yes,no,yes,no,yes
102,Ostseekino,Ostseekino_KühlungsbornZurAsbeck_15.csv,2240.4,1368.3,752.1,0,Ostseekino_KühlungsbornZurAsbeck_18.csv,2240.4,1368.3,752.1,0,Ostseekino_KühlungsbornZurAsbeck_21.csv,2240.4,1368.3,752.1,0,,1946.5,Kühlungsborn,POINT (11.757869139810255 54.1541233488113),1817.492082517113,2458.7090342269244,,6721.200000000001,1.0974419899245331,1.0974419899245331,1.0974419899245331,1.0974419899245331,,foot,1946.5,car,120.0,94.64381360471344,foot,1946.5,car,120.0,94.64381360471344,foot,1946.5,car,120.0,94.64381360471344,360.0,283.9314408141404,0,base,1,1,8037,497.03,29.62,363.0,11.0,1,0,0.0,1946.5,1946.5,1946.5,1946.5,9293.0,no,yes,9293.0,no,yes,9293.0,no,yes,9293.0,no,yes,no,yes,no,yes,no,yes,no,yes,no,yes,no,yes,no,yes,no,yes,no,yes,no,yes,no,yes,no,yes,no,yes,no,yes,no,yes,no,yes
103,Ostseekino,"Ostseekino_Kühlungsborn,PflegeWohnPark_15.csv",2870.9,1938.8,752.1,0,"Ostseekino_Kühlungsborn,PflegeWohnPark_18.csv",2870.9,1938.8,752.1,0,"Ostseekino_Kühlungsborn,PflegeWohnPark_21.csv",2870.9,1938.8,752.1,0,409.4,1391.7,Kühlungsborn,POINT (11.6969525 54.150544),3344.2036187272547,1543.2799546899066,,8612.7,0.5375596345013434,0.5375596345013434,0.5375596345013434,0.5375596345013434,8203.300000000001,foot,1391.7,car,180.0,93.73018913929432,foot,1391.7,car,180.0,93.73018913929432,foot,1391.7,car,180.0,93.73018913929432,540.0,281.1905674178829,0,base,1,1,8037,497.03,29.62,363.0,11.0,1,0,0.0,1391.7,1391.7,1391.7,1391.7,8183.4,no,yes,8183.4,no,yes,8183.4,no,yes,8183.4,no,yes,no,yes,no,yes,no,yes,no,yes,no,yes,no,yes,no,yes,no,yes,no,yes,no,yes,no,yes,no,yes,no,yes,no,yes,no,yes,no,yes
