Kennziffer,Raumeinheit,Aggregat,Bevölkerung,Kinos,Kinosäle,Kinositzplätze,Einwohnerdichte,Siedlungs- und Verkehrsfläche,ÖV-Haltestellen,ÖV-Abfahrten
,,,2022,2021,2021,2021,2022,2022,2020,2020
1051011,Brunsbüttel,Mittelzentrum,12603,1,1,116,193.27,22.22,39,1126
1051044,Heide,Mittelzentrum,22114,1,7,482,691.71,34.91,42,2777
1053032,Geesthacht,Mittelzentrum,32336,1,2,404,972.51,38.98,75,6421
1053090,Mölln,Mittelzentrum,19469,1,1,379,777.21,31.9,45,2713
1053129,Wentorf bei Hamburg,Mittelzentrum,13539,0,0,0,1970.74,71.76,20,2037
1054056,Husum,Mittelzentrum,23735,1,8,1138,919.96,50.85,73,3376
1055012,Eutin,Mittelzentrum,17086,1,2,204,412.9,23.49,74,2087
1056015,Elmshorn,Mittelzentrum,50772,1,7,1260,2376.97,71.54,87,7749
1056039,Pinneberg,Mittelzentrum,44279,0,0,0,2055.66,57.66,38,6312
1056050,Wedel,Mittelzentrum,34538,0,0,0,1021.53,28.78,37,4673
1058043,Eckernförde,Mittelzentrum,21507,2,2,75,996.62,45.64,69,3611
1058135,Rendsburg,Mittelzentrum,29743,3,10,1078,1252.34,55.83,72,5716
1059075,Schleswig,Mittelzentrum,25832,1,4,446,1063.05,47.57,69,5481
1060005,Bad Segeberg,Mittelzentrum,18221,1,7,699,965.61,43.4,51,3078
1060044,Kaltenkirchen,Mittelzentrum,23538,0,0,0,1018.52,44.05,32,1150
1060063,Norderstedt,Mittelzentrum,81880,1,3,479,1409.29,46.94,113,14339
1060092,Wahlstedt,Mittelzentrum,9998,0,0,0,634.79,32.63,13,611
1061046,Itzehoe,Mittelzentrum,32258,1,3,340,1130.27,50.18,95,5700
1062001,Ahrensburg,Mittelzentrum,34509,0,0,0,977.87,39.78,80,7333
1062004,Bad Oldesloe,Mittelzentrum,24935,1,3,296,474.14,22.59,92,5254
1062018,Glinde,Mittelzentrum,18547,0,0,0,1654.5,63.07,22,2635
1062060,Reinbek,Mittelzentrum,28536,0,0,0,912.86,34.74,58,6747
3151009,Gifhorn,Mittelzentrum,43625,1,2,232,413.9,24.13,112,7432
3151040,Wittingen,Mittelzentrum,11489,1,1,114,50.87,9.22,58,1868
3153002,Bad Harzburg,Mittelzentrum,21738,0,0,0,331.78,20.65,83,2921
3153012,Seesen,Mittelzentrum,19159,0,0,0,187.25,16.41,58,1098
3153017,Goslar,Mittelzentrum,50203,2,13,2214,306.34,18.99,135,9682
3153018,Clausthal-Zellerfeld,Mittelzentrum,15286,0,0,0,349.87,22.68,41,1711
3154028,Helmstedt,Mittelzentrum,25779,2,3,472,386.26,25.92,71,2963
3155001,Bad Gandersheim,Mittelzentrum,9552,1,1,0,105.14,12.14,34,445
3155011,Northeim,Mittelzentrum,29440,1,2,363,201.85,16.48,91,3842
3155012,Uslar,Mittelzentrum,14174,0,0,0,124.78,13.72,48,1572
3155013,Einbeck,Mittelzentrum,30728,0,0,0,132.49,13.73,122,3094
3157006,Peine,Mittelzentrum,51411,1,2,407,429,25.22,109,4795
3158037,Wolfenbüttel,Mittelzentrum,52681,2,9,1635,669.05,26.07,121,10333
3159010,Duderstadt,Mittelzentrum,20286,1,5,507,212.11,17.47,58,1688
3159017,Hann,Mittelzentrum,23530,1,1,272,194.19,15.04,83,2689
3159026,Osterode am Harz,Mittelzentrum,21446,0,0,0,209.15,18.76,64,1611
3241002,Barsinghausen,Mittelzentrum,35156,0,0,0,341.95,18.51,101,5969
3241003,Burgdorf,Mittelzentrum,31287,1,1,220,277.96,17.48,67,4009
3241004,Burgwedel,Mittelzentrum,20506,0,0,0,134.16,12.95,48,3484
3241005,Garbsen,Mittelzentrum,61349,1,9,2284,771.78,28.98,105,13266
3241009,Laatzen,Mittelzentrum,42675,0,0,0,1249.27,44.73,48,5647
3241010,Langenhagen,Mittelzentrum,55367,1,4,685,769.31,43,100,11256
3241011,Lehrte,Mittelzentrum,44823,1,1,99,351.08,21.7,85,4279
3241012,Neustadt am Rübenberge,Mittelzentrum,45262,1,1,120,126.09,11.52,186,8729
3241017,Springe,Mittelzentrum,29113,0,0,0,181.81,12.74,65,3242
3241021,Wunstorf,Mittelzentrum,41689,0,0,0,331.55,21.74,106,7965
3251012,Diepholz,Mittelzentrum,17685,1,4,535,168.91,16.64,45,871
3251037,Stuhr,Mittelzentrum,33952,0,0,0,414.86,27.32,85,4170
3251040,Sulingen,Mittelzentrum,13268,1,3,304,119.71,13.67,64,1536
3251041,Syke,Mittelzentrum,24810,1,2,280,193.66,16.56,99,1848
3252003,Bad Pyrmont,Mittelzentrum,19604,1,1,199,316.24,19.21,69,2716
3252006,Hameln,Mittelzentrum,57905,2,6,717,564.76,26.64,200,16798
3254002,Alfeld (Leine),Mittelzentrum,18723,1,3,443,256.9,18.8,65,2264
3254028,Sarstedt,Mittelzentrum,19735,0,0,0,458.95,22.72,33,1660
3255023,Holzminden,Mittelzentrum,20120,1,3,396,228.01,15.36,64,2138
3256022,Nienburg (Weser),Mittelzentrum,32126,1,7,746,497.85,28.59,100,10705
3257006,Bad Nenndorf,Mittelzentrum,11289,1,1,268,486.18,25.15,17,768
3257009,Bückeburg,Mittelzentrum,19701,1,3,485,285.94,21.22,70,1865
3257031,Rinteln,Mittelzentrum,25721,2,5,729,235.93,19.13,118,3402
3257035,Stadthagen,Mittelzentrum,22643,1,3,488,375.69,22.63,60,1553
3352011,Cuxhaven,Mittelzentrum,48562,1,3,332,299.9,21.36,173,4186
3352022,Hemmoor,Mittelzentrum,9026,0,0,0,200.27,17.88,33,341
3353005,Buchholz in der Nordheide,Mittelzentrum,40810,1,2,267,545.88,32.97,118,7422
3353031,Seevetal,Mittelzentrum,42449,0,0,0,403.01,30.21,115,6954
3353040,Winsen (Luhe),Mittelzentrum,36295,1,3,341,330.65,20.73,97,4096
3354018,Lüchow (Wendland),Mittelzentrum,9612,1,2,127,107.44,13.29,6,116
3356007,Osterholz-Scharmbeck,Mittelzentrum,30659,2,4,310,208.32,16.4,84,1648
3357008,Bremervörde,Mittelzentrum,18793,0,0,0,124.94,13.35,81,1841
3357039,Rotenburg (Wümme),Mittelzentrum,22656,1,1,199,228.71,18.93,42,923
3357057,Zeven,Mittelzentrum,14216,1,2,313,191.77,16.46,33,1101
3358016,Munster,Mittelzentrum,15366,1,1,256,78.99,11.29,36,709
3358021,Soltau,Mittelzentrum,21808,1,2,350,107.02,12.52,100,1761
3358024,Walsrode,Mittelzentrum,30819,1,5,661,91.6,12.26,122,2266
3359010,Buxtehude,Mittelzentrum,40919,1,3,292,533.56,22.21,98,4124
3359038,Stade,Mittelzentrum,48353,1,5,943,439.29,28.62,124,7194
3360025,Uelzen,Mittelzentrum,33934,1,5,796,247.98,19.04,133,4928
3361001,Achim,Mittelzentrum,32752,1,1,96,481.22,27.56,94,2835
3361012,Verden (Aller),Mittelzentrum,28526,1,5,653,397.85,25.62,115,3914
3401000,Delmenhorst,Mittelzentrum,78385,1,7,1485,1255.16,49.53,181,13482
3402000,Emden,Mittelzentrum,50535,4,9,2706,449.84,28.35,162,10935
3451002,Bad Zwischenahn,Mittelzentrum,29803,0,0,0,229.08,21.17,109,3590
3451005,Rastede,Mittelzentrum,23180,0,0,0,187.53,18.02,92,2738
3451007,Westerstede,Mittelzentrum,23854,0,0,0,132.85,14.82,119,2714
3452001,Aurich,Mittelzentrum,42970,2,11,1781,217.8,19.22,129,2837
3452019,Norden,Mittelzentrum,25179,2,3,341,236.8,17.86,98,1929
3453004,Cloppenburg,Mittelzentrum,37056,1,5,855,522.95,30.45,60,1797
3453007,Friesoythe,Mittelzentrum,22945,0,0,0,92.71,13.13,68,1154
3454032,Lingen (Ems),Mittelzentrum,56542,2,10,1378,320.91,22.45,225,7295
3454035,Meppen,Mittelzentrum,36117,1,7,999,191.7,18.1,118,3360
3454041,Papenburg,Mittelzentrum,38556,1,5,755,325.53,25.9,108,2953
3455007,Jever,Mittelzentrum,14847,1,2,0,351.57,25.5,36,1327
3455026,Varel,Mittelzentrum,24397,0,0,0,214.48,19.28,73,1507
3456015,Nordhorn,Mittelzentrum,55242,1,6,530,368.62,22.03,158,4083
3457013,Leer (Ostfriesland),Mittelzentrum,35663,1,5,900,508.67,30.77,108,3783
3458014,Wildeshausen,Mittelzentrum,21154,1,1,130,235.83,17.9,90,1461
3459014,Bramsche,Mittelzentrum,32179,1,1,182,175.47,15.6,140,2664
3459019,Georgsmarienhütte,Mittelzentrum,32190,0,0,0,580.1,29.75,98,4552
3459024,Melle,Mittelzentrum,47228,1,1,139,185.97,16.13,300,6487
3459030,Quakenbrück,Mittelzentrum,13884,1,3,422,773.05,41.09,26,565
3460006,Lohne (Oldenburg),Mittelzentrum,27814,1,5,654,305.28,22.41,117,4084
3460009,Vechta,Mittelzentrum,33769,2,8,1123,384.22,26.64,112,2972
3461002,Brake (Unterweser),Mittelzentrum,15094,1,1,0,394.1,28.02,51,1509
3461007,Nordenham,Mittelzentrum,26308,1,2,283,299.74,22.15,86,3097
3462019,Wittmund,Mittelzentrum,20773,0,0,0,98.84,12.11,97,1387
5117000,Mülheim an der Ruhr,Mittelzentrum,172404,3,20,4334,1888.74,55.9,223,32034
5119000,Oberhausen,Mittelzentrum,210824,4,16,3423,2734.78,72.6,325,57454
5120000,Remscheid,Mittelzentrum,112613,1,6,1076,1511.18,43.52,243,28794
5122000,Solingen,Mittelzentrum,160643,2,9,1335,1794.09,48.74,254,34230
5154008,Emmerich am Rhein,Mittelzentrum,31544,0,0,0,392.34,23.3,96,4061
5154012,Geldern,Mittelzentrum,34298,1,5,696,353.7,21.85,138,4845
5154016,Goch,Mittelzentrum,35270,1,1,199,305.55,18.71,49,608
5154032,Kevelaer,Mittelzentrum,28232,0,0,0,280.52,18.22,34,820
5154036,Kleve,Mittelzentrum,53388,1,5,919,546.11,22.18,140,5790
5158004,Erkrath,Mittelzentrum,43856,0,0,0,1631.55,43.3,62,10458
5158008,Haan,Mittelzentrum,30542,0,0,0,1262.59,48.37,64,8579
5158012,Heiligenhaus,Mittelzentrum,26681,0,0,0,969.51,36.41,39,4230
5158016,Hilden,Mittelzentrum,55815,1,3,321,2150.87,58.03,74,12285
5158020,Langenfeld,Mittelzentrum,59783,2,4,430,1452.81,51.93,90,6756
5158024,Mettmann,Mittelzentrum,39134,1,3,317,919.5,31.81,71,9130
5158026,Monheim am Rhein,Mittelzentrum,43050,0,0,0,1867.68,43.47,51,5709
5158028,Ratingen,Mittelzentrum,87388,2,3,632,984.76,36.67,139,22460
5158032,Velbert,Mittelzentrum,82445,0,0,0,1100.73,36.58,155,17813
5158036,Wülfrath,Mittelzentrum,21100,0,0,0,653.86,27.39,44,3887
5162004,Dormagen,Mittelzentrum,65147,0,0,0,761.95,31.09,104,9168
5162008,Grevenbroich,Mittelzentrum,64596,1,5,716,630.7,28.16,107,6891
5162016,Kaarst,Mittelzentrum,44253,1,1,250,1183.55,37.31,54,4659
5162020,Korschenbroich,Mittelzentrum,34187,0,0,0,618.66,28.99,100,3801
5162022,Meerbusch,Mittelzentrum,57422,1,1,200,891.65,32.48,78,8539
5162024,Neuss,Mittelzentrum,154139,2,8,1974,1548.82,52.82,215,36691
5166012,Kempen,Mittelzentrum,34841,1,4,741,506.41,24.84,46,2493
5166016,Nettetal,Mittelzentrum,43095,1,1,136,513.83,27.04,54,2804
5166024,Schwalmtal,Mittelzentrum,19143,0,0,0,397.9,22.14,29,1609
5166028,Tönisvorst,Mittelzentrum,29319,0,0,0,661.23,25.12,33,2229
5166032,Viersen,Mittelzentrum,78208,0,0,0,858.49,33.63,165,12755
5166036,Willich,Mittelzentrum,50144,0,0,0,739.59,33.78,94,6811
5170008,Dinslaken,Mittelzentrum,67762,1,3,509,1421.78,48.11,112,5717
5170012,Hamminkeln,Mittelzentrum,27248,0,0,0,165.61,14.06,109,2387
5170020,Kamp-Lintfort,Mittelzentrum,38665,1,7,759,612.37,28.35,69,3908
5170024,Moers,Mittelzentrum,105287,1,1,0,1556.58,53.46,120,13192
5170028,Neukirchen-Vluyn,Mittelzentrum,27956,0,0,0,642.67,31.45,51,2803
5170032,Rheinberg,Mittelzentrum,31150,0,0,0,414.01,21.77,93,4147
5170044,Voerde (Niederrhein),Mittelzentrum,36196,0,0,0,676.69,30.29,76,3090
5170048,Wesel,Mittelzentrum,61330,1,7,951,500.41,23.27,128,7735
5170052,Xanten,Mittelzentrum,21582,0,0,0,297.97,19.29,79,2649
5316000,Leverkusen,Mittelzentrum,165748,3,11,2381,2101.53,57.69,246,47067
5334004,Alsdorf,Mittelzentrum,48328,1,7,1590,1525.51,47.79,109,7992
5334008,Baesweiler,Mittelzentrum,27620,0,0,0,992.1,33.69,40,2835
5334012,Eschweiler,Mittelzentrum,56049,0,0,0,739.92,32.69,124,10658
5334016,Herzogenrath,Mittelzentrum,46941,1,1,70,1406.26,43.74,99,10868
5334020,Monschau,Mittelzentrum,11864,0,0,0,125.41,12.95,57,2310
5334032,Stolberg (Rhld.),Mittelzentrum,56455,0,0,0,573.26,21.83,152,12965
5334036,Würselen,Mittelzentrum,38598,1,1,99,1122.36,38.64,53,4683
5358008,Düren,Mittelzentrum,93207,1,8,1327,1096.55,38.22,166,14052
5358024,Jülich,Mittelzentrum,33158,1,1,120,366.83,22.3,76,4485
5362004,Bedburg,Mittelzentrum,24302,0,0,0,302.19,20.65,41,1192
5362008,Bergheim,Mittelzentrum,62376,0,0,0,647.46,29.61,105,6207
5362012,Brühl,Mittelzentrum,44804,1,1,70,1240.42,40.97,83,6291
5362020,Erftstadt,Mittelzentrum,49882,0,0,0,416.06,20.89,84,6266
5362024,Frechen,Mittelzentrum,52811,1,1,400,1172.02,38.9,75,7397
5362028,Hürth,Mittelzentrum,60969,3,16,2315,1190.34,44.77,122,13158
5362032,Kerpen,Mittelzentrum,67239,2,7,1132,589.92,27.12,89,7019
5362036,Pulheim,Mittelzentrum,55530,0,0,0,769.65,26.99,64,3890
5362040,Wesseling,Mittelzentrum,38192,0,0,0,1634.23,56.53,44,2902
5366016,Euskirchen,Mittelzentrum,59772,1,8,1390,428.5,21.3,171,13135
5366028,Mechernich,Mittelzentrum,28567,0,0,0,209.31,17,107,2324
5366036,Schleiden,Mittelzentrum,12977,0,0,0,106.66,10.52,68,1582
5370004,Erkelenz,Mittelzentrum,44215,1,3,515,376.81,21.18,105,4482
5370012,Geilenkirchen,Mittelzentrum,28252,0,0,0,339.73,23.21,80,4787
5370016,Heinsberg,Mittelzentrum,43476,0,0,0,471.49,26.52,119,5547
5370020,Hückelhoven,Mittelzentrum,41301,1,2,300,674.08,31.37,78,4288
5370028,Übach-Palenberg,Mittelzentrum,24215,0,0,0,928.13,39.56,43,2777
5370040,Wegberg,Mittelzentrum,28074,0,0,0,332.87,23.25,88,3194
5374008,Engelskirchen,Mittelzentrum,19584,0,0,0,310.71,19.8,40,2177
5374012,Gummersbach,Mittelzentrum,52001,1,7,1233,545.03,27.39,159,10559
5374036,Radevormwald auf der Höhe,Mittelzentrum,22222,1,4,580,412.59,20.39,49,2763
5374044,Waldbröl,Mittelzentrum,19949,0,0,0,315.05,21.38,62,1894
5374052,Wipperfürth,Mittelzentrum,21112,0,0,0,178.46,12.81,95,2338
5378004,Bergisch Gladbach,Mittelzentrum,112712,1,4,702,1356.5,40.09,202,25350
5378016,Leichlingen,Mittelzentrum,28048,0,0,0,752.76,29.5,63,3205
5378032,Wermelskirchen,Mittelzentrum,34739,1,1,114,464.43,21.39,113,6040
5382008,Bad Honnef,Mittelzentrum,26061,0,0,0,541.36,23.49,43,3065
5382012,Bornheim,Mittelzentrum,49025,0,0,0,592.88,24.73,83,7053
5382016,Eitorf,Mittelzentrum,19132,0,0,0,273.71,19.71,67,1924
5382020,Hennef (Sieg),Mittelzentrum,48002,1,1,190,453.32,22.28,139,9078
5382024,Königswinter,Mittelzentrum,41495,0,0,0,544.55,27.34,108,9838
5382028,Lohmar,Mittelzentrum,30846,0,0,0,470.07,23.85,98,7050
5382044,Niederkassel,Mittelzentrum,39281,0,0,0,1097.54,32.38,33,7346
5382048,Rheinbach,Mittelzentrum,27102,0,0,0,388.73,19.46,80,3442
5382056,Sankt Augustin,Mittelzentrum,56369,1,1,28,1647.25,55.23,81,9705
5382060,Siegburg,Mittelzentrum,42049,2,10,2162,1777.22,47.42,56,8992
5382068,Troisdorf,Mittelzentrum,76251,1,5,930,1229.85,42.98,100,14628
5512000,Bottrop,Mittelzentrum,118113,1,1,80,1173.97,42.24,241,30962
5513000,Gelsenkirchen,Mittelzentrum,263000,2,12,2537,2506.19,71.73,361,60979
5554004,Ahaus,Mittelzentrum,40245,2,20,2387,266.1,18.37,204,2883
5554008,Bocholt,Mittelzentrum,71930,1,9,1650,602.43,27.35,137,24055
5554012,Borken,Mittelzentrum,43489,1,7,895,283.8,18.7,103,3238
5554020,Gronau (Westf.),Mittelzentrum,49824,1,10,1403,632.12,31.2,125,2348
5554056,Stadtlohn,Mittelzentrum,20807,0,0,0,262.55,16.28,71,1132
5554068,Vreden,Mittelzentrum,23161,1,2,282,170.51,14.08,72,907
5558012,Coesfeld,Mittelzentrum,37030,1,6,1094,261.96,17.04,201,3159
5558016,Dülmen,Mittelzentrum,47468,1,6,1101,256.82,15.42,238,2882
5558024,Lüdinghausen,Mittelzentrum,25259,1,5,617,179.73,12.99,207,3277
5562004,Castrop-Rauxel,Mittelzentrum,73795,0,0,0,1427.92,52.26,140,14447
5562008,Datteln,Mittelzentrum,35191,0,0,0,532.39,23.8,85,5699
5562012,Dorsten,Mittelzentrum,76720,1,5,471,448.13,22.77,181,11877
5562014,Gladbeck,Mittelzentrum,75889,1,1,180,2109.79,62.97,140,19654
5562016,Haltern am See,Mittelzentrum,38117,0,0,0,239.68,15.53,148,3896
5562020,Herten,Mittelzentrum,62473,0,0,0,1673.53,59.71,122,11814
5562024,Marl,Mittelzentrum,84331,0,0,0,960.93,44.94,154,13030
5562028,Oer-Erkenschwick,Mittelzentrum,31838,0,0,0,823.54,26.41,46,4114
5562032,Recklinghausen,Mittelzentrum,111734,1,7,1506,1680.21,57.43,188,23817
5562036,Waltrop,Mittelzentrum,29644,0,0,0,629.52,26.33,52,2857
5566008,Emsdetten,Mittelzentrum,36354,1,4,801,504.5,23.41,157,2152
5566012,Greven,Mittelzentrum,38207,0,0,0,272.4,18.18,166,3616
5566028,Ibbenbüren,Mittelzentrum,52421,1,5,776,481.5,29.3,263,6500
5566040,Lengerich,Mittelzentrum,22980,0,0,0,253.11,19.4,101,1916
5566068,Ochtrup,Mittelzentrum,20230,0,0,0,191.52,17.34,159,1302
5566076,Rheine,Mittelzentrum,77893,2,15,2700,537.19,27.37,191,12081
5566084,Steinfurt,Mittelzentrum,35102,1,2,172,314.34,17.78,171,3600
5570004,Ahlen,Mittelzentrum,53348,1,4,425,433.27,20.51,260,6314
5570008,Beckum,Mittelzentrum,37333,0,0,0,334.95,19.97,147,3245
5570028,Oelde,Mittelzentrum,29644,1,3,226,288.45,18.39,89,1977
5570052,Warendorf,Mittelzentrum,37616,2,3,672,212.66,14.84,119,4019
5754008,Gütersloh,Mittelzentrum,102393,2,10,1539,914.06,39.63,259,17235
5754012,Halle (Westf.),Mittelzentrum,21970,0,0,0,315.21,22.44,77,1753
5754028,Rheda-Wiedenbrück,Mittelzentrum,49486,0,0,0,570.64,26.42,88,2243
5754032,Rietberg,Mittelzentrum,29919,0,0,0,271.23,19.35,44,1425
5758004,Bünde,Mittelzentrum,46030,2,3,493,776.22,38.72,169,6280
5758012,Herford,Mittelzentrum,67459,1,4,495,852.29,39.52,246,11597
5758024,Löhne,Mittelzentrum,40265,0,0,0,676.72,39.14,144,5972
5758036,Vlotho,Mittelzentrum,18495,0,0,0,240.41,20.77,153,2695
5762004,Bad Driburg,Mittelzentrum,19390,1,2,240,168.17,13.94,117,3105
5762008,Beverungen,Mittelzentrum,13238,0,0,0,134.96,12.35,41,1454
5762016,Brakel,Mittelzentrum,16372,1,1,170,94.14,9.3,69,2116
5762020,Höxter,Mittelzentrum,28709,0,0,0,181.52,13.68,105,3099
5762032,Steinheim,Mittelzentrum,12612,0,0,0,166.63,15.1,58,2085
5762036,Warburg,Mittelzentrum,23322,1,6,1108,138.13,13.01,119,4330
5766008,Bad Salzuflen,Mittelzentrum,54808,0,0,0,547.81,27.12,203,7904
5766012,Barntrup,Mittelzentrum,8611,0,0,0,144.82,12.04,34,1170
5766016,Blomberg,Mittelzentrum,15407,0,0,0,155.47,13.6,96,3349
5766020,Detmold,Mittelzentrum,75089,2,2,345,580.33,26.56,217,18886
5766032,Horn-Bad Meinberg,Mittelzentrum,17290,0,0,0,191.79,15.52,93,2868
5766040,Lage,Mittelzentrum,35423,1,6,0,465.85,24.82,129,3477
5766044,Lemgo,Mittelzentrum,40594,1,2,210,402.52,21.74,160,10478
5770004,Bad Oeynhausen,Mittelzentrum,49477,1,9,2198,763.18,42.4,169,7821
5770008,Espelkamp,Mittelzentrum,25174,1,1,165,298.94,21.59,97,2392
5770020,Lübbecke,Mittelzentrum,26027,0,0,0,400.17,24.29,67,2563
5770024,Minden,Mittelzentrum,83076,0,0,0,821.56,40.98,304,12750
5770028,Petershagen,Mittelzentrum,25222,0,0,0,119.01,15.01,138,2271
5770032,Porta Westfalica,Mittelzentrum,36374,0,0,0,345.69,26.35,152,4995
5774016,Büren,Mittelzentrum,21483,0,0,0,125.64,12.81,84,3125
5774020,Delbrück,Mittelzentrum,32774,0,0,0,208.38,16.84,206,3646
5915000,Hamm,Mittelzentrum,180849,1,7,1819,798.7,33.44,483,30734
5916000,Herne,Mittelzentrum,157368,1,6,824,3060.44,74.13,218,36016
5954008,Ennepetal der Kluterthöhle,Mittelzentrum,30652,0,0,0,530.59,21.6,120,7994
5954012,Gevelsberg,Mittelzentrum,31097,1,1,199,1180.6,41,76,5762
5954016,Hattingen,Mittelzentrum,54637,0,0,0,762.34,26.93,149,11846
5954020,Herdecke,Mittelzentrum,22758,1,1,88,1016.44,35.82,54,4650
5954024,Schwelm,Mittelzentrum,28723,1,3,459,1401.12,42.05,65,5503
5954028,Sprockhövel,Mittelzentrum,24838,0,0,0,518.11,27.89,76,5515
5954032,Wetter (Ruhr),Mittelzentrum,27550,1,1,99,873.22,33,64,4292
5954036,Witten,Mittelzentrum,95897,2,5,644,1324.54,43.62,160,17741
5958004,Arnsberg,Mittelzentrum,74323,3,8,1034,383.66,19.53,243,10666
5958012,Brilon,Mittelzentrum,25511,2,2,0,111.32,11.59,164,3880
5958024,Marsberg,Mittelzentrum,19736,0,0,0,108.31,11.12,128,2484
5958032,Meschede,Mittelzentrum,30025,1,2,281,137.4,12.84,150,4349
5958040,Schmallenberg,Mittelzentrum,24878,1,1,200,82.08,11.67,140,3860
5958044,Sundern (Sauerland),Mittelzentrum,27741,0,0,0,143.53,12.62,148,3613
5958048,Winterberg,Mittelzentrum,12671,1,2,192,85.64,12.75,88,2803
5962004,Altena,Mittelzentrum,16430,1,2,106,369.88,18.21,141,6694
5962016,Hemer,Mittelzentrum,34024,0,0,0,502.87,20.4,152,7661
5962024,Iserlohn,Mittelzentrum,92540,1,7,1282,737.43,25.86,317,24885
5962032,Lüdenscheid,Mittelzentrum,71865,2,9,1708,825.84,26.68,255,22424
5962036,Meinerzhagen,Mittelzentrum,20812,0,0,0,179.89,11.21,148,2901
5962040,Menden (Sauerland),Mittelzentrum,52485,1,3,344,609.58,24.36,173,9744
5962052,Plettenberg,Mittelzentrum,24954,1,4,317,257.92,14.22,129,5408
5962060,Werdohl,Mittelzentrum,17827,0,0,0,534.06,21.09,107,4574
5966004,Attendorn,Mittelzentrum,24448,0,0,0,249.67,16.93,102,2643
5966020,Lennestadt,Mittelzentrum,25352,2,4,335,186.98,14.23,78,3247
5966024,Olpe,Mittelzentrum,25015,1,5,794,291.28,20.24,99,3254
5970004,Bad Berleburg,Mittelzentrum,18923,1,3,309,68.68,10.26,114,2446
5970024,Kreuztal,Mittelzentrum,31197,0,0,0,438.96,25.88,77,5030
5970028,Bad Laasphe,Mittelzentrum,13467,1,3,365,99.06,11.85,72,2148
5970036,Neunkirchen,Mittelzentrum,13000,0,0,0,326.55,19.82,38,1685
5974020,Geseke,Mittelzentrum,21685,0,0,0,221.52,15.03,46,1301
5974028,Lippstadt,Mittelzentrum,68890,2,8,1632,606,28.4,207,8225
5974040,Soest,Mittelzentrum,48607,2,4,538,566.45,28.1,202,6905
5974044,Warstein,Mittelzentrum,24647,0,0,0,155.94,12.08,86,2316
5974052,Werl,Mittelzentrum,31045,0,0,0,406.61,24.14,100,2405
5978004,Bergkamen,Mittelzentrum,49263,0,0,0,1097.17,42.74,103,5799
5978020,Kamen,Mittelzentrum,43058,0,0,0,1051.48,40.73,110,6906
5978024,Lünen,Mittelzentrum,86868,1,6,899,1462.67,47.25,151,12143
5978028,Schwerte an der Ruhr,Mittelzentrum,46658,0,0,0,829.77,33.67,120,6375
5978032,Selm,Mittelzentrum,26163,0,0,0,433.09,21.3,91,2350
5978036,Unna,Mittelzentrum,60892,1,6,1379,687.58,30.16,186,10689
5978040,Werne,Mittelzentrum,29680,1,5,701,389.81,22.33,124,3445
6431002,Bensheim,Mittelzentrum,42089,1,7,1109,727.81,27.15,81,4952
6431005,Bürstadt,Mittelzentrum,16734,0,0,0,485.61,20.55,38,2119
6431011,Heppenheim (Bergstraße),Mittelzentrum,26946,1,1,300,517,19.9,56,3298
6431013,Lampertheim,Mittelzentrum,32870,0,0,0,454.82,19.79,55,4084
6431016,Lorsch,Mittelzentrum,13989,0,0,0,554.24,24.56,13,799
6431020,Viernheim,Mittelzentrum,34534,1,10,2447,713.37,21.83,44,3192
6432004,Dieburg,Mittelzentrum,15699,0,0,0,680.2,31.11,20,1515
6432008,Griesheim,Mittelzentrum,27837,0,0,0,1291.74,35.87,7,1572
6432010,Groß-Umstadt,Mittelzentrum,21028,0,0,0,242.15,13.7,41,2231
6432018,Pfungstadt,Mittelzentrum,25231,1,1,298,593.11,22.66,29,2112
6432023,Weiterstadt,Mittelzentrum,26322,1,1,73,765.17,29.07,30,2678
6433006,Groß-Gerau,Mittelzentrum,26418,1,2,152,485,20.51,39,4405
6433008,Mörfelden-Walldorf,Mittelzentrum,35291,1,1,144,799.71,22.18,29,2640
6433012,Rüsselsheim am Main,Mittelzentrum,67277,0,0,0,1154.18,35.48,87,9041
6434001,Bad Homburg v.d.Höhe,Mittelzentrum,54996,1,1,750,1075.4,31.09,119,17188
6434002,Friedrichsdorf,Mittelzentrum,25662,1,1,148,851.71,24.73,34,1739
6434005,Königstein im Taunus,Mittelzentrum,16744,0,0,0,668.42,22.83,31,2521
6434006,Kronberg im Taunus,Mittelzentrum,18416,1,1,181,991.17,34.71,58,4104
6434008,Oberursel (Taunus),Mittelzentrum,47042,0,0,0,1037.54,27.66,75,9076
6434011,Usingen,Mittelzentrum,14926,0,0,0,267.44,16.27,32,1338
6435001,Bad Orb,Mittelzentrum,10725,0,0,0,224.61,8.96,49,836
6435002,Bad Soden-Salmünster,Mittelzentrum,13823,0,0,0,235.93,17.37,21,580
6435006,Bruchköbel,Mittelzentrum,20825,0,0,0,696.95,25.7,29,2715
6435010,Gelnhausen,Mittelzentrum,23679,2,2,540,524.45,24.94,58,3193
6435019,Maintal,Mittelzentrum,39815,0,0,0,1228.48,32.24,45,4690
6435025,Schlüchtern,Mittelzentrum,16151,1,1,0,142.55,15.46,52,2015
6435029,Wächtersbach,Mittelzentrum,12948,0,0,0,254.93,15.28,21,754
6436001,Bad Soden am Taunus,Mittelzentrum,23162,1,1,98,1852.96,40.8,33,2117
6436003,Eschborn,Mittelzentrum,22070,1,1,50,1819.46,48.72,26,2548
6436004,Flörsheim am Main,Mittelzentrum,21851,0,0,0,950.46,37.71,34,1678
6436005,Hattersheim am Main,Mittelzentrum,28528,0,0,0,1805.57,42.53,39,2302
6436006,Hochheim am Main,Mittelzentrum,18538,0,0,0,952.13,36.06,24,2031
6436007,Hofheim am Taunus,Mittelzentrum,40371,1,3,465,702.96,24.9,77,5562
6436008,Kelkheim (Taunus),Mittelzentrum,29112,1,2,165,947.35,26.68,32,2343
6436011,Schwalbach am Taunus,Mittelzentrum,15519,0,0,0,2398.61,57.96,18,1460
6437006,Erbach,Mittelzentrum,13977,1,3,332,227.19,13.04,65,4679
6437011,Michelstadt,Mittelzentrum,16097,0,0,0,185.07,11.09,54,3862
6438001,Dietzenbach,Mittelzentrum,34928,1,1,101,1611.07,39.44,42,3187
6438002,Dreieich,Mittelzentrum,42260,2,2,352,793.32,26.9,50,5318
6438005,Heusenstamm,Mittelzentrum,19306,0,0,0,1014.5,27.85,24,2201
6438006,Langen (Hessen),Mittelzentrum,39217,1,3,180,1346.74,29.46,61,5024
6438008,Mühlheim am Main,Mittelzentrum,29252,0,0,0,1415.19,35.17,45,2859
6438009,Neu-Isenburg,Mittelzentrum,39287,1,2,1100,1617.41,36.27,55,7752
6438010,Obertshausen,Mittelzentrum,25307,0,0,0,1858.08,43.83,11,1196
6438011,Rodgau,Mittelzentrum,46426,2,4,536,713.81,24.26,62,4186
6438012,Rödermark,Mittelzentrum,28834,1,1,160,961.45,28.28,23,1240
6438013,Seligenstadt,Mittelzentrum,21568,1,2,254,699.12,24.44,19,1763
6439002,Bad Schwalbach,Mittelzentrum,11430,1,2,187,283.83,16.51,32,1979
6439003,Eltville am Rhein,Mittelzentrum,17112,0,0,0,365.88,14.92,25,1475
6439004,Geisenheim,Mittelzentrum,11699,1,2,231,290.01,13.73,29,1525
6439008,Idstein,Mittelzentrum,25554,1,4,530,320.39,17.67,50,3053
6439013,Rüdesheim am Rhein,Mittelzentrum,10054,0,0,0,195.57,10.56,28,936
6439015,Taunusstein,Mittelzentrum,30810,0,0,0,459.71,18.59,53,3460
6440002,Bad Nauheim,Mittelzentrum,33445,1,1,148,1027.81,32.51,79,4733
6440003,Bad Vilbel,Mittelzentrum,35758,1,1,120,1392.45,38.79,52,5108
6440004,Büdingen,Mittelzentrum,22622,1,5,523,184.1,11.25,38,1646
6440005,Butzbach,Mittelzentrum,27402,1,2,375,257.05,15.84,69,3084
6440008,Friedberg (Hessen),Mittelzentrum,30818,0,0,0,614.15,24.91,46,3373
6440016,Nidda,Mittelzentrum,17650,1,6,618,149.16,13.67,44,1506
6531006,Grünberg,Mittelzentrum,13930,1,2,358,156.13,13.16,56,1624
6531008,Hungen,Mittelzentrum,13073,0,0,0,150.65,13.03,28,1021
6531010,Laubach,Mittelzentrum,9801,0,0,0,101.03,9.96,35,792
6531011,Lich,Mittelzentrum,14218,1,1,192,183.2,13.26,33,1225
6532006,Dillenburg,Mittelzentrum,23480,1,5,518,280.32,16.34,56,1914
6532011,Haiger,Mittelzentrum,19623,0,0,0,183.86,14.23,47,1277
6532012,Herborn,Mittelzentrum,20894,0,0,0,327.7,21.63,72,2496
6533009,Limburg a.d.Lahn,Mittelzentrum,36053,1,8,1428,798.34,40.1,89,5220
6533017,Weilburg,Mittelzentrum,13334,1,3,346,231.86,18.07,65,2784
6534004,Biedenkopf,Mittelzentrum,13703,0,0,0,151.73,12.2,23,1215
6534010,Gladenbach,Mittelzentrum,12513,0,0,0,173.12,14.03,31,1181
6534011,Kirchhain,Mittelzentrum,16462,0,0,0,181,14.3,31,827
6534018,Stadtallendorf,Mittelzentrum,21552,0,0,0,275.46,20.03,68,1760
6535001,Alsfeld,Mittelzentrum,16177,1,3,446,124.72,13.12,51,874
6535011,Lauterbach (Hessen),Mittelzentrum,13880,1,1,138,136.11,14.26,46,1157
6631015,Hünfeld,Mittelzentrum,16941,0,0,0,141.47,14,33,843
6632002,Bad Hersfeld,Mittelzentrum,30652,1,5,570,414.95,23.68,122,6222
6632003,Bebra,Mittelzentrum,13983,1,3,310,149.22,15.12,55,1194
6632009,Heringen (Werra),Mittelzentrum,7080,0,0,0,115.69,14.17,34,953
6632018,Rotenburg a.d.Fulda,Mittelzentrum,14066,0,0,0,175.89,12.65,45,1010
6633003,Baunatal,Mittelzentrum,28339,1,6,668,740.5,41.57,76,6199
6633013,Hofgeismar,Mittelzentrum,15521,0,0,0,179.7,15.64,65,2379
6633026,Vellmar,Mittelzentrum,18474,0,0,0,1322.41,51.18,35,3315
6633028,Wolfhagen,Mittelzentrum,13493,1,1,81,120.16,12.41,47,1779
6634001,Borken (Hessen),Mittelzentrum,12555,0,0,0,152.26,15.45,28,738
6634005,Fritzlar,Mittelzentrum,15031,1,7,790,169.25,15.6,31,1075
6634009,Homberg (Efze),Mittelzentrum,14458,0,0,0,144.42,15.1,41,1051
6634014,Melsungen,Mittelzentrum,13906,0,0,0,220.42,15.28,46,1537
6634022,Schwalmstadt,Mittelzentrum,18488,1,1,234,218.04,17.79,40,1678
6635001,Allendorf (Eder),Mittelzentrum,5808,0,0,0,138.98,14.76,10,360
6635002,Bad Arolsen,Mittelzentrum,15987,0,0,0,126.41,11.71,37,1060
6635003,Bad Wildungen,Mittelzentrum,17595,0,0,0,146.5,11.95,98,4484
6635004,Battenberg (Eder),Mittelzentrum,5500,0,0,0,84.99,11.13,13,403
6635011,Frankenberg (Eder),Mittelzentrum,18033,0,0,0,144.43,12.98,58,1463
6635015,Korbach,Mittelzentrum,23706,0,0,0,191.01,14.32,89,2541
6636003,Eschwege,Mittelzentrum,19472,1,3,342,307.81,23.43,86,4632
6636006,Hessisch Lichtenau,Mittelzentrum,12598,0,0,0,119.16,13.31,36,1516
6636011,Sontra,Mittelzentrum,7561,0,0,0,67.95,11.54,37,792
6636016,Witzenhausen,Mittelzentrum,15005,1,2,217,118.35,10.81,71,2727
7131001,Adenau,Mittelzentrum,2956,0,0,0,159.27,16.54,10,297
7131007,Bad Neuenahr-Ahrweiler,Mittelzentrum,26669,1,2,235,420.78,20.87,64,3834
7131070,Remagen,Mittelzentrum,17426,0,0,0,524.72,25.08,48,2224
7131077,Sinzig,Mittelzentrum,17437,0,0,0,424.26,20.73,29,1510
7132006,Betzdorf,Mittelzentrum,10223,0,0,0,1069.35,47.8,31,1351
7132063,Kirchen (Sieg),Mittelzentrum,8431,0,0,0,212.05,15.59,46,1427
7132117,Wissen,Mittelzentrum,8543,0,0,0,244.93,16.83,47,1168
7132501,Altenkirchen (Westerwald),Mittelzentrum,6564,0,0,0,597.81,36.34,24,927
7133006,Bad Kreuznach,Mittelzentrum,52529,1,9,1344,945.45,35.76,123,7983
7133052,Kirn,Mittelzentrum,8450,0,0,0,511.19,27.34,41,910
7133065,Meisenheim,Mittelzentrum,2839,0,0,0,274.83,21.78,11,350
7133501,Bad Sobernheim,Mittelzentrum,6495,0,0,0,119.88,13.12,19,579
7134005,Baumholder,Mittelzentrum,4560,0,0,0,65.91,13.14,7,263
7134010,Birkenfeld,Mittelzentrum,7220,0,0,0,529.33,28.67,11,344
7134045,Idar-Oberstein,Mittelzentrum,28851,0,0,0,315.04,20.48,151,7632
7135020,Cochem,Mittelzentrum,5288,1,2,324,249.67,16.95,26,970
7135092,Zell (Mosel),Mittelzentrum,4107,0,0,0,91.37,9.66,27,915
7137003,Andernach,Mittelzentrum,30277,0,0,0,567.62,26.12,44,1972
7137068,Mayen,Mittelzentrum,19708,1,2,326,338.68,20.38,60,2439
7137203,Bendorf,Mittelzentrum,17221,0,0,0,713.97,28.23,37,1690
7137226,Vallendar,Mittelzentrum,9151,0,0,0,692.21,24.89,20,1100
7138012,Dierdorf,Mittelzentrum,5977,0,0,0,186.9,15.17,9,351
7138041,Linz am Rhein,Mittelzentrum,6412,0,0,0,356.62,17.24,13,548
7138045,Neuwied,Mittelzentrum,65986,2,4,930,762.84,31.53,146,8440
7140064,Kastellaun,Mittelzentrum,5732,0,0,0,681.57,37.22,9,797
7140133,Sankt Goar,Mittelzentrum,2928,0,0,0,126.37,11.7,19,428
7140144,Simmern,Mittelzentrum,8035,1,2,194,671.82,43.9,41,1957
7140501,Boppard,Mittelzentrum,15616,1,1,78,208.55,15.61,61,2048
7141006,Bad Ems,Mittelzentrum,9936,0,0,0,644.78,22.06,32,883
7141029,Diez,Mittelzentrum,11211,0,0,0,903.38,45.21,39,1890
7141075,Lahnstein,Mittelzentrum,18433,1,2,231,489.98,20.57,47,1936
7141092,Nastätten,Mittelzentrum,4409,1,3,392,337.85,21.61,10,539
7141121,Sankt Goarshausen,Mittelzentrum,1284,0,0,0,181.87,14.87,12,399
7143010,Dernbach (Westerwald),Mittelzentrum,2518,0,0,0,287.44,18.84,6,211
7143032,Höhr-Grenzhausen,Mittelzentrum,9509,0,0,0,598.8,28.15,25,1030
7143048,Montabaur,Mittelzentrum,14595,1,4,700,432.19,25.82,30,1296
7143081,Wirges,Mittelzentrum,5641,0,0,0,557.96,27.89,5,363
7143229,Hachenburg,Mittelzentrum,6223,1,5,657,290.39,19.46,11,240
7143308,Westerburg,Mittelzentrum,5883,0,0,0,318.34,23.54,10,353
7231008,Bernkastel-Kues,Mittelzentrum,7156,1,3,235,301.81,20.92,28,1175
7231124,Traben-Trarbach,Mittelzentrum,5748,0,0,0,183.35,15.15,21,632
7231134,Wittlich,Mittelzentrum,19740,0,0,0,397.66,26.53,36,1235
7232018,Bitburg,Mittelzentrum,16852,0,0,0,354.41,27.44,44,1562
7232088,Neuerburg,Mittelzentrum,1561,0,0,0,153.49,11.5,9,341
7232296,Prüm,Mittelzentrum,5536,1,2,254,242.17,21.35,19,371
7233026,Gerolstein,Mittelzentrum,7876,0,0,0,122.24,13.24,32,540
7233501,Daun,Mittelzentrum,8179,1,4,482,166.85,20.46,33,1279
7235045,Hermeskeil,Mittelzentrum,8013,0,0,0,259.4,19.26,18,590
7235068,Konz,Mittelzentrum,18403,0,0,0,412.9,22.77,47,956
7235118,Saarburg,Mittelzentrum,7597,0,0,0,368.25,26.42,17,329
7311000,Frankenthal (Pfalz),Mittelzentrum,49051,1,5,750,1117.84,37.31,74,3806
7313000,Landau in der Pfalz,Mittelzentrum,47610,2,11,1965,574.03,24.95,90,6234
7316000,Neustadt an der Weinstraße,Mittelzentrum,53981,2,14,1802,461.02,20.04,115,6374
7317000,Pirmasens,Mittelzentrum,40682,1,5,664,663.11,31.85,162,8054
7318000,Speyer,Mittelzentrum,51368,2,7,1275,1202.72,44.86,102,8587
7319000,Worms,Mittelzentrum,84646,1,4,644,778.5,30.38,156,13898
7320000,Zweibrücken,Mittelzentrum,34534,1,4,668,488.87,28.07,145,7017
7331003,Alzey,Mittelzentrum,19265,1,1,194,546.99,27.4,44,2592
7332002,Bad Dürkheim,Mittelzentrum,18818,0,0,0,183.5,10.02,60,2209
7332024,Grünstadt,Mittelzentrum,14057,1,6,755,777.06,31.56,41,1678
7332025,Haßloch,Mittelzentrum,20387,0,0,0,510.31,23.85,21,534
7333019,Eisenberg (Pfalz),Mittelzentrum,9362,0,0,0,499.31,22.67,19,731
7333039,Kirchheimbolanden,Mittelzentrum,7998,0,0,0,303.41,18.17,18,971
7333502,Rockenhausen,Mittelzentrum,5397,0,0,0,146.54,11.7,26,834
7334007,Germersheim,Mittelzentrum,21099,0,0,0,973.2,43.17,13,868
7334013,Kandel,Mittelzentrum,9212,0,0,0,345.15,18.06,13,709
7334501,Wörth am Rhein,Mittelzentrum,18350,0,0,0,139.42,10.21,31,1853
7335022,Landstuhl,Mittelzentrum,8336,0,0,0,543.42,37.68,45,2015
7336055,Kusel,Mittelzentrum,6470,0,0,0,450.24,25.12,46,1631
7336058,Lauterecken,Mittelzentrum,1996,0,0,0,224.52,20.36,8,280
7337005,Bad Bergzabern,Mittelzentrum,8732,0,0,0,815.31,28.48,14,652
7337020,Edenkoben,Mittelzentrum,6693,0,0,0,374.12,18.28,10,699
7337038,Herxheim bei Landau,Mittelzentrum,10872,0,0,0,373.22,18.98,22,917
7337501,Annweiler am Trifels,Mittelzentrum,7254,1,1,68,181.94,13.44,29,823
7338025,Schifferstadt,Mittelzentrum,20615,1,2,236,734.68,34.21,7,385
7339005,Bingen am Rhein,Mittelzentrum,26309,0,0,0,698.22,34.02,97,5240
7339030,Ingelheim am Rhein,Mittelzentrum,36002,1,2,237,491.09,22.1,81,5295
7339042,Nieder-Olm,Mittelzentrum,10362,0,0,0,923.53,36.27,20,1594
7339043,Nierstein,Mittelzentrum,8621,0,0,0,445.76,22.6,9,298
7339049,Oppenheim,Mittelzentrum,7560,0,0,0,1064.79,34.65,8,241
7340004,Dahn,Mittelzentrum,4532,0,0,0,111.19,8.64,10,437
8115003,Böblingen,Mittelzentrum,51460,2,9,1216,1318.14,38.42,84,11371
8115021,Herrenberg,Mittelzentrum,32649,1,1,62,496.94,20.24,65,4999
8115028,Leonberg,Mittelzentrum,49512,1,10,1100,1016.05,29.26,60,6637
8115045,Sindelfingen,Mittelzentrum,64995,1,9,665,1278.67,36,102,10349
8116019,Esslingen am Neckar,Mittelzentrum,94941,3,11,3889,2044.82,42.32,144,32500
8116033,Kirchheim unter Teck,Mittelzentrum,41907,3,3,617,1035.51,32.86,62,5433
8116049,Nürtingen,Mittelzentrum,41403,1,8,910,883.17,27.3,63,5332
8117024,Geislingen an der Steige,Mittelzentrum,28655,1,4,440,377.88,13.9,56,3322
8117026,Göppingen,Mittelzentrum,59053,1,7,1455,997.35,32.09,141,13177
8118007,Besigheim,Mittelzentrum,12909,0,0,0,767.02,24.54,30,2086
8118046,Kornwestheim,Mittelzentrum,34130,2,4,1127,2329.69,62.12,41,5359
8118048,Ludwigsburg,Mittelzentrum,94157,7,10,4894,2172.52,47.76,123,33420
8118073,Vaihingen an der Enz,Mittelzentrum,29305,0,0,0,399.25,18.84,43,4595
8118079,Bietigheim-Bissingen,Mittelzentrum,43755,1,2,221,1398.37,36.63,69,8596
8119008,Backnang,Mittelzentrum,37957,2,10,1340,963.86,29.94,71,6972
8119020,Fellbach,Mittelzentrum,45896,1,1,98,1656.3,35.91,42,8337
8119067,Schorndorf,Mittelzentrum,40204,2,10,1350,707.44,20.78,66,4754
8119079,Waiblingen,Mittelzentrum,56081,1,8,1030,1311.84,34.36,98,12205
8125065,Neckarsulm,Mittelzentrum,26495,2,9,2100,1062.35,38.73,72,7931
8126046,Künzelsau,Mittelzentrum,16228,1,3,310,215.88,14.77,94,3618
8126066,Öhringen,Mittelzentrum,25388,2,2,297,374.51,20.59,112,5548
8127014,Crailsheim,Mittelzentrum,35760,2,6,882,327.83,18.62,112,16733
8127076,Schwäbisch Hall,Mittelzentrum,41898,3,6,820,402.13,21.81,119,9168
8128007,Bad Mergentheim,Mittelzentrum,24564,1,1,0,189.01,13.15,91,2852
8128115,Tauberbischofsheim,Mittelzentrum,13513,1,1,175,195.02,15.76,20,1045
8128131,Wertheim,Mittelzentrum,23196,2,4,770,167.37,13.81,82,3300
8135019,Heidenheim an der Brenz,Mittelzentrum,50025,3,9,2768,467.13,18.17,118,9402
8136019,Ellwangen (Jagst),Mittelzentrum,25678,1,6,988,201.59,15.2,139,7184
8136065,Schwäbisch Gmünd,Mittelzentrum,62325,2,11,1070,547.62,22.26,201,16616
8136088,Aalen,Mittelzentrum,68816,2,8,1390,469.48,20.13,198,14569
8211000,Baden-Baden,Mittelzentrum,57025,2,9,1370,406.77,14.88,127,14371
8215007,Bretten,Mittelzentrum,30073,1,3,379,422.97,18.65,47,3687
8215009,Bruchsal,Mittelzentrum,46587,1,9,1293,500.72,24.11,94,8233
8215017,Ettlingen,Mittelzentrum,39699,1,2,267,699.54,24.12,74,6040
8216007,Bühl,Mittelzentrum,29133,0,0,0,398.1,19.49,92,3930
8216015,Gaggenau,Mittelzentrum,30250,1,2,201,465.31,16.74,31,1694
8216017,Gernsbach,Mittelzentrum,14397,1,2,350,175.51,6.58,25,1176
8216043,Rastatt,Mittelzentrum,51310,1,7,1076,869.96,29.57,90,6817
8225014,Buchen (Odenwald),Mittelzentrum,18018,0,0,0,129.69,11.67,62,1955
8225058,Mosbach,Mittelzentrum,23484,1,3,330,377.8,19.35,94,5363
8226013,Eberbach,Mittelzentrum,14504,0,0,0,178.73,8.06,58,2085
8226084,Schwetzingen,Mittelzentrum,22062,1,2,215,1026.14,34.98,38,2561
8226085,Sinsheim,Mittelzentrum,36601,2,6,923,288.22,18.19,121,5171
8226095,Walldorf,Mittelzentrum,15892,0,0,0,798.19,33.15,29,3520
8226096,Weinheim,Mittelzentrum,45275,1,2,296,779.13,26.24,90,7425
8226098,Wiesloch,Mittelzentrum,27049,1,6,1052,894.48,36.01,50,5029
8235046,Nagold,Mittelzentrum,22985,1,2,220,364.26,18.95,95,4640
8235079,Bad Wildbad,Mittelzentrum,10495,1,1,68,99.74,4.37,53,1997
8235085,Calw,Mittelzentrum,24219,0,0,0,404.46,20.14,58,3926
8236040,Mühlacker,Mittelzentrum,26394,1,2,216,485.9,20.53,84,6263
8237028,Freudenstadt,Mittelzentrum,24301,2,4,347,277.6,13.03,72,3301
8237040,Horb am Neckar,Mittelzentrum,25752,0,0,0,215.03,15.27,75,2811
8315006,Bad Krozingen,Mittelzentrum,21684,1,1,110,607.57,21.35,60,1756
8315015,Breisach am Rhein,Mittelzentrum,15793,1,1,149,289.3,15.37,47,1966
8315074,Müllheim,Mittelzentrum,19463,1,1,266,336.09,16.44,34,1675
8315108,Staufen im Breisgau,Mittelzentrum,8503,0,0,0,364.62,14.02,13,424
8315113,Titisee-Neustadt,Mittelzentrum,12390,1,2,181,138.22,9.1,51,1251
8316011,Emmendingen,Mittelzentrum,28856,1,4,455,854.23,26.35,85,3936
8316056,Waldkirch,Mittelzentrum,22127,1,1,80,456.51,13.47,44,2183
8317001,Achern,Mittelzentrum,26471,1,1,190,405.75,23.13,34,1031
8317040,Haslach im Kinzigtal,Mittelzentrum,7202,1,3,564,385.75,14.62,10,331
8317041,Hausach,Mittelzentrum,5788,0,0,0,160.47,7.96,8,358
8317057,Kehl,Mittelzentrum,38154,1,3,390,508.25,23.28,70,4907
8317065,Lahr,Mittelzentrum,49074,1,5,864,702.66,29.12,97,6165
8317145,Wolfach,Mittelzentrum,5688,0,0,0,83.67,4.57,11,346
8325049,Rottweil,Mittelzentrum,25513,1,3,350,355.53,18.94,78,5043
8325053,Schramberg,Mittelzentrum,21125,1,1,99,261.77,14.41,77,3490
8326012,Donaueschingen,Mittelzentrum,22431,1,1,0,214.26,16.33,65,3584
8327050,Tuttlingen,Mittelzentrum,37458,1,5,836,414.13,15.32,14,547
8335063,Radolfzell am Bodensee,Mittelzentrum,32043,1,1,168,547.28,20.5,95,6141
8335075,Singen (Hohentwiel),Mittelzentrum,49441,3,10,1708,800.4,30,101,8200
8335079,Stockach,Mittelzentrum,17490,0,0,0,250.82,14.91,41,1894
8336069,Rheinfelden (Baden),Mittelzentrum,33581,1,3,315,534.39,21.26,81,4334
8336081,Schopfheim,Mittelzentrum,20163,1,1,150,296.82,12.09,49,1565
8337096,Bad Säckingen,Mittelzentrum,17660,1,1,600,696.65,27.26,47,1374
8337126,Waldshut-Tiengen,Mittelzentrum,24605,1,2,276,315.61,15.51,82,4078
8415050,Metzingen,Mittelzentrum,22528,1,1,211,652.04,25.93,44,2293
8415053,Münsingen,Mittelzentrum,14755,0,0,0,126.19,11.99,40,1328
8416036,Rottenburg am Neckar,Mittelzentrum,44653,1,1,132,313.86,15.76,90,5922
8417002,Balingen,Mittelzentrum,34945,1,7,999,386.9,21.45,99,3930
8417031,Hechingen,Mittelzentrum,19439,2,8,768,292.71,17.99,59,2724
8417079,Albstadt,Mittelzentrum,46422,1,9,1059,345.4,15.71,132,6447
8425020,Blaubeuren,Mittelzentrum,12665,0,0,0,160.09,11.67,35,1118
8425033,Ehingen (Donau),Mittelzentrum,27276,1,2,618,152.95,12.53,82,3703
8425071,Laichingen,Mittelzentrum,12250,0,0,0,175.43,13.92,21,1004
8426021,Biberach an der Riß,Mittelzentrum,34008,1,8,1270,471.35,24.1,100,15057
8426070,Laupheim,Mittelzentrum,22863,0,0,0,370.01,23.63,48,2158
8426097,Riedlingen,Mittelzentrum,11029,1,1,170,169.78,13.61,32,937
8435059,Überlingen,Mittelzentrum,23098,2,5,570,393.89,18.69,92,4877
8436009,Bad Waldsee,Mittelzentrum,20630,1,1,0,190.05,13.05,23,341
8436055,Leutkirch im Allgäu,Mittelzentrum,23345,2,2,120,133.42,10.97,123,2128
8436081,Wangen im Allgäu,Mittelzentrum,27411,1,2,0,270.46,14.57,97,3114
8437088,Pfullendorf,Mittelzentrum,13616,0,0,0,150.45,11.45,85,1910
8437100,Bad Saulgau,Mittelzentrum,17702,1,3,241,181.86,12.7,59,914
8437104,Sigmaringen,Mittelzentrum,18375,0,0,0,197.92,12.38,71,3517
9172116,Berchtesgaden,Mittelzentrum,7623,1,1,163,213.95,12.99,49,1851
9172122,Laufen,Mittelzentrum,7431,0,0,0,210.63,12.84,18,362
9173112,Bad Tölz,Mittelzentrum,19186,2,8,1340,622.92,20.29,56,1577
9173126,Geretsried,Mittelzentrum,25623,0,0,0,1041.59,28.46,40,3545
9173135,Lenggries,Mittelzentrum,10146,0,0,0,41.78,2.91,33,409
9173147,Wolfratshausen,Mittelzentrum,19335,1,2,175,2117.74,54.11,22,1678
9174115,Dachau,Mittelzentrum,48195,1,5,1010,1378.58,37.93,85,10323
9175115,Ebersberg,Mittelzentrum,12386,1,1,0,303.28,13.03,20,534
9175122,Grafing b.München,Mittelzentrum,14285,1,2,378,482.93,19.84,27,1100
9175127,Markt Schwaben,Mittelzentrum,13853,0,0,0,1274.43,29.81,11,654
9176114,Beilngries,Mittelzentrum,10195,0,0,0,101.93,10.54,30,507
9176123,Eichstätt,Mittelzentrum,13714,1,2,138,286.96,15.84,74,3781
9177115,Dorfen,Mittelzentrum,15179,1,1,50,152.46,11.56,50,692
9177139,Taufkirchen (Vils),Mittelzentrum,10812,1,1,103,154.06,11.04,32,564
9178120,Eching,Mittelzentrum,14430,0,0,0,386.66,20.85,21,1222
9178143,Moosburg a.d.Isar,Mittelzentrum,19832,1,4,478,452.17,18.95,17,350
9178145,Neufahrn b.Freising,Mittelzentrum,20590,1,16,1375,452.13,18.56,27,2037
9179121,Fürstenfeldbruck,Mittelzentrum,37695,2,6,823,1159.13,35.18,62,9510
9179123,Germering,Mittelzentrum,41355,1,7,988,1913.7,37.58,53,6781
9180123,Mittenwald,Mittelzentrum,7251,0,0,0,54.58,3.58,16,292
9180124,Murnau a.Staffelsee,Mittelzentrum,11969,1,1,216,314.48,15.45,33,802
9180125,Oberammergau,Mittelzentrum,5392,1,1,93,179.37,9.05,8,267
9181130,Landsberg am Lech,Mittelzentrum,29551,2,3,551,510.38,25.08,64,3424
9182111,Bad Wiessee,Mittelzentrum,5198,0,0,0,158.57,10.01,12,596
9182116,Gmund a.Tegernsee,Mittelzentrum,6147,0,0,0,178.59,12.64,24,779
9182119,Hausham,Mittelzentrum,8496,1,4,468,381.16,14.27,11,308
9182120,Holzkirchen,Mittelzentrum,16722,1,1,75,346.64,14.59,44,1056
9182124,Kreuth,Mittelzentrum,3575,1,2,186,29.24,2.59,25,836
9182125,Miesbach,Mittelzentrum,12083,0,0,0,372.47,14.64,25,547
9182129,Rottach-Egern,Mittelzentrum,5807,0,0,0,98.22,6.41,24,430
9182132,Tegernsee,Mittelzentrum,3693,0,0,0,162.4,9.19,10,709
9184149,Unterschleißheim,Mittelzentrum,29523,1,1,81,1977.43,51.04,31,4418
9185149,Neuburg a.d.Donau,Mittelzentrum,30467,1,4,615,374.79,22.81,109,3475
9185158,Schrobenhausen,Mittelzentrum,17754,2,5,567,235.9,16.05,69,1100
9186143,Pfaffenhofen a.d.Ilm,Mittelzentrum,26943,1,8,982,290.87,14.41,79,3382
9187117,Bad Aibling,Mittelzentrum,19613,1,4,474,473.74,18.57,17,333
9187162,Prien a.Chiemsee,Mittelzentrum,11243,1,2,186,543.14,24.93,28,620
9187182,Wasserburg a.Inn,Mittelzentrum,13004,1,2,153,691.7,28.67,32,1439
9188139,Starnberg,Mittelzentrum,23741,1,2,285,383.85,19.87,66,5471
9189154,Traunreut,Mittelzentrum,21102,1,5,835,468.31,19.53,48,1417
9189157,Trostberg,Mittelzentrum,11444,1,1,0,222,13.48,43,476
9190139,Peißenberg,Mittelzentrum,12781,0,0,0,390.98,17.34,23,659
9190140,Peiting,Mittelzentrum,11682,1,1,190,155.53,9.53,23,421
9190141,Penzberg,Mittelzentrum,16729,1,2,152,650.17,24.21,45,2725
9190148,Schongau,Mittelzentrum,12648,2,3,378,592.69,27.65,26,438
9271141,Osterhofen,Mittelzentrum,12171,0,0,0,109.49,11.48,61,738
9272118,Freyung,Mittelzentrum,7261,1,4,498,149.31,13.24,44,753
9272120,Grafenau,Mittelzentrum,8200,0,0,0,128.67,13.64,67,1308
9272151,Waldkirchen,Mittelzentrum,11143,0,0,0,139.27,13.41,122,1798
9273111,Abensberg,Mittelzentrum,14534,1,1,255,241.19,14.72,31,513
9273137,Kelheim,Mittelzentrum,17044,1,4,433,170.05,11.57,48,1234
9273147,Mainburg,Mittelzentrum,15466,0,0,0,251.32,16.12,30,589
9273152,Neustadt a.d.Donau,Mittelzentrum,14714,0,0,0,157.32,17.26,34,342
9274176,Rottenburg a.d.Laaber,Mittelzentrum,8533,0,0,0,94.7,10.38,56,717
9274184,Vilsbiburg,Mittelzentrum,12584,1,7,650,182.8,14.5,73,907
9275126,Hauzenberg,Mittelzentrum,11781,0,0,0,142.3,13.76,63,1077
9275134,Neuhaus a.Inn,Mittelzentrum,3595,0,0,0,115.71,13.68,20,398
9275141,Pocking,Mittelzentrum,16399,0,0,0,238.15,16.64,44,758
9275145,Ruhstorf a.d.Rott,Mittelzentrum,7114,0,0,0,138.24,14.3,41,430
9275152,Tittling,Mittelzentrum,4262,0,0,0,205.1,19.59,13,395
9275154,Vilshofen an der Donau,Mittelzentrum,17960,0,0,0,208.14,17.01,66,1279
9276138,Regen,Mittelzentrum,11005,1,3,409,168.94,14.38,53,537
9276144,Viechtach,Mittelzentrum,8585,1,1,93,137.45,12.28,64,630
9276148,Zwiesel,Mittelzentrum,9045,1,3,331,219.75,15.99,61,1010
9277111,Arnstorf,Mittelzentrum,7551,0,0,0,93.95,9,37,424
9277116,Eggenfelden,Mittelzentrum,14437,1,10,1050,325.6,20.23,32,596
9277138,Pfarrkirchen,Mittelzentrum,13522,0,0,0,258.3,17.36,90,1999
9277145,Simbach a.Inn,Mittelzentrum,10416,1,5,493,220.07,14.16,44,772
9278118,Bogen,Mittelzentrum,10278,0,0,0,206.63,18.88,40,570
9278148,Mallersdorf-Pfaffenberg,Mittelzentrum,7064,0,0,0,97.35,10.82,34,390
9279122,Landau a.d.Isar,Mittelzentrum,14121,1,1,150,167.31,14.42,43,879
9371151,Sulzbach-Rosenberg,Mittelzentrum,19401,1,3,267,365.23,22.36,84,3900
9372126,Furth im Wald,Mittelzentrum,9032,0,0,0,134.69,15.12,33,372
9372137,Bad Kötzting,Mittelzentrum,7466,0,0,0,120.13,11.75,35,470
9372153,Roding,Mittelzentrum,12972,0,0,0,108.45,11.5,46,630
9372171,Waldmünchen,Mittelzentrum,6700,0,0,0,66.23,9.14,34,456
9373112,Berching,Mittelzentrum,9044,1,1,95,68.94,9.25,57,607
9373126,Freystadt,Mittelzentrum,9265,1,1,100,115.01,11.82,38,243
9373143,Lupburg,Mittelzentrum,2554,0,0,0,83.17,11.56,23,133
9373151,Parsberg,Mittelzentrum,7581,0,0,0,132.26,13.08,47,353
9374117,Eschenbach i.d.OPf.,Mittelzentrum,4399,0,0,0,125.22,13.89,11,248
9374124,Grafenwöhr,Mittelzentrum,6567,0,0,0,30.37,7.16,15,297
9374139,Neustadt a.d.Waldnaab,Mittelzentrum,6001,0,0,0,604.33,29.91,13,541
9374149,Pressath,Mittelzentrum,4289,0,0,0,64.65,9.21,7,151
9374162,Vohenstrauß,Mittelzentrum,7590,0,0,0,101.32,11.84,37,695
9374168,Windischeschenbach,Mittelzentrum,4953,0,0,0,136.18,14.63,14,174
9375174,Neutraubling,Mittelzentrum,14295,0,0,0,1466.15,55.59,24,1985
9375190,Regenstauf,Mittelzentrum,16543,0,0,0,159.44,11.52,82,2654
9376119,Burglengenfeld,Mittelzentrum,14484,1,2,0,155.31,10.2,92,1183
9376141,Maxhütte-Haidhof,Mittelzentrum,12225,1,3,268,352.41,23.64,24,872
9376144,Nabburg,Mittelzentrum,6281,0,0,0,100.72,12.52,43,343
9376147,Neunburg vorm Wald,Mittelzentrum,8413,0,0,0,76.38,10.5,40,346
9376149,Nittenau,Mittelzentrum,9449,1,3,295,95.71,9.95,42,626
9376150,Wernberg-Köblitz,Mittelzentrum,5647,0,0,0,85.48,11.93,34,285
9376151,Oberviechtach,Mittelzentrum,4994,1,2,200,80.01,11.39,34,457
9376153,Pfreimd,Mittelzentrum,5286,0,0,0,102.68,12.84,17,135
9376161,Schwandorf,Mittelzentrum,29990,1,2,183,242.25,17.19,109,2470
9376170,Teublitz,Mittelzentrum,7820,0,0,0,204.55,14.54,27,403
9377116,Erbendorf,Mittelzentrum,5098,0,0,0,75.46,8.11,16,174
9377129,Kemnath,Mittelzentrum,5622,0,0,0,99,11.15,22,279
9377141,Mitterteich,Mittelzentrum,6599,1,1,160,167.57,14.65,8,242
9377154,Tirschenreuth,Mittelzentrum,8655,1,7,736,83.26,8.06,32,697
9377159,Wiesau,Mittelzentrum,4024,0,0,0,94.22,11.1,14,366
9471120,Burgebrach,Mittelzentrum,7130,0,0,0,81.17,7.6,28,356
9471185,Scheßlitz,Mittelzentrum,7343,0,0,0,77.4,9.11,26,180
9472116,Bad Berneck i.Fichtelgebirge,Mittelzentrum,4510,0,0,0,117.88,11.5,15,327
9472139,Gefrees,Mittelzentrum,4264,0,0,0,84.74,11.07,21,166
9472154,Hollfeld,Mittelzentrum,4947,1,1,170,61.33,7.48,21,280
9472175,Pegnitz,Mittelzentrum,13561,1,1,197,135.64,12.82,71,1236
9473151,Neustadt b.Coburg,Mittelzentrum,15064,0,0,0,243.4,17.06,69,923
9473159,Rödental,Mittelzentrum,13033,1,1,0,260.82,18.37,30,269
9474121,Ebermannstadt,Mittelzentrum,7000,0,0,0,140.14,13.25,22,502
9475136,Helmbrechts,Mittelzentrum,8390,0,0,0,142.88,13.93,26,408
9475154,Münchberg,Mittelzentrum,10179,0,0,0,147.99,14.67,29,426
9475156,Naila,Mittelzentrum,7711,0,0,0,208.18,17.01,27,592
9475162,Rehau,Mittelzentrum,9369,0,0,0,116.63,11.03,24,208
9476145,Kronach,Mittelzentrum,16906,1,3,400,252.4,17.9,7,119
9476152,Ludwigsstadt,Mittelzentrum,3322,0,0,0,56.55,7.54,1,35
9477121,Himmelkron,Mittelzentrum,3461,0,0,0,150.09,16.96,8,34
9478111,Altenkunstadt,Mittelzentrum,5614,0,0,0,170.64,12.04,13,205
9478116,Burgkunstadt,Mittelzentrum,6470,0,0,0,159.36,13.57,22,430
9478139,Lichtenfels,Mittelzentrum,20217,0,0,0,165.5,13.64,46,1208
9478165,Bad Staffelstein,Mittelzentrum,10683,0,0,0,107.36,11.06,44,954
9478176,Weismain,Mittelzentrum,4774,0,0,0,52.96,7.75,32,307
9571136,Dinkelsbühl,Mittelzentrum,12267,0,0,0,163.21,15.05,38,1110
9571145,Feuchtwangen,Mittelzentrum,12683,0,0,0,92.43,11.57,105,1090
9571165,Heilsbronn,Mittelzentrum,9875,0,0,0,158.69,14.25,21,422
9571180,Neuendettelsau,Mittelzentrum,8139,0,0,0,240.73,14.94,8,175
9571193,Rothenburg ob der Tauber,Mittelzentrum,11347,1,1,170,272.31,16.34,46,860
9571226,Windsbach,Mittelzentrum,6225,0,0,0,91.38,9.29,30,306
9572132,Herzogenaurach,Mittelzentrum,24404,0,0,0,512.47,24,81,7826
9572135,Höchstadt a.d.Aisch,Mittelzentrum,13931,1,1,0,196.57,13.88,41,2127
9573122,Oberasbach,Mittelzentrum,17810,0,0,0,1474.34,40.73,24,2850
9573127,Stein,Mittelzentrum,14556,0,0,0,746.08,22.09,28,3307
9573134,Zirndorf,Mittelzentrum,26234,0,0,0,911.22,28.79,44,4828
9574112,Altdorf b.Nürnberg,Mittelzentrum,15700,0,0,0,323.11,20.05,41,1250
9574123,Feucht,Mittelzentrum,14169,0,0,0,1444.34,46.18,10,568
9574132,Hersbruck,Mittelzentrum,12681,1,1,80,553.76,25.72,53,2571
9574138,Lauf a.d.Pegnitz,Mittelzentrum,26420,0,0,0,441.36,19.73,81,4596
9574157,Schwarzenbruck,Mittelzentrum,8600,0,0,0,386.52,18.29,15,616
9575112,Bad Windsheim,Mittelzentrum,12643,1,1,115,161.59,13.38,17,205
9575153,Neustadt a.d.Aisch,Mittelzentrum,13419,1,2,214,219.23,15.44,32,859
9575168,Uffenheim,Mittelzentrum,6739,0,0,0,113.32,12.53,19,253
9576127,Hilpoltstein,Mittelzentrum,13868,0,0,0,154.57,13.99,39,487
9576143,Roth,Mittelzentrum,25367,1,2,230,263.33,17.51,78,4715
9576151,Wendelstein,Mittelzentrum,16089,0,0,0,316.21,16.47,40,3110
9577136,Gunzenhausen,Mittelzentrum,17239,1,6,851,208.4,16.39,73,2060
9577173,Treuchtlingen,Mittelzentrum,13112,1,1,162,126.83,11.61,41,810
9577177,Weißenburg i.Bay.,Mittelzentrum,18854,1,3,203,193.22,13.48,58,1005
9671111,Alzenau,Mittelzentrum,18829,0,0,0,317.52,19.06,40,1598
9671121,Goldbach,Mittelzentrum,10250,0,0,0,935.22,31.3,20,1374
9671130,Hösbach,Mittelzentrum,13354,0,0,0,436.69,22.83,34,2002
9671143,Mömbris,Mittelzentrum,11594,0,0,0,323.31,18.52,31,1187
9672113,Bad Brückenau,Mittelzentrum,6695,1,1,188,282.37,17,26,633
9672127,Hammelburg,Mittelzentrum,10883,1,1,0,84.44,11.31,29,481
9673141,Bad Königshofen i.Grabfeld,Mittelzentrum,6113,1,3,403,87.94,10.83,31,258
9673142,Mellrichstadt,Mittelzentrum,5622,0,0,0,100.41,15.25,7,208
9674130,Ebern,Mittelzentrum,7304,0,0,0,76.88,9.13,25,178
9674147,Haßfurt,Mittelzentrum,13818,0,0,0,262.4,18.33,24,751
9675141,Kitzingen,Mittelzentrum,22945,0,0,0,488.3,29.84,30,982
9675174,Volkach,Mittelzentrum,8843,0,0,0,146.92,13.57,18,454
9676121,Elsenfeld,Mittelzentrum,9275,0,0,0,380.43,18.87,21,1031
9676122,Erlenbach a.Main,Mittelzentrum,10326,1,1,170,633.11,25.87,22,942
9676134,Klingenberg a.Main,Mittelzentrum,6270,0,0,0,296.73,16.09,20,582
9676139,Miltenberg,Mittelzentrum,9566,1,3,430,158.77,10.82,39,1305
9676145,Obernburg a.Main,Mittelzentrum,8801,0,0,0,354.59,15.75,18,713
9676169,Wörth a.Main,Mittelzentrum,4779,0,0,0,300.94,16.56,9,216
9677131,Gemünden a.Main,Mittelzentrum,10041,0,0,0,133.77,12.12,53,1342
9677148,Karlstadt,Mittelzentrum,14995,1,1,191,152.78,13.26,36,1062
9677155,Lohr a.Main,Mittelzentrum,15168,1,1,0,167.75,11.1,82,3372
9677157,Marktheidenfeld,Mittelzentrum,11388,1,4,425,318.99,24.87,56,1743
9678134,Gerolzhofen,Mittelzentrum,6860,0,0,0,373.03,22.68,6,115
9679170,Ochsenfurt,Mittelzentrum,11346,1,1,188,178.48,13.17,25,819
9771113,Aichach,Mittelzentrum,21908,1,7,819,236,15.42,51,2005
9771130,Friedberg,Mittelzentrum,30407,0,0,0,374.24,19.29,67,5009
9772131,Dinkelscherben,Mittelzentrum,6657,0,0,0,98.39,10.61,18,249
9772147,Gersthofen,Mittelzentrum,23274,0,0,0,684.33,33.25,49,4454
9772163,Königsbrunn,Mittelzentrum,28231,1,6,692,1534.29,50.11,30,2510
9772171,Langweid a.Lech,Mittelzentrum,8757,0,0,0,371.85,19.7,17,1182
9772177,Meitingen,Mittelzentrum,12133,0,0,0,406.19,24.64,22,722
9772200,Schwabmünchen,Mittelzentrum,14819,0,0,0,267.01,15.44,21,1077
9772223,Zusmarshausen,Mittelzentrum,6572,0,0,0,95.8,11.27,16,575
9773182,Wertingen,Mittelzentrum,9470,1,1,250,182.54,16.33,19,916
9774121,Burgau,Mittelzentrum,10509,0,0,0,405.44,26.31,13,382
9774143,Ichenhausen,Mittelzentrum,9372,0,0,0,273.48,16.75,14,303
9774150,Krumbach (Schwaben),Mittelzentrum,13807,2,3,229,309.3,18.66,16,419
9775129,Illertissen,Mittelzentrum,18368,0,0,0,504.75,27.7,25,884
9775152,Senden,Mittelzentrum,22896,0,0,0,908.21,33.56,37,2088
9775162,Vöhringen,Mittelzentrum,13933,0,0,0,588.14,28.79,30,1423
9775164,Weißenhorn,Mittelzentrum,13913,0,0,0,258.99,16.98,43,2487
9776117,Lindenberg i.Allgäu,Mittelzentrum,11739,1,1,153,991.47,30.83,24,1212
9777121,Buchloe,Mittelzentrum,13904,0,0,0,384.3,20.84,13,557
9777129,Füssen,Mittelzentrum,15985,1,4,614,367.47,19.59,45,926
9777151,Marktoberdorf,Mittelzentrum,18809,1,1,200,197.68,12.4,49,871
9778116,Bad Wörishofen,Mittelzentrum,17180,1,1,223,297.28,16.23,65,1363
9778173,Mindelheim,Mittelzentrum,15654,1,1,240,277.45,17.83,28,593
9779201,Rain,Mittelzentrum,9238,0,0,0,119.77,13.08,25,217
9780133,Oberstdorf,Mittelzentrum,9753,2,3,388,42.42,2.91,40,2016
10041519,Völklingen,Mittelzentrum,40192,0,0,0,598.99,29.4,104,6960
10042113,Merzig,Mittelzentrum,30051,2,4,601,275.75,18.96,111,4817
10042116,Wadern,Mittelzentrum,15885,1,1,127,142.93,12.88,77,2511
10043114,Neunkirchen,Mittelzentrum,46882,1,4,419,622.93,31.84,151,14386
10044111,Dillingen,Mittelzentrum,19989,1,2,345,906.53,46.08,60,3523
10044112,Lebach,Mittelzentrum,19095,1,2,280,297.38,18.64,58,2911
10044115,Saarlouis,Mittelzentrum,34717,1,6,796,801.78,47.14,112,9019
10045112,Blieskastel,Mittelzentrum,20240,0,0,0,187.04,12.22,90,5025
10045114,Homburg,Mittelzentrum,42297,1,4,496,512.01,28.82,142,11285
10045117,St. Ingbert,Mittelzentrum,35216,2,3,359,705.03,33.47,149,7973
10046117,St. Wendel,Mittelzentrum,25583,1,2,302,225.34,18.83,93,4733
12060020,Bernau bei Berlin,Mittelzentrum,43685,1,3,355,419.28,20.25,79,6050
12060052,Eberswalde,Mittelzentrum,41461,1,4,685,442.86,23.37,79,9842
12061260,Königs Wusterhausen,Mittelzentrum,38929,1,1,150,405.34,26.35,83,4403
12061316,Lübben (Spreewald),Mittelzentrum,13966,1,1,0,115.56,9.98,44,2712
12061320,Luckau,Mittelzentrum,9501,0,0,0,45.8,7.7,55,2181
12061433,Schönefeld,Mittelzentrum,19174,0,0,0,234.92,34.93,59,5159
12061540,Wildau,Mittelzentrum,10984,1,10,2182,1205.71,55.87,23,1872
12062024,Bad Liebenwerda,Mittelzentrum,9284,0,0,0,66.85,9.32,36,1219
12062124,Elsterwerda,Mittelzentrum,7792,0,0,0,192.02,18.43,38,1029
12062140,Finsterwalde,Mittelzentrum,15968,1,2,503,205.99,17.25,38,1399
12062224,Herzberg (Elster),Mittelzentrum,8731,0,0,0,58.59,8.41,33,1224
12063080,Falkensee,Mittelzentrum,44806,1,1,189,1033.83,49.33,84,6196
12063208,Nauen,Mittelzentrum,19352,0,0,0,72.17,9.6,72,3199
12063252,Rathenow,Mittelzentrum,24597,2,5,638,217.48,16.87,70,3398
12064044,Bad Freienwalde (Oder),Mittelzentrum,12360,0,0,0,94.27,10.91,56,2233
12064227,Hoppegarten,Mittelzentrum,18469,0,0,0,577.52,39.49,38,3309
12064336,Neuenhagen bei Berlin,Mittelzentrum,19077,0,0,0,972.82,60.33,28,2278
12064448,Seelow,Mittelzentrum,5628,0,0,0,131.71,16.36,15,654
12064472,Strausberg,Mittelzentrum,27344,0,0,0,402.41,22.3,31,2301
12065100,Gransee,Mittelzentrum,6046,0,0,0,49.69,7.07,36,1368
12065136,Hennigsdorf,Mittelzentrum,26728,0,0,0,849.05,32.34,37,3238
12065256,Oranienburg,Mittelzentrum,47752,1,4,629,291.72,21.29,84,3819
12065356,Zehdenick,Mittelzentrum,13283,0,0,0,59.55,7.7,63,2099
12066112,Großräschen,Mittelzentrum,8445,0,0,0,103.16,14.49,25,578
12066176,Lauchhammer,Mittelzentrum,14143,0,0,0,158.38,18.52,42,1760
12066196,Lübbenau/Spreewald,Mittelzentrum,15726,0,0,0,112.72,11.9,49,1162
12066296,Schwarzheide,Mittelzentrum,5681,1,5,675,169.89,25.18,11,757
12066304,Senftenberg,Mittelzentrum,23405,1,1,153,183.48,16.59,48,1914
12067036,Beeskow,Mittelzentrum,8210,1,2,163,105.39,14.3,23,858
12067120,Eisenhüttenstadt,Mittelzentrum,24125,0,0,0,380.04,38.06,65,3027
12067124,Erkner,Mittelzentrum,11970,1,2,180,724.14,32.37,25,1824
12067144,Fürstenwalde/Spree,Mittelzentrum,32646,1,1,150,461.88,28.06,69,4981
12068264,Kyritz,Mittelzentrum,9152,0,0,0,58.15,8.38,55,2260
12068320,Neuruppin,Mittelzentrum,31422,1,4,438,102.96,8.56,98,5760
12068468,Wittstock/Dosse,Mittelzentrum,14104,1,2,225,33.56,6.72,91,2083
12069017,Beelitz,Mittelzentrum,13219,0,0,0,72.91,9.24,53,2377
12069020,Bad Belzig,Mittelzentrum,11172,0,0,0,47.32,6.73,53,3272
12069616,Teltow,Mittelzentrum,27697,0,0,0,1282.27,46.16,44,7164
12069656,Werder (Havel),Mittelzentrum,27039,1,1,358,230.87,15.78,85,5827
12070296,Perleberg,Mittelzentrum,12108,1,2,210,87.3,11.3,45,2102
12070316,Pritzwalk,Mittelzentrum,11777,1,2,402,70.39,10.97,64,1519
12070424,Wittenberge,Mittelzentrum,16837,1,4,368,332.55,25.12,44,1709
12071076,Forst (Lausitz),Mittelzentrum,17855,0,0,0,161.31,14.64,60,1497
12071160,Guben,Mittelzentrum,16363,1,1,0,371.97,27.07,44,1945
12071372,Spremberg,Mittelzentrum,21585,1,4,464,106.69,13.51,85,2800
12072017,Blankenfelde-Mahlow,Mittelzentrum,29159,0,0,0,528.53,34.35,52,2803
12072169,Jüterbog,Mittelzentrum,12612,0,0,0,71.46,8.65,47,2153
12072232,Luckenwalde,Mittelzentrum,20839,0,0,0,447.09,25.45,59,2247
12072240,Ludwigsfelde,Mittelzentrum,28424,0,0,0,258.45,18.37,75,3924
12072477,Zossen,Mittelzentrum,21433,0,0,0,118.81,18.3,60,2129
12073008,Angermünde,Mittelzentrum,13692,0,0,0,42.23,6.53,120,2995
12073452,Prenzlau,Mittelzentrum,18909,1,3,395,132.26,11.54,78,4250
12073532,Schwedt/Oder,Mittelzentrum,33495,1,4,693,92.85,11.41,148,8013
12073572,Templin,Mittelzentrum,15599,1,1,270,41.09,6.41,113,3552
13071029,Demmin,Mittelzentrum,10395,1,2,210,126.68,12.33,46,1401
13071110,Neustrelitz,Mittelzentrum,20340,2,5,772,145.4,10.92,59,1948
13071156,Waren (Müritz),Mittelzentrum,21267,1,3,466,133.37,8.43,73,2278
13072006,Bad Doberan,Mittelzentrum,12954,1,1,230,394.34,22.68,37,1409
13072043,Güstrow,Mittelzentrum,29556,1,4,619,415.75,24.42,67,4375
13072106,Teterow,Mittelzentrum,8434,0,0,0,179.18,15.87,20,616
13073010,Bergen auf Rügen,Mittelzentrum,13689,1,6,558,265.86,13.96,40,1601
13073035,Grimmen,Mittelzentrum,9586,0,0,0,189.78,16.95,25,524
13073075,Ribnitz-Damgarten,Mittelzentrum,15721,0,0,0,127.99,13.43,50,1642
13074026,Grevesmühlen,Mittelzentrum,10538,0,0,0,201.18,14.78,52,1159
13074087,Wismar,Mittelzentrum,43878,2,5,660,1051.47,50.37,74,7177
13075005,Anklam,Mittelzentrum,12312,1,3,266,217.22,19.71,24,443
13075105,Pasewalk,Mittelzentrum,9811,0,0,0,177.7,17.64,30,787
13075136,Ueckermünde,Mittelzentrum,8598,1,2,255,100.13,8.89,29,763
13075144,Wolgast,Mittelzentrum,12055,0,0,0,195.29,14.43,30,995
13076060,Hagenow,Mittelzentrum,12399,0,0,0,183.58,14.72,36,1574
13076090,Ludwigslust,Mittelzentrum,12270,1,1,104,156.03,16.93,38,1342
13076108,Parchim,Mittelzentrum,18278,1,3,474,146.45,14.63,52,1374
14521020,Annaberg-Buchholz,Mittelzentrum,19382,1,3,286,688.53,29.59,71,4131
14521035,Aue-Bad Schlema,Mittelzentrum,19864,1,4,379,545.26,38.32,72,3531
14521355,Lauter-Bernsbach,Mittelzentrum,8410,0,0,0,277.74,14.04,16,523
14521370,Lößnitz,Mittelzentrum,7871,0,0,0,258.15,13.35,39,1280
14521390,Marienberg,Mittelzentrum,16603,1,2,211,124.38,10.14,73,2212
14521530,Schneeberg,Mittelzentrum,13994,1,2,185,599.31,25.91,23,979
14521550,Schwarzenberg/Erzgeb.,Mittelzentrum,15936,1,3,360,344.12,18.83,42,1950
14521590,Stollberg/Erzgeb.,Mittelzentrum,11139,0,0,0,285.69,16.47,45,1442
14522080,Döbeln,Mittelzentrum,23763,1,4,625,259,15.98,95,3605
14522180,Freiberg,Mittelzentrum,40485,1,5,895,838.03,30.74,95,7142
14522360,Mittweida,Mittelzentrum,14332,0,0,0,347.36,18.37,51,2546
14523020,Auerbach/Vogtl.,Mittelzentrum,17759,1,3,420,319.87,17.78,64,3359
14523090,Ellefeld,Mittelzentrum,2531,0,0,0,556.26,32.31,7,335
14523120,Falkenstein/Vogtl.,Mittelzentrum,7692,0,0,0,247.65,15.23,30,985
14523300,Oelsnitz/Vogtl.,Mittelzentrum,9951,0,0,0,185.45,15.99,33,1346
14523340,Reichenbach im Vogtland,Mittelzentrum,20371,1,1,0,590.98,27.94,57,3633
14523360,Rodewisch,Mittelzentrum,6451,0,0,0,239.99,18.12,31,912
14524030,Crimmitschau,Mittelzentrum,18567,1,3,473,303.63,17.48,56,1340
14524080,Glauchau,Mittelzentrum,21951,1,1,45,425.24,25.59,68,2432
14524120,Hohenstein-Ernstthal,Mittelzentrum,14092,1,1,240,758.45,33.42,52,2201
14524160,Lichtenstein/Sa.,Mittelzentrum,10946,1,1,95,707.56,25.02,26,1146
14524180,Limbach-Oberfrohna,Mittelzentrum,23833,1,3,312,474.67,23.42,91,3679
14524230,Oberlungwitz,Mittelzentrum,5827,0,0,0,396.93,22.68,17,1076
14524300,Werdau,Mittelzentrum,20702,0,0,0,315.48,17.8,65,2594
14625250,Kamenz,Mittelzentrum,17015,0,0,0,173.09,13.8,70,3679
14625480,Radeberg,Mittelzentrum,18980,1,1,50,636.27,27.86,41,3459
14626290,Löbau,Mittelzentrum,14352,0,0,0,181.9,16.26,65,2356
14626370,Niesky,Mittelzentrum,9249,0,0,0,171.85,17.09,19,675
14626600,Weißwasser,Mittelzentrum,15136,0,0,0,238.63,17.88,29,1143
14626610,Zittau,Mittelzentrum,24794,3,6,895,371.45,25.02,86,4424
14627010,Coswig,Mittelzentrum,20512,0,0,0,792.58,32.42,41,3206
14627060,Großenhain,Mittelzentrum,18102,1,2,184,138.86,11.48,72,3469
14627140,Meißen,Mittelzentrum,29011,1,4,639,938.26,34.35,97,9485
14627210,Radebeul,Mittelzentrum,34096,1,1,16,1304.36,48.09,64,6274
14627230,Riesa,Mittelzentrum,29076,1,5,749,493.57,28.5,72,6399
14628060,Dippoldiswalde,Mittelzentrum,14161,0,0,0,136.18,9.65,72,3154
14628110,Freital,Mittelzentrum,39558,0,0,0,977.71,30.18,84,9773
14628270,Pirna,Mittelzentrum,39054,1,4,549,736.03,29.27,82,7037
14729050,Borna,Mittelzentrum,19470,0,0,0,311.77,21.84,46,2733
14729160,Grimma,Mittelzentrum,28205,1,2,176,129.24,12.45,131,6173
14729260,Markkleeberg,Mittelzentrum,24523,1,1,0,779.25,33.62,43,4986
14729410,Wurzen,Mittelzentrum,16614,0,0,0,240.78,15.26,51,1833
14730070,Delitzsch,Mittelzentrum,25244,0,0,0,293.81,21.24,64,3067
14730110,Eilenburg,Mittelzentrum,16031,0,0,0,342.18,26.19,41,2635
14730230,Oschatz,Mittelzentrum,14195,0,0,0,256.04,21.57,51,2732
14730270,Schkeuditz,Mittelzentrum,19189,0,0,0,235.53,36.01,50,2789
14730310,Torgau,Mittelzentrum,19802,1,1,88,192.59,15.59,53,2764
15081455,Salzwedel,Mittelzentrum,23543,1,6,764,77.3,10.22,96,2135
15082015,Bitterfeld-Wolfen,Mittelzentrum,37894,0,0,0,435.41,36.9,104,6268
15082180,Köthen (Anhalt),Mittelzentrum,25116,1,3,444,324.33,23.33,60,3197
15082430,Zerbst/Anhalt,Mittelzentrum,21519,0,0,0,45.89,7.98,112,2190
15083270,Haldensleben,Mittelzentrum,19267,0,0,0,123.26,12.65,40,2141
15083415,Oschersleben (Bode),Mittelzentrum,19704,0,0,0,104.29,10.52,53,1838
15084355,Naumburg (Saale),Mittelzentrum,32289,1,5,785,248.57,16.84,104,7947
15084550,Weißenfels,Mittelzentrum,39041,0,0,0,343.76,24.12,88,3951
15084590,Zeitz,Mittelzentrum,27976,1,4,735,320.97,21.32,77,3374
15085135,Halberstadt,Mittelzentrum,40457,1,7,1600,282.98,17.42,98,6753
15085235,Quedlinburg,Mittelzentrum,23313,1,1,47,193.42,15.66,59,2763
15085370,Wernigerode,Mittelzentrum,32024,1,2,280,188.16,11.99,96,7683
15086015,Burg,Mittelzentrum,22689,1,1,153,138.13,13.56,84,2750
15087130,Eisleben,Mittelzentrum,22639,0,0,0,157.28,15.32,74,4128
15087370,Sangerhausen,Mittelzentrum,25441,1,3,306,122.48,11.54,91,4120
15088220,Merseburg,Mittelzentrum,34335,1,4,485,638.79,33.13,66,5477
15089015,Aschersleben,Mittelzentrum,26604,1,5,634,170.15,14.32,60,2391
15089030,Bernburg (Saale),Mittelzentrum,32261,1,2,385,284.11,20.52,80,3159
15089305,Schönebeck (Elbe),Mittelzentrum,30389,0,0,0,353.03,24.7,71,2346
15089310,Staßfurt,Mittelzentrum,24293,0,0,0,165.63,16.78,57,2239
15090535,Stendal,Mittelzentrum,39105,1,4,413,145.75,13.72,97,3980
15091375,Wittenberg,Mittelzentrum,45535,1,4,580,189.18,15.44,144,5823
16054000,Suhl,Mittelzentrum,37009,1,7,1136,261.33,19.27,107,7655
16055000,Weimar,Mittelzentrum,65620,4,12,1710,776.84,34.04,142,13177
16061045,Heilbad Heiligenstadt,Mittelzentrum,17233,0,0,0,243.16,15.76,53,2590
16061115,Leinefelde-Worbis,Mittelzentrum,20119,0,0,0,173.75,14.47,58,2010
16062041,Nordhausen,Mittelzentrum,41339,1,4,573,381.92,24.5,117,8844
16063003,Bad Salzungen,Mittelzentrum,23013,1,5,826,151.38,12.56,81,2937
16063105,Eisenach,Mittelzentrum,42408,1,5,653,407.1,21.37,105,6889
16064003,Bad Langensalza,Mittelzentrum,17349,1,1,177,134.1,11.46,43,1916
16064046,Mühlhausen/Thüringen,Mittelzentrum,36226,1,4,568,277.15,18.14,81,5078
16065067,Sondershausen,Mittelzentrum,21317,1,3,474,105.94,11.7,65,2746
16065086,Artern,Mittelzentrum,6635,0,0,0,147.28,16.09,12,881
16066042,Meiningen,Mittelzentrum,24745,1,6,661,234.24,15.69,85,3729
16066063,Schmalkalden,Mittelzentrum,20065,0,0,0,190.41,15.48,81,3317
16066092,Zella-Mehlis,Mittelzentrum,12514,0,0,0,236.16,19.7,40,2093
16067029,Gotha,Mittelzentrum,46019,2,9,1149,661.38,31.95,82,9666
16068051,Sömmerda,Mittelzentrum,19156,0,0,0,218.78,15.99,42,1281
16069024,Hildburghausen,Mittelzentrum,11689,0,0,0,160.36,12.92,34,713
16070004,Arnstadt,Mittelzentrum,28124,0,0,0,267.87,17.43,63,4040
16070029,Ilmenau,Mittelzentrum,39127,2,6,986,196.92,13.89,80,4586
16071001,Apolda,Mittelzentrum,23072,0,0,0,498.75,28.21,51,2049
16072011,Lauscha,Mittelzentrum,3188,0,0,0,170.3,13.73,18,385
16072013,Neuhaus am Rennweg,Mittelzentrum,8927,0,0,0,82.49,7.76,49,1404
16072018,Sonneberg,Mittelzentrum,23507,1,3,363,277.57,17.74,114,3494
16073005,Bad Blankenburg,Mittelzentrum,6029,0,0,0,169.26,15.05,19,770
16073076,Rudolstadt,Mittelzentrum,24749,2,7,841,183.08,14.47,72,4919
16073077,Saalfeld/Saale,Mittelzentrum,29224,1,4,443,200.77,14.21,112,5774
16074003,Bad Klosterlausnitz,Mittelzentrum,3389,1,1,158,204.28,15.55,4,129
16074018,Eisenberg,Mittelzentrum,10957,0,0,0,444.14,27.12,29,1136
16074041,Hermsdorf,Mittelzentrum,8227,0,0,0,1098.4,64.35,13,874
16074094,Stadtroda,Mittelzentrum,6695,0,0,0,276.88,22.29,15,804
16075062,Bad Lobenstein,Mittelzentrum,5733,1,2,144,117.19,10.43,29,601
16075085,Pößneck,Mittelzentrum,11752,0,0,0,481.05,31.19,57,2825
16075098,Schleiz,Mittelzentrum,8866,1,1,90,81.93,9.2,60,1136
16076022,Greiz,Mittelzentrum,20397,1,4,523,240.36,18.18,103,5057
16076087,Zeulenroda-Triebes,Mittelzentrum,16021,0,0,0,118.55,11.28,76,1887
16077001,Altenburg,Mittelzentrum,31315,1,5,534,685.38,31.34,63,5298
16077012,Gößnitz,Mittelzentrum,3433,0,0,0,243.99,22.17,12,259
16077043,Schmölln,Mittelzentrum,13684,0,0,0,144.76,13.49,75,2029
99999999,kein Mittelzentrum,Mittelzentrum,59046972,851,2634,461543,208.4,12.92,148081,10506071
